# Blender 4.4.0
# www.blender.org
mtllib Mirror.mtl
o Holz
v 0.870923 4.487189 -0.056336
v 0.615698 4.458542 -0.056336
v 0.783879 4.653494 -0.056336
v 0.790498 4.661673 -0.056336
v 0.800715 4.675397 -0.056336
v 0.813025 4.693750 -0.056336
v 0.825880 4.715636 -0.056336
v 0.837793 4.739836 -0.056336
v 0.847431 4.764991 -0.056336
v 0.853757 4.789655 -0.056336
v 0.856224 4.812521 -0.056336
v 0.854811 4.832969 -0.056336
v 0.849491 4.851760 -0.056336
v 0.838905 4.871101 -0.056336
v 0.824470 4.887585 -0.056336
v 0.809425 4.898547 -0.056336
v 0.792493 4.906095 -0.056336
v 0.772632 4.910862 -0.056336
v 0.750036 4.912750 -0.056336
v 0.725854 4.911799 -0.056336
v 0.701647 4.908449 -0.056336
v 0.679043 4.903478 -0.056336
v 0.659611 4.897877 -0.056336
v 0.644817 4.892758 -0.056336
v 0.635940 4.889250 -0.056336
v 0.421534 4.796092 -0.056336
v 0.501323 5.017507 -0.056336
v 0.505742 5.029769 -0.056336
v 0.512417 5.048293 -0.056336
v 0.520785 5.071513 -0.056336
v 0.530281 5.097864 -0.056336
v 0.540340 5.125780 -0.056336
v 0.543331 5.134081 -0.056336
v 0.509966 5.152268 -0.056336
v 0.443238 5.179286 -0.056336
v 0.369057 5.213981 -0.056336
v 0.289910 5.257094 -0.056336
v 0.208313 5.309423 -0.056336
v 0.126851 5.371825 -0.056336
v 0.048227 5.445194 -0.056336
v 0.000000 5.495187 -0.056336
v 1.034352 3.495992 -0.056336
v 1.034322 3.570039 -0.056336
v 1.034320 3.647118 -0.056336
v 1.034341 3.726435 -0.056336
v 1.034377 3.807241 -0.056336
v 1.034420 3.888788 -0.056336
v 1.034462 3.970326 -0.056336
v 1.034498 4.051106 -0.056336
v 1.034519 4.130378 -0.056336
v 1.034518 4.207390 -0.056336
v 1.034487 4.281390 -0.056336
v 1.034424 4.347519 -0.056336
v 1.030359 4.395700 -0.056336
v 1.021719 4.426067 -0.056336
v 1.010875 4.446060 -0.056336
v 0.998628 4.459865 -0.056336
v 0.984224 4.470368 -0.056336
v 0.967064 4.478535 -0.056336
v 0.947752 4.484340 -0.056336
v 0.927903 4.487756 -0.056336
v 0.909605 4.489109 -0.056336
v 0.895043 4.489061 -0.056336
v 0.886213 4.488485 -0.056336
v -0.870923 4.487189 -0.056336
v -0.615698 4.458542 -0.056336
v -0.783879 4.653494 -0.056336
v -0.790498 4.661673 -0.056336
v -0.800715 4.675397 -0.056336
v -0.813025 4.693750 -0.056336
v -0.825880 4.715636 -0.056336
v -0.837793 4.739836 -0.056336
v -0.847431 4.764991 -0.056336
v -0.853757 4.789655 -0.056336
v -0.856224 4.812521 -0.056336
v -0.854811 4.832969 -0.056336
v -0.849491 4.851760 -0.056336
v -0.838905 4.871101 -0.056336
v -0.824470 4.887585 -0.056336
v -0.809425 4.898547 -0.056336
v -0.792493 4.906095 -0.056336
v -0.772632 4.910862 -0.056336
v -0.750036 4.912750 -0.056336
v -0.725854 4.911799 -0.056336
v -0.701647 4.908449 -0.056336
v -0.679043 4.903478 -0.056336
v -0.659611 4.897877 -0.056336
v -0.644817 4.892758 -0.056336
v -0.635940 4.889250 -0.056336
v -0.421534 4.796092 -0.056336
v -0.501323 5.017507 -0.056336
v -0.505742 5.029769 -0.056336
v -0.512417 5.048293 -0.056336
v -0.520785 5.071513 -0.056336
v -0.530281 5.097864 -0.056336
v -0.540340 5.125780 -0.056336
v -0.543331 5.134081 -0.056336
v -0.509966 5.152268 -0.056336
v -0.443238 5.179286 -0.056336
v -0.369057 5.213981 -0.056336
v -0.289910 5.257094 -0.056336
v -0.208313 5.309423 -0.056336
v -0.126851 5.371825 -0.056336
v -0.048227 5.445194 -0.056336
v -1.034352 3.495992 -0.056336
v -1.034322 3.570039 -0.056336
v -1.034320 3.647118 -0.056336
v -1.034341 3.726435 -0.056336
v -1.034377 3.807241 -0.056336
v -1.034420 3.888788 -0.056336
v -1.034462 3.970326 -0.056336
v -1.034498 4.051106 -0.056336
v -1.034519 4.130378 -0.056336
v -1.034518 4.207390 -0.056336
v -1.034487 4.281390 -0.056336
v -1.034424 4.347519 -0.056336
v -1.030359 4.395700 -0.056336
v -1.021719 4.426067 -0.056336
v -1.010875 4.446060 -0.056336
v -0.998628 4.459865 -0.056336
v -0.984224 4.470368 -0.056336
v -0.967064 4.478535 -0.056336
v -0.947752 4.484340 -0.056336
v -0.927903 4.487756 -0.056336
v -0.909605 4.489109 -0.056336
v -0.895043 4.489061 -0.056336
v -0.886213 4.488485 -0.056336
v -1.034352 2.339808 -0.056336
v 0.870923 1.348611 -0.056336
v 0.615698 1.377258 -0.056336
v 0.783879 1.182307 -0.056336
v 0.790498 1.174128 -0.056336
v 0.800715 1.160403 -0.056336
v 0.813025 1.142050 -0.056336
v 0.825880 1.120164 -0.056336
v 0.837793 1.095964 -0.056336
v 0.847431 1.070809 -0.056336
v 0.853757 1.046145 -0.056336
v 0.856224 1.023280 -0.056336
v 0.854811 1.002832 -0.056336
v 0.849491 0.984040 -0.056336
v 0.838905 0.964699 -0.056336
v 0.824470 0.948215 -0.056336
v 0.809425 0.937253 -0.056336
v 0.792493 0.929705 -0.056336
v 0.772632 0.924938 -0.056336
v 0.750036 0.923050 -0.056336
v 0.725854 0.924001 -0.056336
v 0.701647 0.927351 -0.056336
v 0.679043 0.932323 -0.056336
v 0.659611 0.937923 -0.056336
v 0.644817 0.943042 -0.056336
v 0.635940 0.946550 -0.056336
v 0.421534 1.039708 -0.056336
v 0.501323 0.818293 -0.056336
v 0.505742 0.806031 -0.056336
v 0.512417 0.787508 -0.056336
v 0.520785 0.764287 -0.056336
v 0.530281 0.737937 -0.056336
v 0.540340 0.710020 -0.056336
v 0.543331 0.701719 -0.056336
v 0.509966 0.683532 -0.056336
v 0.443238 0.656515 -0.056336
v 0.369057 0.621819 -0.056336
v 0.289910 0.578706 -0.056336
v 0.208313 0.526377 -0.056336
v 0.126851 0.463975 -0.056336
v 0.048227 0.390606 -0.056336
v 0.000000 0.340614 -0.056336
v 1.034352 2.339808 -0.056336
v 1.034322 2.265761 -0.056336
v 1.034320 2.188682 -0.056336
v 1.034341 2.109365 -0.056336
v 1.034377 2.028559 -0.056336
v 1.034420 1.947012 -0.056336
v 1.034462 1.865474 -0.056336
v 1.034498 1.784694 -0.056336
v 1.034519 1.705422 -0.056336
v 1.034518 1.628410 -0.056336
v 1.034487 1.554410 -0.056336
v 1.034424 1.488281 -0.056336
v 1.030359 1.440099 -0.056336
v 1.021719 1.409733 -0.056336
v 1.010875 1.389740 -0.056336
v 0.998628 1.375936 -0.056336
v 0.984224 1.365432 -0.056336
v 0.967064 1.357265 -0.056336
v 0.947752 1.351460 -0.056336
v 0.927903 1.348044 -0.056336
v 0.909605 1.346691 -0.056336
v 0.895043 1.346739 -0.056336
v 0.886213 1.347315 -0.056336
v -0.870923 1.348611 -0.056336
v -0.615698 1.377258 -0.056336
v -0.783879 1.182307 -0.056336
v -0.790498 1.174128 -0.056336
v -0.800715 1.160403 -0.056336
v -0.813025 1.142050 -0.056336
v -0.825880 1.120164 -0.056336
v -0.837793 1.095964 -0.056336
v -0.847431 1.070809 -0.056336
v -0.853757 1.046145 -0.056336
v -0.856224 1.023280 -0.056336
v -0.854811 1.002832 -0.056336
v -0.849491 0.984040 -0.056336
v -0.838905 0.964699 -0.056336
v -0.824470 0.948215 -0.056336
v -0.809425 0.937253 -0.056336
v -0.792493 0.929705 -0.056336
v -0.772632 0.924938 -0.056336
v -0.750036 0.923050 -0.056336
v -0.725854 0.924001 -0.056336
v -0.701647 0.927351 -0.056336
v -0.679043 0.932323 -0.056336
v -0.659611 0.937923 -0.056336
v -0.644817 0.943042 -0.056336
v -0.635940 0.946550 -0.056336
v -0.421534 1.039708 -0.056336
v -0.501323 0.818293 -0.056336
v -0.505742 0.806031 -0.056336
v -0.512417 0.787508 -0.056336
v -0.520785 0.764287 -0.056336
v -0.530281 0.737937 -0.056336
v -0.540340 0.710020 -0.056336
v -0.543331 0.701719 -0.056336
v -0.509966 0.683532 -0.056336
v -0.443238 0.656515 -0.056336
v -0.369057 0.621819 -0.056336
v -0.289910 0.578706 -0.056336
v -0.208313 0.526377 -0.056336
v -0.126851 0.463975 -0.056336
v -0.048227 0.390606 -0.056336
v -1.034322 2.265761 -0.056336
v -1.034320 2.188682 -0.056336
v -1.034341 2.109365 -0.056336
v -1.034377 2.028559 -0.056336
v -1.034420 1.947012 -0.056336
v -1.034462 1.865474 -0.056336
v -1.034498 1.784694 -0.056336
v -1.034519 1.705422 -0.056336
v -1.034518 1.628410 -0.056336
v -1.034487 1.554410 -0.056336
v -1.034424 1.488281 -0.056336
v -1.030359 1.440099 -0.056336
v -1.021719 1.409733 -0.056336
v -1.010875 1.389740 -0.056336
v -0.998628 1.375936 -0.056336
v -0.984224 1.365432 -0.056336
v -0.967064 1.357265 -0.056336
v -0.947752 1.351460 -0.056336
v -0.927903 1.348044 -0.056336
v -0.909605 1.346691 -0.056336
v -0.895043 1.346739 -0.056336
v -0.886213 1.347315 -0.056336
v 0.870923 4.487189 0.130000
v 0.615698 4.458542 0.130000
v 0.886213 4.488485 0.130000
v 0.870923 4.487189 -0.056336
v 0.865794 4.545029 0.130000
v 0.862126 4.586390 0.088487
v 0.756380 4.532747 0.130000
v 0.881084 4.546325 0.130000
v 0.893056 4.547105 0.130000
v 0.877416 4.587686 0.088487
v 0.891635 4.588613 0.088487
v 0.877416 4.587686 -0.014823
v 0.891635 4.588613 -0.014823
v 0.881084 4.546325 -0.056336
v 0.862126 4.586390 -0.014823
v 0.865794 4.545029 -0.056336
v 0.856983 4.585813 -0.014823
v 0.756380 4.532747 -0.056336
v 0.860287 4.589643 -0.014823
v 0.856983 4.585813 0.088487
v 0.860287 4.589643 0.088487
v 0.828431 4.616263 0.130000
v 0.869159 4.600604 0.088487
v 0.836363 4.626065 0.130000
v 0.882039 4.617907 0.088487
v 0.869159 4.600604 -0.014823
v 0.836363 4.626065 -0.056336
v 0.882039 4.617907 -0.014823
v 0.848133 4.641877 -0.056336
v 0.897368 4.640760 -0.014823
v 0.862203 4.662853 -0.056336
v 0.913586 4.668373 -0.014823
v 0.897368 4.640760 0.088487
v 0.862203 4.662853 0.130000
v 0.913586 4.668373 0.088487
v 0.877018 4.688078 0.130000
v 0.929133 4.699954 0.088488
v 0.891051 4.716582 0.130000
v 0.942451 4.734712 0.088488
v 0.929133 4.699954 -0.014823
v 0.891051 4.716582 -0.056336
v 0.942451 4.734712 -0.014823
v 0.902834 4.747336 -0.056336
v 0.951978 4.771857 -0.014823
v 0.911028 4.779277 -0.056336
v 0.956156 4.810597 -0.014823
v 0.951978 4.771857 0.088488
v 0.911028 4.779277 0.130000
v 0.956156 4.810597 0.088488
v 0.914493 4.811399 0.130000
v 0.953425 4.850142 0.088488
v 0.912313 4.842982 0.130000
v 0.942226 4.889701 0.088488
v 0.953425 4.850142 -0.014823
v 0.912313 4.842982 -0.056336
v 0.942226 4.889701 -0.014823
v 0.903565 4.873883 -0.056336
v 0.920999 4.928482 -0.014823
v 0.886775 4.904561 -0.056336
v 0.892065 4.961521 -0.014823
v 0.920999 4.928482 0.088488
v 0.886775 4.904561 0.130000
v 0.892065 4.961521 0.088488
v 0.863888 4.930700 0.130000
v 0.859562 4.985205 0.088488
v 0.838664 4.949083 0.130000
v 0.824650 5.000768 0.088488
v 0.859562 4.985205 -0.014823
v 0.838664 4.949083 -0.056336
v 0.824650 5.000768 -0.014823
v 0.811247 4.961309 -0.056336
v 0.788487 5.009447 -0.014823
v 0.781880 4.968363 -0.056336
v 0.752235 5.012476 -0.014823
v 0.788487 5.009447 0.088488
v 0.781880 4.968363 0.130000
v 0.752235 5.012476 0.088488
v 0.751319 4.970923 0.130000
v 0.717053 5.011093 0.088488
v 0.720719 4.969730 0.130000
v 0.684100 5.006533 0.088488
v 0.717053 5.011093 -0.014823
v 0.720719 4.969730 -0.056336
v 0.684100 5.006533 -0.014823
v 0.691408 4.965685 -0.056336
v 0.654538 5.000031 -0.014823
v 0.664740 4.959836 -0.056336
v 0.629527 4.992822 -0.014823
v 0.654538 5.000031 0.088488
v 0.664740 4.959836 0.130000
v 0.629527 4.992822 0.088488
v 0.642044 4.953317 0.130000
v 0.610225 4.986144 0.088488
v 0.624608 4.947314 0.130000
v 0.597793 4.981230 0.088488
v 0.610225 4.986144 -0.014823
v 0.624608 4.947314 -0.056336
v 0.597793 4.981230 -0.014823
v 0.613640 4.943019 -0.056336
v 0.593391 4.979318 -0.014823
v 0.522086 4.903296 -0.056336
v 0.594990 4.983753 -0.014823
v 0.593391 4.979318 0.088488
v 0.522086 4.903296 0.130000
v 0.594990 4.983753 0.088488
v 0.556191 4.997734 0.130000
v 0.599409 4.996015 0.088488
v 0.560692 5.009967 0.130000
v 0.606084 5.014539 0.088488
v 0.599409 4.996015 -0.014823
v 0.560692 5.009967 -0.056336
v 0.606084 5.014539 -0.014823
v 0.567476 5.028451 -0.056336
v 0.614451 5.037759 -0.014823
v 0.575988 5.051620 -0.056336
v 0.623947 5.064110 -0.014823
v 0.614451 5.037759 0.088488
v 0.575988 5.051620 0.130000
v 0.623947 5.064110 0.088488
v 0.585676 5.077901 0.130000
v 0.634007 5.092026 0.088488
v 0.595991 5.105725 0.130000
v 0.674623 5.204734 0.088488
v 0.634007 5.092026 -0.014823
v 0.595991 5.105725 -0.056336
v 0.674623 5.204734 -0.014823
v 0.621809 5.176313 -0.056336
v 0.545227 5.245406 -0.014823
v 0.530112 5.205482 -0.056336
v 0.483039 5.270585 -0.014823
v 0.545227 5.245406 0.088488
v 0.530112 5.205482 0.130000
v 0.483039 5.270585 0.088488
v 0.466075 5.231670 0.130000
v 0.414003 5.302874 0.088488
v 0.394921 5.265134 0.130000
v 0.340662 5.342824 0.088488
v 0.414003 5.302874 -0.014823
v 0.394921 5.265134 -0.056336
v 0.340662 5.342824 -0.014823
v 0.319169 5.306519 -0.056336
v 0.265559 5.390989 -0.014823
v 0.241347 5.356491 -0.056336
v 0.191239 5.447920 -0.014823
v 0.265559 5.390989 0.088488
v 0.241347 5.356491 0.130000
v 0.191239 5.447920 0.088488
v 0.164010 5.415740 0.130000
v 0.120244 5.514170 0.088488
v 0.089759 5.484972 0.130000
v 0.055118 5.590292 0.088488
v 0.120244 5.514170 -0.014823
v 0.089759 5.484972 -0.056336
v 0.055118 5.590292 -0.014823
v 0.032670 5.551558 -0.056336
v 0.000000 5.675535 -0.014823
v 0.000000 5.601970 -0.056336
v -0.055118 5.590292 -0.014823
v 0.000000 5.675535 0.088488
v 0.000000 5.601970 0.130000
v -0.055118 5.590292 0.088488
v -0.120244 5.514170 0.088488
v -0.032670 5.551558 0.130000
v -0.089759 5.484972 0.130000
v 0.000000 5.495187 0.130000
v 0.048227 5.445194 0.130000
v -0.048227 5.445194 0.130000
v 0.000000 5.495187 -0.056336
v 0.032670 5.551558 0.130000
v 0.048227 5.445194 -0.056336
v -0.048227 5.445194 -0.056336
v -0.032670 5.551558 -0.056336
v -0.089759 5.484972 -0.056336
v -0.164010 5.415740 -0.056336
v -0.120244 5.514170 -0.014823
v -0.191239 5.447920 -0.014823
v -0.265559 5.390989 -0.014823
v -0.191239 5.447920 0.088488
v -0.265559 5.390989 0.088488
v -0.164010 5.415740 0.130000
v -0.241347 5.356491 0.130000
v -0.126851 5.371825 0.130000
v -0.208313 5.309423 0.130000
v -0.126851 5.371825 -0.056336
v -0.208313 5.309423 -0.056336
v -0.289910 5.257094 -0.056336
v -0.241347 5.356491 -0.056336
v -0.319169 5.306519 -0.056336
v -0.394921 5.265134 -0.056336
v -0.340662 5.342824 -0.014823
v -0.414003 5.302874 -0.014823
v -0.340662 5.342824 0.088488
v -0.414003 5.302874 0.088488
v -0.319169 5.306519 0.130000
v -0.394921 5.265134 0.130000
v -0.289910 5.257094 0.130000
v -0.369057 5.213981 0.130000
v -0.443238 5.179286 0.130000
v -0.369057 5.213981 -0.056336
v -0.443238 5.179286 -0.056336
v -0.509966 5.152268 -0.056336
v -0.466075 5.231670 -0.056336
v -0.530112 5.205482 -0.056336
v -0.483039 5.270585 -0.014823
v -0.545227 5.245406 -0.014823
v -0.483039 5.270585 0.088488
v -0.545227 5.245406 0.088488
v -0.466075 5.231670 0.130000
v -0.530112 5.205482 0.130000
v -0.621809 5.176313 0.130000
v -0.509966 5.152268 0.130000
v -0.543331 5.134081 0.130000
v -0.540340 5.125780 0.130000
v -0.543331 5.134081 -0.056336
v -0.540340 5.125780 -0.056336
v -0.621809 5.176313 -0.056336
v -0.674623 5.204734 -0.014823
v -0.595991 5.105725 -0.056336
v -0.585676 5.077901 -0.056336
v -0.634007 5.092026 -0.014823
v -0.623947 5.064110 -0.014823
v -0.634007 5.092026 0.088488
v -0.623947 5.064110 0.088488
v -0.595991 5.105725 0.130000
v -0.674623 5.204734 0.088488
v -0.585676 5.077901 0.130000
v -0.575988 5.051620 0.130000
v -0.530281 5.097864 0.130000
v -0.520785 5.071513 0.130000
v -0.530281 5.097864 -0.056336
v -0.520785 5.071513 -0.056336
v -0.512417 5.048293 -0.056336
v -0.575988 5.051620 -0.056336
v -0.567476 5.028451 -0.056336
v -0.614451 5.037759 -0.014823
v -0.606084 5.014539 -0.014823
v -0.614451 5.037759 0.088488
v -0.606084 5.014539 0.088488
v -0.599409 4.996015 0.088488
v -0.567476 5.028451 0.130000
v -0.560692 5.009967 0.130000
v -0.512417 5.048293 0.130000
v -0.505742 5.029769 0.130000
v -0.501323 5.017507 0.130000
v -0.505742 5.029769 -0.056336
v -0.501323 5.017507 -0.056336
v -0.560692 5.009967 -0.056336
v -0.556191 4.997734 -0.056336
v -0.599409 4.996015 -0.014823
v -0.594990 4.983753 -0.014823
v -0.593391 4.979318 -0.014823
v -0.594990 4.983753 0.088488
v -0.593391 4.979318 0.088488
v -0.556191 4.997734 0.130000
v -0.522086 4.903296 0.130000
v -0.613640 4.943019 0.130000
v -0.421534 4.796092 0.130000
v -0.635940 4.889250 0.130000
v -0.421534 4.796092 -0.056336
v -0.635940 4.889250 -0.056336
v -0.522086 4.903296 -0.056336
v -0.613640 4.943019 -0.056336
v -0.624608 4.947314 -0.056336
v -0.597793 4.981230 -0.014823
v -0.610225 4.986144 -0.014823
v -0.597793 4.981230 0.088488
v -0.610225 4.986144 0.088488
v -0.629527 4.992822 0.088488
v -0.624608 4.947314 0.130000
v -0.642044 4.953317 0.130000
v -0.644817 4.892758 0.130000
v -0.659611 4.897877 0.130000
v -0.644817 4.892758 -0.056336
v -0.659611 4.897877 -0.056336
v -0.679043 4.903478 -0.056336
v -0.642044 4.953317 -0.056336
v -0.664740 4.959836 -0.056336
v -0.629527 4.992822 -0.014823
v -0.654538 5.000031 -0.014823
v -0.684100 5.006533 -0.014823
v -0.654538 5.000031 0.088488
v -0.684100 5.006533 0.088488
v -0.664740 4.959836 0.130000
v -0.691408 4.965685 0.130000
v -0.679043 4.903478 0.130000
v -0.701647 4.908449 0.130000
v -0.725854 4.911799 0.130000
v -0.701647 4.908449 -0.056336
v -0.725854 4.911799 -0.056336
v -0.691408 4.965685 -0.056336
v -0.720719 4.969730 -0.056336
v -0.751319 4.970923 -0.056336
v -0.717053 5.011093 -0.014823
v -0.752235 5.012476 -0.014823
v -0.717053 5.011093 0.088488
v -0.752235 5.012476 0.088488
v -0.720719 4.969730 0.130000
v -0.751319 4.970923 0.130000
v -0.781880 4.968363 0.130000
v -0.750036 4.912750 0.130000
v -0.772632 4.910862 0.130000
v -0.750036 4.912750 -0.056336
v -0.772632 4.910862 -0.056336
v -0.792493 4.906095 -0.056336
v -0.781880 4.968363 -0.056336
v -0.811247 4.961309 -0.056336
v -0.788487 5.009447 -0.014823
v -0.824650 5.000768 -0.014823
v -0.788487 5.009447 0.088488
v -0.824650 5.000768 0.088488
v -0.859562 4.985205 0.088488
v -0.811247 4.961309 0.130000
v -0.838664 4.949083 0.130000
v -0.792493 4.906095 0.130000
v -0.809425 4.898547 0.130000
v -0.824470 4.887585 0.130000
v -0.809425 4.898547 -0.056336
v -0.824470 4.887585 -0.056336
v -0.838664 4.949083 -0.056336
v -0.863888 4.930700 -0.056336
v -0.859562 4.985205 -0.014823
v -0.892065 4.961521 -0.014823
v -0.920999 4.928482 -0.014823
v -0.892065 4.961521 0.088488
v -0.920999 4.928482 0.088488
v -0.863888 4.930700 0.130000
v -0.886775 4.904561 0.130000
v -0.903565 4.873883 0.130000
v -0.838905 4.871101 0.130000
v -0.849491 4.851760 0.130000
v -0.838905 4.871101 -0.056336
v -0.849491 4.851760 -0.056336
v -0.886775 4.904561 -0.056336
v -0.903565 4.873883 -0.056336
v -0.912313 4.842982 -0.056336
v -0.942226 4.889701 -0.014823
v -0.953425 4.850142 -0.014823
v -0.942226 4.889701 0.088488
v -0.953425 4.850142 0.088488
v -0.956156 4.810597 0.088488
v -0.912313 4.842982 0.130000
v -0.914493 4.811399 0.130000
v -0.854811 4.832969 0.130000
v -0.856224 4.812521 0.130000
v -0.854811 4.832969 -0.056336
v -0.856224 4.812521 -0.056336
v -0.853757 4.789655 -0.056336
v -0.914493 4.811399 -0.056336
v -0.911028 4.779277 -0.056336
v -0.956156 4.810597 -0.014823
v -0.951978 4.771857 -0.014823
v -0.942451 4.734712 -0.014823
v -0.951978 4.771857 0.088488
v -0.942451 4.734712 0.088488
v -0.911028 4.779277 0.130000
v -0.902834 4.747336 0.130000
v -0.853757 4.789655 0.130000
v -0.847431 4.764991 0.130000
v -0.837793 4.739836 0.130000
v -0.847431 4.764991 -0.056336
v -0.837793 4.739836 -0.056336
v -0.902834 4.747336 -0.056336
v -0.891051 4.716582 -0.056336
v -0.877018 4.688078 -0.056336
v -0.929133 4.699954 -0.014823
v -0.913586 4.668373 -0.014823
v -0.929133 4.699954 0.088488
v -0.913586 4.668373 0.088487
v -0.891051 4.716582 0.130000
v -0.877018 4.688078 0.130000
v -0.862203 4.662853 0.130000
v -0.825880 4.715636 0.130000
v -0.813025 4.693750 0.130000
v -0.825880 4.715636 -0.056336
v -0.813025 4.693750 -0.056336
v -0.800715 4.675397 -0.056336
v -0.862203 4.662853 -0.056336
v -0.848133 4.641877 -0.056336
v -0.897368 4.640760 -0.014823
v -0.882039 4.617907 -0.014823
v -0.897368 4.640760 0.088487
v -0.882039 4.617907 0.088487
v -0.869159 4.600604 0.088487
v -0.848133 4.641877 0.130000
v -0.836363 4.626065 0.130000
v -0.800715 4.675397 0.130000
v -0.790498 4.661673 0.130000
v -0.783879 4.653494 0.130000
v -0.790498 4.661673 -0.056336
v -0.783879 4.653494 -0.056336
v -0.836363 4.626065 -0.056336
v -0.828431 4.616263 -0.056336
v -0.869159 4.600604 -0.014823
v -0.860287 4.589643 -0.014823
v -0.856983 4.585813 -0.014823
v -0.860287 4.589643 0.088487
v -0.856983 4.585813 0.088487
v -0.828431 4.616263 0.130000
v -0.756380 4.532747 0.130000
v -0.865794 4.545029 0.130000
v -0.615698 4.458542 0.130000
v -0.870923 4.487189 0.130000
v -0.615698 4.458542 -0.056336
v -0.870923 4.487189 -0.056336
v -0.756380 4.532747 -0.056336
v -0.865794 4.545029 -0.056336
v -0.862126 4.586390 -0.014823
v -0.881084 4.546325 -0.056336
v -0.893056 4.547105 -0.056336
v -0.877416 4.587686 -0.014823
v -0.886213 4.488485 -0.056336
v -0.895043 4.489061 -0.056336
v -0.886213 4.488485 0.130000
v -0.895043 4.489061 0.130000
v -0.881084 4.546325 0.130000
v -0.877416 4.587686 0.088487
v -0.893056 4.547105 0.130000
v -0.891635 4.588613 0.088487
v -0.911652 4.547167 0.130000
v -0.913116 4.588684 0.088487
v -0.934983 4.545442 0.130000
v -0.909605 4.489109 0.130000
v -0.927903 4.487756 0.130000
v -0.909605 4.489109 -0.056336
v -0.927903 4.487756 -0.056336
v -0.911652 4.547167 -0.056336
v -0.934983 4.545442 -0.056336
v -0.913116 4.588684 -0.014823
v -0.940045 4.586693 -0.014823
v -0.891635 4.588613 -0.014823
v -0.970610 4.581433 -0.014823
v -0.940045 4.586693 0.088487
v -0.970610 4.581433 0.088487
v -1.002995 4.571698 0.088487
v -0.961079 4.540951 0.130000
v -0.988014 4.532854 0.130000
v -0.947752 4.484340 0.130000
v -0.967064 4.478535 0.130000
v -0.947752 4.484340 -0.056336
v -0.967064 4.478535 -0.056336
v -0.961079 4.540951 -0.056336
v -0.988014 4.532854 -0.056336
v -1.014056 4.520460 -0.056336
v -1.002995 4.571698 -0.014823
v -1.035388 4.556282 -0.014823
v -1.065975 4.533978 -0.014823
v -1.035388 4.556282 0.088487
v -1.065975 4.533978 0.088487
v -1.014056 4.520460 0.130000
v -1.037895 4.503077 0.130000
v -0.984224 4.470368 0.130000
v -0.998628 4.459865 0.130000
v -0.984224 4.470368 -0.056336
v -0.998628 4.459865 -0.056336
v -1.010875 4.446060 -0.056336
v -1.037895 4.503077 -0.056336
v -1.058724 4.479597 -0.056336
v -1.075800 4.448115 -0.056336
v -1.092942 4.503580 -0.014823
v -1.114474 4.463881 -0.014823
v -1.092942 4.503580 0.088487
v -1.114474 4.463881 0.088487
v -1.058724 4.479597 0.130000
v -1.075800 4.448115 0.130000
v -1.010875 4.446060 0.130000
v -1.021719 4.426067 0.130000
v -1.030359 4.395700 0.130000
v -1.021719 4.426067 -0.056336
v -1.030359 4.395700 -0.056336
v -1.034424 4.347519 -0.056336
v -1.087731 4.406181 -0.056336
v -1.092472 4.349991 -0.056336
v -1.128759 4.413676 -0.014823
v -1.133983 4.351759 -0.014823
v -1.128759 4.413676 0.088487
v -1.133983 4.351759 0.088487
v -1.087731 4.406181 0.130000
v -1.092472 4.349991 0.130000
v -1.092538 4.281430 0.130000
v -1.034424 4.347519 0.130000
v -1.034487 4.281390 0.130000
v -1.034518 4.207390 0.130000
v -1.034487 4.281390 -0.056336
v -1.034518 4.207390 -0.056336
v -1.092538 4.281430 -0.056336
v -1.092568 4.207402 -0.056336
v -1.134050 4.281459 -0.014823
v -1.134081 4.207411 -0.014823
v -1.134050 4.281459 0.088487
v -1.134081 4.207411 0.088487
v -1.134082 4.130366 0.088487
v -1.092568 4.207402 0.130000
v -1.092569 4.130371 0.130000
v -1.092548 4.051086 0.130000
v -1.034519 4.130378 0.130000
v -1.034498 4.051106 0.130000
v -1.034519 4.130378 -0.056336
v -1.034498 4.051106 -0.056336
v -1.092569 4.130371 -0.056336
v -1.092548 4.051086 -0.056336
v -1.134082 4.130366 -0.014823
v -1.134061 4.051072 -0.014823
v -1.134026 3.970278 -0.014823
v -1.134061 4.051072 0.088487
v -1.134026 3.970278 0.088487
v -1.133983 3.888736 0.088487
v -1.092513 3.970298 0.130000
v -1.092470 3.888757 0.130000
v -1.034462 3.970326 0.130000
v -1.034420 3.888788 0.130000
v -1.034462 3.970326 -0.056336
v -1.034420 3.888788 -0.056336
v -1.092513 3.970298 -0.056336
v -1.092470 3.888757 -0.056336
v -1.092427 3.807213 -0.056336
v -1.133983 3.888736 -0.014823
v -1.133940 3.807193 -0.014823
v -1.133904 3.726400 -0.014823
v -1.133940 3.807193 0.088487
v -1.133904 3.726400 0.088487
v -1.092427 3.807213 0.130000
v -1.092392 3.726414 0.130000
v -1.034377 3.807241 0.130000
v -1.034341 3.726435 0.130000
v -1.034377 3.807241 -0.056336
v -1.034341 3.726435 -0.056336
v -1.034320 3.647118 -0.056336
v -1.092392 3.726414 -0.056336
v -1.092371 3.647111 -0.056336
v -1.092372 3.570051 -0.056336
v -1.133883 3.647106 -0.014823
v -1.133884 3.570060 -0.014823
v -1.133883 3.647106 0.088487
v -1.133884 3.570060 0.088487
v -1.092371 3.647111 0.130000
v -1.092372 3.570051 0.130000
v -1.034320 3.647118 0.130000
v -1.034322 3.570039 0.130000
v -1.034352 3.495992 0.130000
v -1.034322 3.570039 -0.056336
v -1.034352 3.495992 -0.056336
v -1.034352 2.339808 -0.056336
v -1.092403 3.496004 -0.056336
v -1.133915 3.496013 -0.014823
v -1.092403 2.339796 -0.056336
v -1.133915 2.339787 -0.014823
v -1.092372 2.265749 -0.056336
v -1.133884 2.265740 -0.014823
v -1.092371 2.188689 -0.056336
v -1.034322 2.265761 -0.056336
v -1.034320 2.188682 -0.056336
v -1.034322 2.265761 0.130000
v -1.034352 2.339808 0.130000
v -1.034320 2.188682 0.130000
v -1.092372 2.265749 0.130000
v -1.092403 2.339796 0.130000
v -1.133884 2.265740 0.088487
v -1.092371 2.188689 0.130000
v -1.133883 2.188694 0.088487
v -1.092392 2.109386 0.130000
v -1.133904 2.109400 0.088487
v -1.092427 2.028587 0.130000
v -1.034341 2.109365 0.130000
v -1.034377 2.028559 0.130000
v -1.034341 2.109365 -0.056336
v -1.034377 2.028559 -0.056336
v -1.092392 2.109386 -0.056336
v -1.133904 2.109400 -0.014823
v -1.092427 2.028587 -0.056336
v -1.133940 2.028607 -0.014823
v -1.092470 1.947043 -0.056336
v -1.133983 1.947065 -0.014823
v -1.092513 1.865502 -0.056336
v -1.034420 1.947012 -0.056336
v -1.034462 1.865474 -0.056336
v -1.034420 1.947012 0.130000
v -1.034462 1.865474 0.130000
v -1.092470 1.947043 0.130000
v -1.133983 1.947065 0.088487
v -1.092513 1.865502 0.130000
v -1.134026 1.865522 0.088487
v -1.092548 1.784714 0.130000
v -1.134061 1.784729 0.088487
v -1.092569 1.705429 0.130000
v -1.034498 1.784694 0.130000
v -1.034519 1.705422 0.130000
v -1.034498 1.784694 -0.056336
v -1.034519 1.705422 -0.056336
v -1.092548 1.784714 -0.056336
v -1.134061 1.784729 -0.014823
v -1.092569 1.705429 -0.056336
v -1.134082 1.705434 -0.014823
v -1.092568 1.628398 -0.056336
v -1.134081 1.628389 -0.014823
v -1.092538 1.554370 -0.056336
v -1.034518 1.628410 -0.056336
v -1.034487 1.554410 -0.056336
v -1.034518 1.628410 0.130000
v -1.034487 1.554410 0.130000
v -1.092568 1.628398 0.130000
v -1.134081 1.628389 0.088487
v -1.092538 1.554370 0.130000
v -1.134050 1.554341 0.088487
v -1.092472 1.485809 0.130000
v -1.133983 1.484041 0.088487
v -1.087731 1.429619 0.130000
v -1.034424 1.488281 0.130000
v -1.030359 1.440099 0.130000
v -1.034424 1.488281 -0.056336
v -1.030359 1.440099 -0.056336
v -1.092472 1.485809 -0.056336
v -1.133983 1.484041 -0.014823
v -1.087731 1.429619 -0.056336
v -1.128759 1.422124 -0.014823
v -1.075800 1.387685 -0.056336
v -1.114474 1.371919 -0.014823
v -1.058724 1.356203 -0.056336
v -1.021719 1.409733 -0.056336
v -1.010875 1.389740 -0.056336
v -1.021719 1.409733 0.130000
v -1.010875 1.389740 0.130000
v -1.075800 1.387685 0.130000
v -1.114474 1.371919 0.088487
v -1.058724 1.356203 0.130000
v -1.092942 1.332221 0.088487
v -1.037895 1.332724 0.130000
v -1.065975 1.301823 0.088487
v -1.014056 1.315340 0.130000
v -0.998628 1.375936 0.130000
v -0.984224 1.365432 0.130000
v -0.998628 1.375936 -0.056336
v -0.984224 1.365432 -0.056336
v -1.037895 1.332724 -0.056336
v -1.065975 1.301823 -0.014823
v -1.014056 1.315340 -0.056336
v -1.035388 1.279519 -0.014823
v -0.988014 1.302946 -0.056336
v -1.002995 1.264102 -0.014823
v -0.961079 1.294850 -0.056336
v -0.967064 1.357265 -0.056336
v -0.947752 1.351460 -0.056336
v -0.967064 1.357265 0.130000
v -0.947752 1.351460 0.130000
v -0.988014 1.302946 0.130000
v -1.002995 1.264102 0.088487
v -0.961079 1.294850 0.130000
v -0.970610 1.254367 0.088487
v -0.934983 1.290358 0.130000
v -0.940045 1.249107 0.088487
v -0.911652 1.288633 0.130000
v -0.927903 1.348044 0.130000
v -0.909605 1.346691 0.130000
v -0.927903 1.348044 -0.056336
v -0.909605 1.346691 -0.056336
v -0.934983 1.290358 -0.056336
v -0.940045 1.249107 -0.014823
v -0.911652 1.288633 -0.056336
v -0.913116 1.247116 -0.014823
v -0.893056 1.288695 -0.056336
v -0.891635 1.247187 -0.014823
v -0.881084 1.289475 -0.056336
v -0.895043 1.346739 -0.056336
v -0.886213 1.347315 -0.056336
v -0.895043 1.346739 0.130000
v -0.886213 1.347315 0.130000
v -0.893056 1.288695 0.130000
v -0.891635 1.247187 0.088487
v -0.881084 1.289475 0.130000
v -0.877416 1.248114 0.088487
v -0.865794 1.290772 0.130000
v -0.862126 1.249410 0.088487
v -0.756380 1.303053 0.130000
v -0.870923 1.348611 0.130000
v -0.615698 1.377258 0.130000
v -0.870923 1.348611 -0.056336
v -0.615698 1.377258 -0.056336
v -0.865794 1.290772 -0.056336
v -0.862126 1.249410 -0.014823
v -0.756380 1.303053 -0.056336
v -0.856983 1.249988 -0.014823
v -0.828431 1.219537 -0.056336
v -0.860287 1.246158 -0.014823
v -0.836363 1.209735 -0.056336
v -0.783879 1.182307 -0.056336
v -0.790498 1.174128 -0.056336
v -0.783879 1.182307 0.130000
v -0.790498 1.174128 0.130000
v -0.828431 1.219537 0.130000
v -0.860287 1.246158 0.088487
v -0.836363 1.209735 0.130000
v -0.869159 1.235196 0.088487
v -0.848133 1.193924 0.130000
v -0.882039 1.217893 0.088487
v -0.862203 1.172947 0.130000
v -0.800715 1.160403 0.130000
v -0.813025 1.142050 0.130000
v -0.800715 1.160403 -0.056336
v -0.813025 1.142050 -0.056336
v -0.848133 1.193924 -0.056336
v -0.882039 1.217893 -0.014823
v -0.862203 1.172947 -0.056336
v -0.897368 1.195040 -0.014823
v -0.877018 1.147722 -0.056336
v -0.913586 1.167427 -0.014823
v -0.891051 1.119218 -0.056336
v -0.825880 1.120164 -0.056336
v -0.837793 1.095964 -0.056336
v -0.825880 1.120164 0.130000
v -0.837793 1.095964 0.130000
v -0.877018 1.147722 0.130000
v -0.913586 1.167427 0.088487
v -0.891051 1.119218 0.130000
v -0.929133 1.135846 0.088487
v -0.902834 1.088464 0.130000
v -0.942451 1.101088 0.088487
v -0.911028 1.056523 0.130000
v -0.847431 1.070809 0.130000
v -0.853757 1.046145 0.130000
v -0.847431 1.070809 -0.056336
v -0.853757 1.046145 -0.056336
v -0.902834 1.088464 -0.056336
v -0.942451 1.101088 -0.014823
v -0.911028 1.056523 -0.056336
v -0.951978 1.063943 -0.014823
v -0.914493 1.024401 -0.056336
v -0.956156 1.025203 -0.014823
v -0.912313 0.992818 -0.056336
v -0.856224 1.023280 -0.056336
v -0.854811 1.002832 -0.056336
v -0.856224 1.023280 0.130000
v -0.854811 1.002832 0.130000
v -0.914493 1.024401 0.130000
v -0.956156 1.025203 0.088487
v -0.912313 0.992818 0.130000
v -0.953425 0.985658 0.088487
v -0.903565 0.961917 0.130000
v -0.942226 0.946099 0.088487
v -0.886775 0.931239 0.130000
v -0.849491 0.984040 0.130000
v -0.838905 0.964699 0.130000
v -0.849491 0.984040 -0.056336
v -0.838905 0.964699 -0.056336
v -0.903565 0.961917 -0.056336
v -0.942226 0.946099 -0.014823
v -0.886775 0.931239 -0.056336
v -0.920999 0.907318 -0.014823
v -0.863888 0.905100 -0.056336
v -0.892065 0.874279 -0.014823
v -0.838664 0.886717 -0.056336
v -0.824470 0.948215 -0.056336
v -0.809425 0.937253 -0.056336
v -0.824470 0.948215 0.130000
v -0.809425 0.937253 0.130000
v -0.863888 0.905100 0.130000
v -0.892065 0.874279 0.088487
v -0.838664 0.886717 0.130000
v -0.859562 0.850596 0.088487
v -0.811247 0.874491 0.130000
v -0.824650 0.835032 0.088487
v -0.781880 0.867437 0.130000
v -0.792493 0.929705 0.130000
v -0.772632 0.924938 0.130000
v -0.792493 0.929705 -0.056336
v -0.772632 0.924938 -0.056336
v -0.811247 0.874491 -0.056336
v -0.824650 0.835032 -0.014823
v -0.781880 0.867437 -0.056336
v -0.788487 0.826354 -0.014823
v -0.751319 0.864876 -0.056336
v -0.752235 0.823324 -0.014823
v -0.720719 0.866070 -0.056336
v -0.750036 0.923050 -0.056336
v -0.725854 0.924001 -0.056336
v -0.750036 0.923050 0.130000
v -0.725854 0.924001 0.130000
v -0.751319 0.864876 0.130000
v -0.752235 0.823324 0.088487
v -0.720719 0.866070 0.130000
v -0.717053 0.824707 0.088487
v -0.691408 0.870114 0.130000
v -0.684100 0.829267 0.088487
v -0.664740 0.875964 0.130000
v -0.701647 0.927351 0.130000
v -0.679043 0.932323 0.130000
v -0.701647 0.927351 -0.056336
v -0.679043 0.932323 -0.056336
v -0.691408 0.870114 -0.056336
v -0.684100 0.829267 -0.014823
v -0.664740 0.875964 -0.056336
v -0.654538 0.835770 -0.014823
v -0.642044 0.882482 -0.056336
v -0.629527 0.842978 -0.014823
v -0.624608 0.888485 -0.056336
v -0.659611 0.937923 -0.056336
v -0.644817 0.943042 -0.056336
v -0.659611 0.937923 0.130000
v -0.644817 0.943042 0.130000
v -0.642044 0.882482 0.130000
v -0.629527 0.842978 0.088487
v -0.624608 0.888485 0.130000
v -0.610225 0.849657 0.088487
v -0.613640 0.892780 0.130000
v -0.597793 0.854570 0.088487
v -0.522086 0.932505 0.130000
v -0.635940 0.946550 0.130000
v -0.421534 1.039708 0.130000
v -0.635940 0.946550 -0.056336
v -0.421534 1.039708 -0.056336
v -0.613640 0.892780 -0.056336
v -0.597793 0.854570 -0.014823
v -0.522086 0.932505 -0.056336
v -0.593391 0.856483 -0.014823
v -0.556190 0.838065 -0.056336
v -0.594990 0.852047 -0.014823
v -0.560691 0.825833 -0.056336
v -0.501323 0.818293 -0.056336
v -0.505742 0.806031 -0.056336
v -0.501323 0.818293 0.130000
v -0.505742 0.806031 0.130000
v -0.556190 0.838065 0.130000
v -0.594990 0.852047 0.088487
v -0.560691 0.825833 0.130000
v -0.599409 0.839785 0.088487
v -0.567475 0.807348 0.130000
v -0.606084 0.821261 0.088487
v -0.575988 0.784180 0.130000
v -0.512417 0.787508 0.130000
v -0.520785 0.764287 0.130000
v -0.512417 0.787508 -0.056336
v -0.520785 0.764287 -0.056336
v -0.567475 0.807348 -0.056336
v -0.606084 0.821261 -0.014823
v -0.575988 0.784180 -0.056336
v -0.614451 0.798041 -0.014823
v -0.585676 0.757899 -0.056336
v -0.623947 0.771690 -0.014823
v -0.595990 0.730074 -0.056336
v -0.530281 0.737937 -0.056336
v -0.540340 0.710020 -0.056336
v -0.530281 0.737937 0.130000
v -0.540340 0.710020 0.130000
v -0.585676 0.757899 0.130000
v -0.623947 0.771690 0.088487
v -0.595990 0.730074 0.130000
v -0.634007 0.743774 0.088487
v -0.621809 0.659487 0.130000
v -0.674623 0.631066 0.088487
v -0.530112 0.630318 0.130000
v -0.543331 0.701719 0.130000
v -0.509966 0.683532 0.130000
v -0.543331 0.701719 -0.056336
v -0.509966 0.683532 -0.056336
v -0.621809 0.659487 -0.056336
v -0.674623 0.631066 -0.014823
v -0.530112 0.630318 -0.056336
v -0.545227 0.590394 -0.014823
v -0.466075 0.604130 -0.056336
v -0.483039 0.565215 -0.014823
v -0.394921 0.570667 -0.056336
v -0.443238 0.656515 -0.056336
v -0.369057 0.621819 -0.056336
v -0.443238 0.656515 0.130000
v -0.369057 0.621819 0.130000
v -0.466075 0.604130 0.130000
v -0.483039 0.565215 0.088487
v -0.394921 0.570667 0.130000
v -0.414003 0.532927 0.088487
v -0.319169 0.529282 0.130000
v -0.340662 0.492976 0.088487
v -0.241347 0.479310 0.130000
v -0.289910 0.578706 0.130000
v -0.208313 0.526377 0.130000
v -0.289910 0.578706 -0.056336
v -0.208313 0.526377 -0.056336
v -0.319169 0.529282 -0.056336
v -0.340662 0.492976 -0.014823
v -0.241347 0.479310 -0.056336
v -0.265559 0.444811 -0.014823
v -0.164010 0.420060 -0.056336
v -0.191239 0.387880 -0.014823
v -0.089759 0.350828 -0.056336
v -0.126851 0.463975 -0.056336
v -0.048227 0.390606 -0.056336
v -0.126851 0.463975 0.130000
v -0.048227 0.390606 0.130000
v -0.164010 0.420060 0.130000
v -0.191239 0.387880 0.088487
v -0.089759 0.350828 0.130000
v -0.120244 0.321630 0.088487
v -0.032670 0.284242 0.130000
v -0.055118 0.245509 0.088487
v 0.000000 0.233830 0.130000
v 0.000000 0.340614 0.130000
v 0.048227 0.390606 0.130000
v 0.000000 0.340614 -0.056336
v 0.032670 0.284242 0.130000
v 0.055118 0.245509 0.088487
v 0.089759 0.350828 0.130000
v 0.120244 0.321630 0.088487
v 0.164010 0.420060 0.130000
v 0.191239 0.387880 0.088487
v 0.241347 0.479310 0.130000
v 0.126851 0.463975 0.130000
v 0.208313 0.526377 0.130000
v 0.126851 0.463975 -0.056336
v 0.208313 0.526377 -0.056336
v 0.048227 0.390606 -0.056336
v 0.164010 0.420060 -0.056336
v 0.241347 0.479310 -0.056336
v 0.191239 0.387880 -0.014823
v 0.089759 0.350828 -0.056336
v 0.120244 0.321630 -0.014823
v 0.032670 0.284242 -0.056336
v 0.055118 0.245509 -0.014823
v 0.000000 0.233830 -0.056336
v 0.000000 0.160265 -0.014823
v -0.032670 0.284242 -0.056336
v -0.055118 0.245509 -0.014823
v -0.120244 0.321630 -0.014823
v 0.000000 0.160265 0.088487
v 0.265559 0.444811 -0.014823
v 0.340662 0.492976 -0.014823
v 0.265559 0.444811 0.088487
v 0.340662 0.492976 0.088487
v 0.414003 0.532927 0.088487
v 0.319169 0.529282 0.130000
v 0.394921 0.570667 0.130000
v 0.289910 0.578706 0.130000
v 0.369057 0.621819 0.130000
v 0.289910 0.578706 -0.056336
v 0.369057 0.621819 -0.056336
v 0.319169 0.529282 -0.056336
v 0.394921 0.570667 -0.056336
v 0.466075 0.604130 -0.056336
v 0.414003 0.532927 -0.014823
v 0.483039 0.565215 -0.014823
v 0.545227 0.590394 -0.014823
v 0.483039 0.565215 0.088487
v 0.545227 0.590394 0.088487
v 0.466075 0.604130 0.130000
v 0.530112 0.630318 0.130000
v 0.443238 0.656515 0.130000
v 0.509966 0.683532 0.130000
v 0.443238 0.656515 -0.056336
v 0.509966 0.683532 -0.056336
v 0.543331 0.701719 -0.056336
v 0.530112 0.630318 -0.056336
v 0.621809 0.659487 -0.056336
v 0.674623 0.631066 -0.014823
v 0.595990 0.730074 -0.056336
v 0.585676 0.757899 -0.056336
v 0.634007 0.743774 -0.014823
v 0.540340 0.710020 -0.056336
v 0.530281 0.737937 -0.056336
v 0.540340 0.710020 0.130000
v 0.530281 0.737937 0.130000
v 0.543331 0.701719 0.130000
v 0.595990 0.730074 0.130000
v 0.634007 0.743774 0.088487
v 0.585676 0.757899 0.130000
v 0.621809 0.659487 0.130000
v 0.674623 0.631066 0.088487
v 0.623947 0.771690 0.088487
v 0.575988 0.784180 0.130000
v 0.614451 0.798041 0.088487
v 0.567475 0.807348 0.130000
v 0.520785 0.764287 0.130000
v 0.512417 0.787508 0.130000
v 0.520785 0.764287 -0.056336
v 0.512417 0.787508 -0.056336
v 0.575988 0.784180 -0.056336
v 0.567475 0.807348 -0.056336
v 0.614451 0.798041 -0.014823
v 0.606084 0.821261 -0.014823
v 0.623947 0.771690 -0.014823
v 0.599409 0.839785 -0.014823
v 0.606084 0.821261 0.088487
v 0.599409 0.839785 0.088487
v 0.594990 0.852047 0.088487
v 0.560691 0.825833 0.130000
v 0.556190 0.838065 0.130000
v 0.505742 0.806031 0.130000
v 0.501323 0.818293 0.130000
v 0.505742 0.806031 -0.056336
v 0.501323 0.818293 -0.056336
v 0.560691 0.825833 -0.056336
v 0.556190 0.838065 -0.056336
v 0.522086 0.932505 -0.056336
v 0.594990 0.852047 -0.014823
v 0.593391 0.856483 -0.014823
v 0.597793 0.854570 -0.014823
v 0.593391 0.856483 0.088487
v 0.597793 0.854570 0.088487
v 0.522086 0.932505 0.130000
v 0.613640 0.892780 0.130000
v 0.421534 1.039708 0.130000
v 0.635940 0.946550 0.130000
v 0.421534 1.039708 -0.056336
v 0.635940 0.946550 -0.056336
v 0.644817 0.943042 -0.056336
v 0.613640 0.892780 -0.056336
v 0.624608 0.888485 -0.056336
v 0.642044 0.882482 -0.056336
v 0.610225 0.849657 -0.014823
v 0.629527 0.842978 -0.014823
v 0.610225 0.849657 0.088487
v 0.629527 0.842978 0.088487
v 0.624608 0.888485 0.130000
v 0.642044 0.882482 0.130000
v 0.644817 0.943042 0.130000
v 0.659611 0.937923 0.130000
v 0.679043 0.932323 0.130000
v 0.659611 0.937923 -0.056336
v 0.679043 0.932323 -0.056336
v 0.701647 0.927351 -0.056336
v 0.664740 0.875964 -0.056336
v 0.691408 0.870114 -0.056336
v 0.654538 0.835770 -0.014823
v 0.684100 0.829267 -0.014823
v 0.654538 0.835770 0.088487
v 0.684100 0.829267 0.088487
v 0.664740 0.875964 0.130000
v 0.691408 0.870114 0.130000
v 0.720719 0.866070 0.130000
v 0.701647 0.927351 0.130000
v 0.725854 0.924001 0.130000
v 0.750036 0.923050 0.130000
v 0.725854 0.924001 -0.056336
v 0.750036 0.923050 -0.056336
v 0.720719 0.866070 -0.056336
v 0.751319 0.864876 -0.056336
v 0.717053 0.824707 -0.014823
v 0.752235 0.823324 -0.014823
v 0.717053 0.824707 0.088487
v 0.752235 0.823324 0.088487
v 0.788487 0.826354 0.088487
v 0.751319 0.864876 0.130000
v 0.781880 0.867437 0.130000
v 0.811247 0.874491 0.130000
v 0.772632 0.924938 0.130000
v 0.792493 0.929705 0.130000
v 0.772632 0.924938 -0.056336
v 0.792493 0.929705 -0.056336
v 0.781880 0.867437 -0.056336
v 0.811247 0.874491 -0.056336
v 0.788487 0.826354 -0.014823
v 0.824650 0.835032 -0.014823
v 0.859562 0.850596 -0.014823
v 0.824650 0.835032 0.088487
v 0.859562 0.850596 0.088487
v 0.892065 0.874279 0.088487
v 0.838664 0.886717 0.130000
v 0.863888 0.905100 0.130000
v 0.809425 0.937253 0.130000
v 0.824470 0.948215 0.130000
v 0.809425 0.937253 -0.056336
v 0.824470 0.948215 -0.056336
v 0.838664 0.886717 -0.056336
v 0.863888 0.905100 -0.056336
v 0.886775 0.931239 -0.056336
v 0.892065 0.874279 -0.014823
v 0.920999 0.907318 -0.014823
v 0.942226 0.946099 -0.014823
v 0.920999 0.907318 0.088487
v 0.942226 0.946099 0.088487
v 0.886775 0.931239 0.130000
v 0.903565 0.961917 0.130000
v 0.838905 0.964699 0.130000
v 0.849491 0.984040 0.130000
v 0.838905 0.964699 -0.056336
v 0.849491 0.984040 -0.056336
v 0.854811 1.002832 -0.056336
v 0.903565 0.961917 -0.056336
v 0.912313 0.992818 -0.056336
v 0.914493 1.024401 -0.056336
v 0.953425 0.985658 -0.014823
v 0.956156 1.025203 -0.014823
v 0.953425 0.985658 0.088487
v 0.956156 1.025203 0.088487
v 0.912313 0.992818 0.130000
v 0.914493 1.024401 0.130000
v 0.854811 1.002832 0.130000
v 0.856224 1.023280 0.130000
v 0.853757 1.046145 0.130000
v 0.856224 1.023280 -0.056336
v 0.853757 1.046145 -0.056336
v 0.847431 1.070809 -0.056336
v 0.911028 1.056523 -0.056336
v 0.902834 1.088464 -0.056336
v 0.951978 1.063943 -0.014823
v 0.942451 1.101088 -0.014823
v 0.951978 1.063943 0.088487
v 0.942451 1.101088 0.088487
v 0.911028 1.056523 0.130000
v 0.902834 1.088464 0.130000
v 0.891051 1.119218 0.130000
v 0.847431 1.070809 0.130000
v 0.837793 1.095964 0.130000
v 0.825880 1.120164 0.130000
v 0.837793 1.095964 -0.056336
v 0.825880 1.120164 -0.056336
v 0.891051 1.119218 -0.056336
v 0.877018 1.147722 -0.056336
v 0.929133 1.135846 -0.014823
v 0.913586 1.167427 -0.014823
v 0.929133 1.135846 0.088487
v 0.913586 1.167427 0.088487
v 0.897368 1.195040 0.088487
v 0.877018 1.147722 0.130000
v 0.862203 1.172947 0.130000
v 0.848133 1.193924 0.130000
v 0.813025 1.142050 0.130000
v 0.800715 1.160403 0.130000
v 0.813025 1.142050 -0.056336
v 0.800715 1.160403 -0.056336
v 0.862203 1.172947 -0.056336
v 0.848133 1.193924 -0.056336
v 0.897368 1.195040 -0.014823
v 0.882039 1.217893 -0.014823
v 0.869159 1.235196 -0.014823
v 0.882039 1.217893 0.088487
v 0.869159 1.235196 0.088487
v 0.860287 1.246158 0.088487
v 0.836363 1.209735 0.130000
v 0.828431 1.219537 0.130000
v 0.790498 1.174128 0.130000
v 0.783879 1.182307 0.130000
v 0.790498 1.174128 -0.056336
v 0.783879 1.182307 -0.056336
v 0.836363 1.209735 -0.056336
v 0.828431 1.219537 -0.056336
v 0.756380 1.303053 -0.056336
v 0.860287 1.246158 -0.014823
v 0.856983 1.249988 -0.014823
v 0.862126 1.249410 -0.014823
v 0.856983 1.249988 0.088487
v 0.862126 1.249410 0.088487
v 0.756380 1.303053 0.130000
v 0.865794 1.290772 0.130000
v 0.615698 1.377258 0.130000
v 0.870923 1.348611 0.130000
v 0.615698 1.377258 -0.056336
v 0.870923 1.348611 -0.056336
v 0.886213 1.347315 -0.056336
v 0.865794 1.290772 -0.056336
v 0.881084 1.289475 -0.056336
v 0.893056 1.288695 -0.056336
v 0.877416 1.248114 -0.014823
v 0.891635 1.247187 -0.014823
v 0.877416 1.248114 0.088487
v 0.891635 1.247187 0.088487
v 0.881084 1.289475 0.130000
v 0.893056 1.288695 0.130000
v 0.886213 1.347315 0.130000
v 0.895043 1.346739 0.130000
v 0.909605 1.346691 0.130000
v 0.895043 1.346739 -0.056336
v 0.909605 1.346691 -0.056336
v 0.927903 1.348044 -0.056336
v 0.911652 1.288633 -0.056336
v 0.934983 1.290358 -0.056336
v 0.913116 1.247116 -0.014823
v 0.940045 1.249107 -0.014823
v 0.913116 1.247116 0.088487
v 0.940045 1.249107 0.088487
v 0.911652 1.288633 0.130000
v 0.934983 1.290358 0.130000
v 0.961079 1.294850 0.130000
v 0.927903 1.348044 0.130000
v 0.947752 1.351460 0.130000
v 0.967064 1.357265 0.130000
v 0.947752 1.351460 -0.056336
v 0.967064 1.357265 -0.056336
v 0.961079 1.294850 -0.056336
v 0.988014 1.302946 -0.056336
v 0.970610 1.254367 -0.014823
v 1.002995 1.264102 -0.014823
v 0.970610 1.254367 0.088487
v 1.002995 1.264102 0.088487
v 1.035388 1.279519 0.088487
v 0.988014 1.302946 0.130000
v 1.014056 1.315340 0.130000
v 1.037895 1.332724 0.130000
v 0.984224 1.365432 0.130000
v 0.998628 1.375936 0.130000
v 0.984224 1.365432 -0.056336
v 0.998628 1.375936 -0.056336
v 1.014056 1.315340 -0.056336
v 1.037895 1.332724 -0.056336
v 1.035388 1.279519 -0.014823
v 1.065975 1.301823 -0.014823
v 1.092942 1.332221 -0.014823
v 1.065975 1.301823 0.088487
v 1.092942 1.332221 0.088487
v 1.114474 1.371919 0.088487
v 1.058724 1.356203 0.130000
v 1.075800 1.387685 0.130000
v 1.010875 1.389740 0.130000
v 1.021719 1.409733 0.130000
v 1.010875 1.389740 -0.056336
v 1.021719 1.409733 -0.056336
v 1.058724 1.356203 -0.056336
v 1.075800 1.387685 -0.056336
v 1.087731 1.429619 -0.056336
v 1.114474 1.371919 -0.014823
v 1.128759 1.422124 -0.014823
v 1.133983 1.484041 -0.014823
v 1.128759 1.422124 0.088487
v 1.133983 1.484041 0.088487
v 1.087731 1.429619 0.130000
v 1.092472 1.485809 0.130000
v 1.030359 1.440099 0.130000
v 1.034424 1.488281 0.130000
v 1.030359 1.440099 -0.056336
v 1.034424 1.488281 -0.056336
v 1.034487 1.554410 -0.056336
v 1.092472 1.485809 -0.056336
v 1.092538 1.554370 -0.056336
v 1.092568 1.628398 -0.056336
v 1.134050 1.554341 -0.014823
v 1.134081 1.628389 -0.014823
v 1.134050 1.554341 0.088487
v 1.134081 1.628389 0.088487
v 1.092538 1.554370 0.130000
v 1.092568 1.628398 0.130000
v 1.034487 1.554410 0.130000
v 1.034518 1.628410 0.130000
v 1.034519 1.705422 0.130000
v 1.034518 1.628410 -0.056336
v 1.034519 1.705422 -0.056336
v 1.034498 1.784694 -0.056336
v 1.092569 1.705429 -0.056336
v 1.092548 1.784714 -0.056336
v 1.134082 1.705434 -0.014823
v 1.134061 1.784729 -0.014823
v 1.134082 1.705434 0.088487
v 1.134061 1.784729 0.088487
v 1.092569 1.705429 0.130000
v 1.092548 1.784714 0.130000
v 1.092513 1.865502 0.130000
v 1.034498 1.784694 0.130000
v 1.034462 1.865474 0.130000
v 1.034420 1.947012 0.130000
v 1.034462 1.865474 -0.056336
v 1.034420 1.947012 -0.056336
v 1.092513 1.865502 -0.056336
v 1.092470 1.947043 -0.056336
v 1.134026 1.865522 -0.014823
v 1.133983 1.947065 -0.014823
v 1.134026 1.865522 0.088487
v 1.133983 1.947065 0.088487
v 1.133940 2.028607 0.088487
v 1.092470 1.947043 0.130000
v 1.092427 2.028587 0.130000
v 1.092392 2.109386 0.130000
v 1.034377 2.028559 0.130000
v 1.034341 2.109365 0.130000
v 1.034377 2.028559 -0.056336
v 1.034341 2.109365 -0.056336
v 1.092427 2.028587 -0.056336
v 1.092392 2.109386 -0.056336
v 1.133940 2.028607 -0.014823
v 1.133904 2.109400 -0.014823
v 1.133883 2.188694 -0.014823
v 1.133904 2.109400 0.088487
v 1.133883 2.188694 0.088487
v 1.133884 2.265740 0.088487
v 1.092371 2.188689 0.130000
v 1.092372 2.265749 0.130000
v 1.034320 2.188682 0.130000
v 1.034322 2.265761 0.130000
v 1.034320 2.188682 -0.056336
v 1.034322 2.265761 -0.056336
v 1.092371 2.188689 -0.056336
v 1.092372 2.265749 -0.056336
v 1.092403 2.339796 -0.056336
v 1.133884 2.265740 -0.014823
v 1.133915 2.339787 -0.014823
v 1.133915 3.496013 -0.014823
v 1.133915 2.339787 0.088487
v 1.133915 3.496013 0.088487
v 1.092403 2.339796 0.130000
v 1.092403 3.496004 0.130000
v 1.034352 2.339808 0.130000
v 1.034352 3.495992 0.130000
v 1.034352 2.339808 -0.056336
v 1.034352 3.495992 -0.056336
v 1.034322 3.570039 -0.056336
v 1.092403 3.496004 -0.056336
v 1.092372 3.570051 -0.056336
v 1.133884 3.570060 -0.014823
v 1.092371 3.647111 -0.056336
v 1.133883 3.647106 -0.014823
v 1.092392 3.726414 -0.056336
v 1.034320 3.647118 -0.056336
v 1.034341 3.726435 -0.056336
v 1.034320 3.647118 0.130000
v 1.034322 3.570039 0.130000
v 1.034341 3.726435 0.130000
v 1.092371 3.647111 0.130000
v 1.092372 3.570051 0.130000
v 1.133883 3.647106 0.088487
v 1.092392 3.726414 0.130000
v 1.133904 3.726400 0.088487
v 1.092427 3.807213 0.130000
v 1.133940 3.807193 0.088487
v 1.092470 3.888757 0.130000
v 1.034377 3.807241 0.130000
v 1.034420 3.888788 0.130000
v 1.034377 3.807241 -0.056336
v 1.034420 3.888788 -0.056336
v 1.092427 3.807213 -0.056336
v 1.133940 3.807193 -0.014823
v 1.092470 3.888757 -0.056336
v 1.133983 3.888736 -0.014823
v 1.092513 3.970298 -0.056336
v 1.134026 3.970278 -0.014823
v 1.092548 4.051086 -0.056336
v 1.034462 3.970326 -0.056336
v 1.034498 4.051106 -0.056336
v 1.034462 3.970326 0.130000
v 1.034498 4.051106 0.130000
v 1.092513 3.970298 0.130000
v 1.134026 3.970278 0.088487
v 1.092548 4.051086 0.130000
v 1.134061 4.051072 0.088487
v 1.092569 4.130371 0.130000
v 1.134082 4.130366 0.088487
v 1.092568 4.207402 0.130000
v 1.034519 4.130378 0.130000
v 1.034518 4.207390 0.130000
v 1.034519 4.130378 -0.056336
v 1.034518 4.207390 -0.056336
v 1.092569 4.130371 -0.056336
v 1.134082 4.130366 -0.014823
v 1.092568 4.207402 -0.056336
v 1.134081 4.207411 -0.014823
v 1.092538 4.281430 -0.056336
v 1.134050 4.281459 -0.014823
v 1.092472 4.349991 -0.056336
v 1.034487 4.281390 -0.056336
v 1.034424 4.347519 -0.056336
v 1.034487 4.281390 0.130000
v 1.034424 4.347519 0.130000
v 1.092538 4.281430 0.130000
v 1.134050 4.281459 0.088487
v 1.092472 4.349991 0.130000
v 1.133983 4.351759 0.088487
v 1.087731 4.406181 0.130000
v 1.128759 4.413676 0.088487
v 1.075800 4.448115 0.130000
v 1.030359 4.395700 0.130000
v 1.021719 4.426067 0.130000
v 1.030359 4.395700 -0.056336
v 1.021719 4.426067 -0.056336
v 1.087731 4.406181 -0.056336
v 1.128759 4.413676 -0.014823
v 1.075800 4.448115 -0.056336
v 1.114474 4.463881 -0.014823
v 1.058724 4.479597 -0.056336
v 1.092942 4.503580 -0.014823
v 1.037895 4.503077 -0.056336
v 1.010875 4.446060 -0.056336
v 0.998628 4.459865 -0.056336
v 1.010875 4.446060 0.130000
v 0.998628 4.459865 0.130000
v 1.058724 4.479597 0.130000
v 1.092942 4.503580 0.088487
v 1.037895 4.503077 0.130000
v 1.065975 4.533978 0.088487
v 1.014056 4.520460 0.130000
v 1.035388 4.556282 0.088487
v 0.988014 4.532854 0.130000
v 0.984224 4.470368 0.130000
v 0.967064 4.478535 0.130000
v 0.984224 4.470368 -0.056336
v 0.967064 4.478535 -0.056336
v 1.014056 4.520460 -0.056336
v 1.035388 4.556282 -0.014823
v 0.988014 4.532854 -0.056336
v 1.002995 4.571698 -0.014823
v 0.961079 4.540951 -0.056336
v 0.970610 4.581433 -0.014823
v 0.934983 4.545442 -0.056336
v 0.947752 4.484340 -0.056336
v 0.927903 4.487756 -0.056336
v 0.947752 4.484340 0.130000
v 0.927903 4.487756 0.130000
v 0.961079 4.540951 0.130000
v 0.970610 4.581433 0.088487
v 0.934983 4.545442 0.130000
v 0.940045 4.586693 0.088487
v 0.911652 4.547167 0.130000
v 0.913116 4.588684 0.088487
v 0.909605 4.489109 0.130000
v 0.895043 4.489061 0.130000
v 0.909605 4.489109 -0.056336
v 0.895043 4.489061 -0.056336
v 0.911652 4.547167 -0.056336
v 0.913116 4.588684 -0.014823
v 0.893056 4.547105 -0.056336
v 0.940045 4.586693 -0.014823
v 0.886213 4.488485 -0.056336
v 1.002995 4.571698 0.088487
v 1.065975 4.533978 -0.014823
v 1.114474 4.463881 0.088487
v 1.133983 4.351759 -0.014823
v 1.134081 4.207411 0.088487
v 1.134061 4.051072 -0.014823
v 1.133983 3.888736 0.088487
v 1.133904 3.726400 -0.014823
v 1.133884 3.570060 0.088487
v -0.265559 0.444811 0.088487
v -0.414003 0.532927 -0.014823
v -0.545227 0.590394 0.088487
v -0.634007 0.743774 -0.014823
v -0.614451 0.798041 0.088487
v -0.599409 0.839785 -0.014823
v -0.593391 0.856483 0.088487
v -0.610225 0.849657 -0.014823
v -0.654538 0.835770 0.088487
v -0.717053 0.824707 -0.014823
v -0.788487 0.826354 0.088487
v -0.859562 0.850596 -0.014823
v -0.920999 0.907318 0.088487
v -0.953425 0.985658 -0.014823
v -0.951978 1.063943 0.088487
v -0.929133 1.135846 -0.014823
v -0.897368 1.195040 0.088487
v -0.869159 1.235196 -0.014823
v -0.856983 1.249988 0.088487
v -0.877416 1.248114 -0.014823
v -0.913116 1.247116 0.088487
v -0.970610 1.254367 -0.014823
v -1.035388 1.279519 0.088487
v -1.092942 1.332221 -0.014823
v -1.128759 1.422124 0.088487
v -1.134050 1.554341 -0.014823
v -1.134082 1.705434 0.088487
v -1.134026 1.865522 -0.014823
v -1.133940 2.028607 0.088487
v -1.133883 2.188694 -0.014823
v -1.133915 2.339787 0.088487
v -1.133915 3.496013 0.088487
v -1.092403 3.496004 0.130000
v -0.862126 4.586390 0.088487
v 0.126851 5.371825 -0.056336
v 0.208313 5.309423 -0.056336
v 0.126851 5.371825 0.130000
v 0.164010 5.415740 -0.056336
v 0.208313 5.309423 0.130000
v 0.289910 5.257094 0.130000
v 0.369057 5.213981 0.130000
v 0.289910 5.257094 -0.056336
v 0.319169 5.306519 0.130000
v 0.369057 5.213981 -0.056336
v 0.443238 5.179286 -0.056336
v 0.509966 5.152268 -0.056336
v 0.443238 5.179286 0.130000
v 0.466075 5.231670 -0.056336
v 0.509966 5.152268 0.130000
v 0.543331 5.134081 0.130000
v 0.540340 5.125780 0.130000
v 0.543331 5.134081 -0.056336
v 0.621809 5.176313 0.130000
v 0.540340 5.125780 -0.056336
v 0.530281 5.097864 -0.056336
v 0.520785 5.071513 -0.056336
v 0.530281 5.097864 0.130000
v 0.585676 5.077901 -0.056336
v 0.520785 5.071513 0.130000
v 0.512417 5.048293 0.130000
v 0.505742 5.029769 0.130000
v 0.512417 5.048293 -0.056336
v 0.567476 5.028451 0.130000
v 0.505742 5.029769 -0.056336
v 0.501323 5.017507 -0.056336
v 0.421534 4.796092 -0.056336
v 0.501323 5.017507 0.130000
v 0.556191 4.997734 -0.056336
v 0.421534 4.796092 0.130000
v 0.635940 4.889250 0.130000
v 0.644817 4.892758 0.130000
v 0.635940 4.889250 -0.056336
v 0.613640 4.943019 0.130000
v 0.644817 4.892758 -0.056336
v 0.659611 4.897877 -0.056336
v 0.679043 4.903478 -0.056336
v 0.659611 4.897877 0.130000
v 0.642044 4.953317 -0.056336
v 0.679043 4.903478 0.130000
v 0.701647 4.908449 0.130000
v 0.725854 4.911799 0.130000
v 0.701647 4.908449 -0.056336
v 0.691408 4.965685 0.130000
v 0.725854 4.911799 -0.056336
v 0.750036 4.912750 -0.056336
v 0.772632 4.910862 -0.056336
v 0.750036 4.912750 0.130000
v 0.751319 4.970923 -0.056336
v 0.772632 4.910862 0.130000
v 0.792493 4.906095 0.130000
v 0.809425 4.898547 0.130000
v 0.792493 4.906095 -0.056336
v 0.811247 4.961309 0.130000
v 0.809425 4.898547 -0.056336
v 0.824470 4.887585 -0.056336
v 0.838905 4.871101 -0.056336
v 0.824470 4.887585 0.130000
v 0.863888 4.930700 -0.056336
v 0.838905 4.871101 0.130000
v 0.849491 4.851760 0.130000
v 0.854811 4.832969 0.130000
v 0.849491 4.851760 -0.056336
v 0.903565 4.873883 0.130000
v 0.854811 4.832969 -0.056336
v 0.856224 4.812521 -0.056336
v 0.853757 4.789655 -0.056336
v 0.856224 4.812521 0.130000
v 0.914493 4.811399 -0.056336
v 0.853757 4.789655 0.130000
v 0.847431 4.764991 0.130000
v 0.837793 4.739836 0.130000
v 0.847431 4.764991 -0.056336
v 0.902834 4.747336 0.130000
v 0.837793 4.739836 -0.056336
v 0.825880 4.715636 -0.056336
v 0.813025 4.693750 -0.056336
v 0.825880 4.715636 0.130000
v 0.877018 4.688078 -0.056336
v 0.813025 4.693750 0.130000
v 0.800715 4.675397 0.130000
v 0.790498 4.661673 0.130000
v 0.800715 4.675397 -0.056336
v 0.848133 4.641877 0.130000
v 0.790498 4.661673 -0.056336
v 0.783879 4.653494 -0.056336
v 0.615698 4.458542 -0.056336
v 0.783879 4.653494 0.130000
v 0.828431 4.616263 -0.056336
v 1.216314 1.015849 0.102016
v 1.216314 1.015849 -0.013205
v 1.331535 1.015849 0.102016
v 1.216314 3.270897 0.102016
v 1.216314 3.390798 0.102016
v 1.331535 3.270897 0.102016
v 1.216314 3.270897 -0.013205
v 1.190091 3.290142 0.082771
v 1.190091 3.371553 0.082771
v 1.190091 3.290142 0.006040
v 1.038208 3.290142 0.082771
v 1.038208 3.371553 0.082771
v 1.038208 3.290142 0.006040
v 1.038208 3.371553 0.006040
v 1.190091 3.371553 0.006040
v 1.216314 3.390798 -0.013205
v 1.216314 3.651040 -0.013205
v 1.331535 3.390798 -0.013205
v 1.331535 3.651040 -0.013205
v 1.331535 3.270897 -0.013205
v 1.331535 3.390798 0.102016
v 1.331535 3.651040 0.102016
v 1.216314 3.651040 0.102016
v 1.369720 3.682040 0.140201
v 1.369720 3.682040 -0.051390
v 1.178129 3.682040 0.140201
v 1.369720 3.874717 0.140201
v 1.369720 3.874717 -0.051390
v 1.178129 3.874717 0.140201
v 1.316532 3.902920 0.087013
v 1.316532 3.902920 0.001798
v 1.231318 3.902920 0.087013
v 1.231318 3.902920 0.001798
v 1.178129 3.874717 -0.051390
v 1.178129 3.682040 -0.051390
v 1.331535 1.015849 -0.013205
v -1.216315 1.015849 0.102016
v -1.216315 1.015849 -0.013205
v -1.331535 1.015849 0.102016
v -1.216314 3.270897 0.102016
v -1.216314 3.390798 0.102016
v -1.331535 3.270897 0.102016
v -1.216314 3.270897 -0.013205
v -1.190091 3.290142 0.082771
v -1.190091 3.371553 0.082771
v -1.190091 3.290142 0.006040
v -1.038208 3.290142 0.082771
v -1.038208 3.371553 0.082771
v -1.038208 3.290142 0.006040
v -1.038208 3.371553 0.006040
v -1.190091 3.371553 0.006040
v -1.216314 3.390798 -0.013205
v -1.216314 3.651040 -0.013205
v -1.331535 3.390798 -0.013205
v -1.331535 3.651040 -0.013205
v -1.331535 3.270897 -0.013205
v -1.331535 3.390798 0.102016
v -1.331535 3.651040 0.102016
v -1.216314 3.651040 0.102016
v -1.369720 3.682040 0.140201
v -1.369720 3.682040 -0.051390
v -1.178129 3.682040 0.140201
v -1.369720 3.874717 0.140201
v -1.369720 3.874717 -0.051390
v -1.178129 3.874717 0.140201
v -1.316532 3.902920 0.087013
v -1.316532 3.902920 0.001798
v -1.231318 3.902920 0.087013
v -1.231318 3.902920 0.001798
v -1.178129 3.874717 -0.051390
v -1.178129 3.682040 -0.051390
v -1.331535 1.015849 -0.013205
v -1.294693 0.073317 -0.805215
v -1.294693 0.082239 -0.812436
v -1.294693 0.003660 -0.888570
v -1.493675 0.073317 -0.805215
v -1.493675 0.082239 -0.812436
v -1.493675 0.003660 -0.888570
v -1.493675 0.015619 -0.898249
v -1.493675 0.034495 -0.912300
v -1.294693 0.015619 -0.898249
v -1.294693 0.034495 -0.912300
v -1.294693 0.059426 -0.929023
v -1.294693 0.097212 -0.823582
v -1.294693 0.117233 -0.837011
v -1.493675 0.097212 -0.823582
v -1.493675 0.117233 -0.837011
v -1.493675 0.141109 -0.851034
v -1.493675 0.059426 -0.929023
v -1.493675 0.089549 -0.946715
v -1.493675 0.124001 -0.963676
v -1.294693 0.089549 -0.946715
v -1.294693 0.124001 -0.963676
v -1.294693 0.141109 -0.851034
v -1.294693 0.167509 -0.864031
v -1.294693 0.194952 -0.874546
v -1.493675 0.167509 -0.864031
v -1.493675 0.194952 -0.874546
v -1.493675 0.221858 -0.881447
v -1.493675 0.161920 -0.978204
v -1.493675 0.202442 -0.988598
v -1.294693 0.161920 -0.978204
v -1.294693 0.202442 -0.988598
v -1.294693 0.244705 -0.993156
v -1.294693 0.221858 -0.881447
v -1.294693 0.246803 -0.884137
v -1.294693 0.269110 -0.882597
v -1.493675 0.246803 -0.884137
v -1.493675 0.269110 -0.882597
v -1.493675 0.244705 -0.993156
v -1.493675 0.287845 -0.990177
v -1.493675 0.331000 -0.977959
v -1.294693 0.287845 -0.990177
v -1.294693 0.331000 -0.977959
v -1.294693 0.373307 -0.954802
v -1.294693 0.289610 -0.876793
v -1.294693 0.310710 -0.865244
v -1.493675 0.289610 -0.876793
v -1.493675 0.310710 -0.865244
v -1.493675 0.328692 -0.849496
v -1.493675 0.373307 -0.954802
v -1.493675 0.409351 -0.923238
v -1.493675 0.435187 -0.887780
v -1.294693 0.409351 -0.923238
v -1.294693 0.435187 -0.887780
v -1.294693 0.328692 -0.849496
v -1.294693 0.340651 -0.833083
v -1.294693 0.348885 -0.814612
v -1.493675 0.340651 -0.833083
v -1.493675 0.348885 -0.814612
v -1.493675 0.354085 -0.792945
v -1.493675 0.452166 -0.849693
v -1.493675 0.461634 -0.810242
v -1.294693 0.452166 -0.849693
v -1.294693 0.461634 -0.810242
v -1.294693 0.464939 -0.770694
v -1.294693 0.354085 -0.792945
v -1.294693 0.356145 -0.768295
v -1.294693 0.355108 -0.741914
v -1.493675 0.356145 -0.768295
v -1.493675 0.355108 -0.741914
v -1.493675 0.464939 -0.770694
v -1.493675 0.463430 -0.732313
v -1.493675 0.458455 -0.696364
v -1.294693 0.463430 -0.732313
v -1.294693 0.458455 -0.696364
v -1.294693 0.451361 -0.664115
v -1.294693 0.351453 -0.715506
v -1.294693 0.346030 -0.690848
v -1.493675 0.351453 -0.715506
v -1.493675 0.346030 -0.690848
v -1.493675 0.339920 -0.669649
v -1.493675 0.451361 -0.664115
v -1.493675 0.443498 -0.636829
v -1.493675 0.436212 -0.615772
v -1.294693 0.443498 -0.636829
v -1.294693 0.436212 -0.615772
v -1.294693 0.339920 -0.669649
v -1.294693 0.334336 -0.653510
v -1.294693 0.330508 -0.643825
v -1.493675 0.334336 -0.653510
v -1.493675 0.330508 -0.643825
v -1.493675 0.228881 -0.409926
v -1.493675 0.430851 -0.602210
v -1.493675 0.428765 -0.597408
v -1.294693 0.430851 -0.602210
v -1.294693 0.428765 -0.597408
v -1.294693 0.433604 -0.599152
v -1.294693 0.228881 -0.409926
v -1.294693 0.470427 -0.496969
v -1.294693 0.483804 -0.501789
v -1.493675 0.470427 -0.496969
v -1.493675 0.483804 -0.501789
v -1.493675 0.433604 -0.599152
v -1.493675 0.446981 -0.603972
v -1.493675 0.467189 -0.611255
v -1.294693 0.446981 -0.603972
v -1.294693 0.467189 -0.611255
v -1.294693 0.492520 -0.620383
v -1.294693 0.504012 -0.509071
v -1.294693 0.529343 -0.518200
v -1.493675 0.504012 -0.509071
v -1.493675 0.529343 -0.518200
v -1.493675 0.558089 -0.528559
v -1.493675 0.492520 -0.620383
v -1.493675 0.521267 -0.630742
v -1.493675 0.551721 -0.641717
v -1.294693 0.521267 -0.630742
v -1.294693 0.551721 -0.641717
v -1.294693 0.558089 -0.528559
v -1.294693 0.588544 -0.539534
v -1.294693 0.597600 -0.542796
v -1.493675 0.588544 -0.539534
v -1.493675 0.597600 -0.542796
v -1.493675 0.617441 -0.506398
v -1.493675 0.674677 -0.686025
v -1.493675 0.719046 -0.544864
v -1.294693 0.674677 -0.686025
v -1.294693 0.719046 -0.544864
v -1.294693 0.746515 -0.477022
v -1.294693 0.617441 -0.506398
v -1.294693 0.646915 -0.433603
v -1.294693 0.684764 -0.352677
v -1.493675 0.646915 -0.433603
v -1.493675 0.684764 -0.352677
v -1.493675 0.746515 -0.477022
v -1.493675 0.781739 -0.401709
v -1.493675 0.825322 -0.321700
v -1.294693 0.781739 -0.401709
v -1.294693 0.825322 -0.321700
v -1.294693 0.877866 -0.239769
v -1.294693 0.731797 -0.266334
v -1.294693 0.788885 -0.177318
v -1.493675 0.731797 -0.266334
v -1.493675 0.788885 -0.177318
v -1.493675 0.856960 -0.088449
v -1.493675 0.877866 -0.239769
v -1.493675 0.939973 -0.158692
v -1.493676 1.012247 -0.081241
v -1.294693 0.939973 -0.158692
v -1.294693 1.012247 -0.081241
v -1.294693 0.856960 -0.088449
v -1.294693 0.937000 -0.002677
v -1.294693 0.991538 0.049935
v -1.493676 0.937000 -0.002677
v -1.493676 0.991538 0.049935
v -1.493676 1.095290 -0.010194
v -1.493676 1.095290 0.110065
v -1.493676 0.937000 0.102548
v -1.493676 0.856960 0.188320
v -1.493676 1.012247 0.181112
v -1.294693 0.937000 0.102548
v -1.294693 0.856960 0.188320
v -1.294693 1.012247 0.181112
v -1.294693 0.939973 0.258562
v -1.294693 1.095290 0.110065
v -1.294693 1.188284 0.049935
v -1.294693 1.095290 -0.010194
v -1.493676 1.188284 0.049935
v -1.294693 0.877866 0.339640
v -1.493676 0.939973 0.258562
v -1.493676 0.877866 0.339640
v -1.493676 0.825322 0.421571
v -1.493676 0.788885 0.277189
v -1.493676 0.731797 0.366204
v -1.294693 0.788885 0.277189
v -1.294693 0.731797 0.366204
v -1.294693 0.684764 0.452548
v -1.294693 0.825322 0.421571
v -1.294693 0.781739 0.501580
v -1.294693 0.746515 0.576893
v -1.493676 0.781739 0.501580
v -1.493676 0.746515 0.576893
v -1.493676 0.684764 0.452548
v -1.493676 0.646915 0.533473
v -1.493676 0.617441 0.606268
v -1.294693 0.646915 0.533473
v -1.294693 0.617441 0.606268
v -1.294693 0.597600 0.642667
v -1.294693 0.719046 0.644735
v -1.294693 0.674677 0.785896
v -1.493676 0.719046 0.644735
v -1.493676 0.674677 0.785896
v -1.493676 0.551721 0.741587
v -1.493676 0.597600 0.642667
v -1.493676 0.588544 0.639404
v -1.493676 0.558089 0.628430
v -1.294693 0.588544 0.639404
v -1.294693 0.558089 0.628430
v -1.294693 0.551721 0.741587
v -1.294693 0.521267 0.730613
v -1.294693 0.492520 0.720254
v -1.493676 0.521267 0.730613
v -1.493676 0.492520 0.720254
v -1.493676 0.467189 0.711125
v -1.493676 0.529343 0.618071
v -1.493676 0.504012 0.608942
v -1.294693 0.529343 0.618071
v -1.294693 0.504012 0.608942
v -1.294693 0.483804 0.601660
v -1.294693 0.467189 0.711125
v -1.294693 0.446981 0.703843
v -1.294693 0.433604 0.699023
v -1.493676 0.446981 0.703843
v -1.493676 0.433604 0.699023
v -1.493676 0.483804 0.601660
v -1.493676 0.470427 0.596839
v -1.493675 0.228881 0.509796
v -1.294693 0.470427 0.596839
v -1.294693 0.228881 0.509796
v -1.294693 0.330508 0.743696
v -1.294693 0.428765 0.697279
v -1.294693 0.430851 0.702081
v -1.493676 0.428765 0.697279
v -1.493676 0.430851 0.702081
v -1.493676 0.436212 0.715643
v -1.493676 0.330508 0.743696
v -1.493676 0.334336 0.753380
v -1.493676 0.339920 0.769519
v -1.294693 0.334336 0.753380
v -1.294693 0.339920 0.769519
v -1.294693 0.436212 0.715643
v -1.294693 0.443498 0.736700
v -1.294693 0.451361 0.763985
v -1.493676 0.443498 0.736700
v -1.493676 0.451361 0.763985
v -1.493676 0.458455 0.796235
v -1.493676 0.346030 0.790718
v -1.493676 0.351453 0.815377
v -1.294693 0.346030 0.790718
v -1.294693 0.351453 0.815377
v -1.294693 0.355108 0.841785
v -1.294693 0.458455 0.796235
v -1.294693 0.463430 0.832183
v -1.294693 0.464939 0.870564
v -1.493676 0.463430 0.832183
v -1.493676 0.464939 0.870564
v -1.493676 0.355108 0.841785
v -1.493676 0.356145 0.868165
v -1.493676 0.354085 0.892816
v -1.294693 0.356145 0.868165
v -1.294693 0.354085 0.892816
v -1.294693 0.348886 0.914483
v -1.294693 0.461634 0.910113
v -1.294693 0.452166 0.949563
v -1.493676 0.461634 0.910113
v -1.493676 0.452166 0.949563
v -1.493676 0.435188 0.987650
v -1.493676 0.348886 0.914483
v -1.493676 0.340651 0.932954
v -1.493676 0.328692 0.949367
v -1.294693 0.340651 0.932954
v -1.294693 0.328692 0.949367
v -1.294693 0.435188 0.987650
v -1.294693 0.409351 1.023109
v -1.294693 0.373308 1.054672
v -1.493676 0.409351 1.023109
v -1.493676 0.373308 1.054672
v -1.493676 0.331001 1.077830
v -1.493676 0.310710 0.965114
v -1.493676 0.289610 0.976664
v -1.294693 0.310710 0.965114
v -1.294693 0.289610 0.976664
v -1.294693 0.269110 0.982468
v -1.294693 0.331001 1.077830
v -1.294693 0.287845 1.090048
v -1.294693 0.244704 1.093027
v -1.493676 0.287845 1.090048
v -1.493676 0.244704 1.093027
v -1.493676 0.269110 0.982468
v -1.493676 0.246803 0.984008
v -1.493676 0.221858 0.981318
v -1.294693 0.246803 0.984008
v -1.294693 0.221858 0.981318
v -1.294693 0.194952 0.974416
v -1.294693 0.202442 1.088469
v -1.294693 0.161920 1.078075
v -1.493676 0.202442 1.088469
v -1.493676 0.161920 1.078075
v -1.493676 0.124001 1.063547
v -1.493676 0.194952 0.974416
v -1.493676 0.167509 0.963902
v -1.493676 0.141109 0.950905
v -1.294693 0.167509 0.963902
v -1.294693 0.141109 0.950905
v -1.294693 0.124001 1.063547
v -1.294693 0.089549 1.046586
v -1.294693 0.059426 1.028893
v -1.493676 0.089549 1.046586
v -1.493676 0.059426 1.028893
v -1.493676 0.034495 1.012171
v -1.493676 0.117233 0.936882
v -1.493676 0.097212 0.923453
v -1.294693 0.117233 0.936882
v -1.294693 0.097212 0.923453
v -1.294693 0.082240 0.912307
v -1.294693 0.034495 1.012171
v -1.294693 0.015619 0.998120
v -1.294693 0.003660 0.988441
v -1.493676 0.015619 0.998120
v -1.493676 0.003660 0.988441
v -1.493676 0.082240 0.912307
v -1.493676 0.073317 0.905086
v -1.294693 0.073317 0.905086
v -1.294693 -0.000518 0.984837
v -1.294693 -0.000518 -0.884966
v 1.294693 0.073317 -0.805215
v 1.294693 0.082239 -0.812436
v 1.294693 0.003660 -0.888570
v 1.493675 0.073317 -0.805215
v 1.493675 0.082239 -0.812436
v 1.493675 0.003660 -0.888570
v 1.493675 0.015618 -0.898249
v 1.493675 0.034494 -0.912300
v 1.294693 0.015618 -0.898249
v 1.294693 0.034494 -0.912300
v 1.294693 0.059426 -0.929023
v 1.294693 0.097212 -0.823582
v 1.294693 0.117233 -0.837011
v 1.493675 0.097212 -0.823582
v 1.493675 0.117233 -0.837011
v 1.493675 0.141109 -0.851034
v 1.493675 0.059426 -0.929023
v 1.493675 0.089549 -0.946715
v 1.493675 0.124001 -0.963676
v 1.294693 0.089549 -0.946715
v 1.294693 0.124001 -0.963676
v 1.294693 0.141109 -0.851034
v 1.294693 0.167509 -0.864031
v 1.294693 0.194952 -0.874546
v 1.493675 0.167509 -0.864031
v 1.493675 0.194952 -0.874546
v 1.493675 0.221858 -0.881447
v 1.493675 0.161920 -0.978204
v 1.493675 0.202442 -0.988598
v 1.294693 0.161920 -0.978204
v 1.294693 0.202442 -0.988598
v 1.294693 0.244704 -0.993156
v 1.294693 0.221858 -0.881447
v 1.294693 0.246803 -0.884137
v 1.294693 0.269110 -0.882597
v 1.493675 0.246803 -0.884137
v 1.493675 0.269110 -0.882597
v 1.493675 0.244704 -0.993156
v 1.493675 0.287845 -0.990177
v 1.493675 0.331000 -0.977959
v 1.294693 0.287845 -0.990177
v 1.294693 0.331000 -0.977959
v 1.294693 0.373307 -0.954802
v 1.294693 0.289610 -0.876793
v 1.294693 0.310710 -0.865244
v 1.493675 0.289610 -0.876793
v 1.493675 0.310710 -0.865244
v 1.493675 0.328692 -0.849496
v 1.493675 0.373307 -0.954802
v 1.493675 0.409350 -0.923238
v 1.493675 0.435187 -0.887780
v 1.294693 0.409350 -0.923238
v 1.294693 0.435187 -0.887780
v 1.294693 0.328692 -0.849496
v 1.294693 0.340651 -0.833083
v 1.294693 0.348885 -0.814612
v 1.493675 0.340651 -0.833083
v 1.493675 0.348885 -0.814612
v 1.493675 0.354085 -0.792945
v 1.493675 0.452166 -0.849693
v 1.493675 0.461633 -0.810242
v 1.294693 0.452166 -0.849693
v 1.294693 0.461633 -0.810242
v 1.294693 0.464939 -0.770694
v 1.294693 0.354085 -0.792945
v 1.294693 0.356145 -0.768295
v 1.294693 0.355108 -0.741914
v 1.493675 0.356145 -0.768295
v 1.493675 0.355108 -0.741914
v 1.493675 0.464939 -0.770694
v 1.493675 0.463430 -0.732313
v 1.493675 0.458455 -0.696364
v 1.294693 0.463430 -0.732313
v 1.294693 0.458455 -0.696364
v 1.294693 0.451361 -0.664115
v 1.294693 0.351453 -0.715506
v 1.294693 0.346030 -0.690848
v 1.493675 0.351453 -0.715506
v 1.493675 0.346030 -0.690848
v 1.493675 0.339920 -0.669649
v 1.493675 0.451361 -0.664115
v 1.493675 0.443497 -0.636829
v 1.493675 0.436212 -0.615772
v 1.294693 0.443497 -0.636829
v 1.294693 0.436212 -0.615772
v 1.294693 0.339920 -0.669649
v 1.294693 0.334336 -0.653510
v 1.294693 0.330508 -0.643825
v 1.493675 0.334336 -0.653510
v 1.493675 0.330508 -0.643825
v 1.493675 0.228880 -0.409926
v 1.493675 0.430851 -0.602210
v 1.493675 0.428765 -0.597408
v 1.294693 0.430851 -0.602210
v 1.294693 0.428765 -0.597408
v 1.294693 0.433604 -0.599152
v 1.294693 0.228880 -0.409926
v 1.294693 0.470427 -0.496969
v 1.294693 0.483804 -0.501789
v 1.493675 0.470427 -0.496969
v 1.493675 0.483804 -0.501789
v 1.493675 0.433604 -0.599152
v 1.493675 0.446981 -0.603972
v 1.493675 0.467189 -0.611255
v 1.294693 0.446981 -0.603972
v 1.294693 0.467189 -0.611255
v 1.294693 0.492520 -0.620383
v 1.294693 0.504011 -0.509071
v 1.294693 0.529343 -0.518200
v 1.493675 0.504011 -0.509071
v 1.493675 0.529343 -0.518200
v 1.493675 0.558089 -0.528559
v 1.493675 0.492520 -0.620383
v 1.493675 0.521267 -0.630742
v 1.493675 0.551721 -0.641717
v 1.294693 0.521267 -0.630742
v 1.294693 0.551721 -0.641717
v 1.294693 0.558089 -0.528559
v 1.294693 0.588544 -0.539534
v 1.294693 0.597600 -0.542796
v 1.493675 0.588544 -0.539534
v 1.493675 0.597600 -0.542796
v 1.493675 0.617440 -0.506398
v 1.493675 0.674677 -0.686025
v 1.493675 0.719046 -0.544864
v 1.294693 0.674677 -0.686025
v 1.294693 0.719046 -0.544864
v 1.294693 0.746515 -0.477022
v 1.294693 0.617440 -0.506398
v 1.294693 0.646914 -0.433603
v 1.294693 0.684764 -0.352677
v 1.493675 0.646914 -0.433603
v 1.493676 0.684764 -0.352677
v 1.493676 0.746515 -0.477022
v 1.493676 0.781739 -0.401709
v 1.493676 0.825322 -0.321700
v 1.294693 0.781739 -0.401709
v 1.294693 0.825322 -0.321700
v 1.294693 0.877866 -0.239769
v 1.294693 0.731797 -0.266334
v 1.294693 0.788884 -0.177318
v 1.493676 0.731797 -0.266334
v 1.493676 0.788884 -0.177318
v 1.493676 0.856960 -0.088449
v 1.493676 0.877866 -0.239769
v 1.493676 0.939973 -0.158692
v 1.493676 1.012247 -0.081241
v 1.294693 0.939973 -0.158692
v 1.294693 1.012247 -0.081241
v 1.294693 0.856960 -0.088449
v 1.294693 0.937000 -0.002677
v 1.294693 0.991538 0.049935
v 1.493676 0.937000 -0.002677
v 1.493676 0.991538 0.049935
v 1.493676 1.095290 -0.010194
v 1.493676 1.095290 0.110065
v 1.493676 0.937000 0.102548
v 1.493676 0.856960 0.188320
v 1.493676 1.012247 0.181112
v 1.294693 0.937000 0.102548
v 1.294693 0.856960 0.188320
v 1.294693 1.012247 0.181112
v 1.294693 0.939973 0.258562
v 1.294693 1.095290 0.110065
v 1.294693 1.188284 0.049935
v 1.294693 1.095290 -0.010194
v 1.493676 1.188284 0.049935
v 1.294693 0.877866 0.339640
v 1.493676 0.939973 0.258562
v 1.493676 0.877866 0.339640
v 1.493676 0.825322 0.421571
v 1.493676 0.788884 0.277189
v 1.493676 0.731797 0.366204
v 1.294693 0.788884 0.277189
v 1.294693 0.731797 0.366204
v 1.294693 0.684764 0.452548
v 1.294693 0.825322 0.421571
v 1.294693 0.781739 0.501580
v 1.294693 0.746515 0.576893
v 1.493676 0.781739 0.501580
v 1.493676 0.746515 0.576893
v 1.493676 0.684764 0.452548
v 1.493676 0.646914 0.533473
v 1.493676 0.617440 0.606268
v 1.294693 0.646914 0.533473
v 1.294693 0.617440 0.606268
v 1.294693 0.597600 0.642667
v 1.294693 0.719046 0.644735
v 1.294693 0.674677 0.785896
v 1.493676 0.719046 0.644735
v 1.493676 0.674677 0.785896
v 1.493676 0.551721 0.741587
v 1.493676 0.597600 0.642667
v 1.493676 0.588544 0.639404
v 1.493676 0.558089 0.628430
v 1.294693 0.588544 0.639404
v 1.294693 0.558089 0.628430
v 1.294693 0.551721 0.741587
v 1.294693 0.521267 0.730613
v 1.294693 0.492520 0.720254
v 1.493676 0.521267 0.730613
v 1.493676 0.492520 0.720254
v 1.493676 0.467189 0.711125
v 1.493676 0.529343 0.618071
v 1.493676 0.504012 0.608942
v 1.294693 0.529343 0.618071
v 1.294693 0.504012 0.608942
v 1.294693 0.483804 0.601660
v 1.294693 0.467189 0.711125
v 1.294693 0.446981 0.703843
v 1.294693 0.433603 0.699023
v 1.493676 0.446981 0.703843
v 1.493676 0.433603 0.699023
v 1.493676 0.483804 0.601660
v 1.493676 0.470427 0.596839
v 1.493676 0.228881 0.509796
v 1.294693 0.470427 0.596839
v 1.294693 0.228881 0.509796
v 1.294693 0.330508 0.743696
v 1.294693 0.428765 0.697279
v 1.294693 0.430851 0.702081
v 1.493676 0.428765 0.697279
v 1.493676 0.430851 0.702081
v 1.493676 0.436212 0.715643
v 1.493676 0.330508 0.743696
v 1.493676 0.334336 0.753380
v 1.493676 0.339920 0.769519
v 1.294693 0.334336 0.753380
v 1.294693 0.339920 0.769519
v 1.294693 0.436212 0.715643
v 1.294693 0.443498 0.736700
v 1.294693 0.451361 0.763985
v 1.493676 0.443498 0.736700
v 1.493676 0.451361 0.763985
v 1.493676 0.458455 0.796235
v 1.493676 0.346029 0.790718
v 1.493676 0.351453 0.815377
v 1.294693 0.346029 0.790718
v 1.294693 0.351453 0.815377
v 1.294693 0.355108 0.841785
v 1.294693 0.458455 0.796235
v 1.294693 0.463430 0.832183
v 1.294693 0.464939 0.870564
v 1.493676 0.463430 0.832183
v 1.493676 0.464939 0.870564
v 1.493676 0.355108 0.841785
v 1.493676 0.356145 0.868165
v 1.493676 0.354085 0.892816
v 1.294693 0.356145 0.868165
v 1.294693 0.354085 0.892816
v 1.294693 0.348885 0.914483
v 1.294693 0.461634 0.910113
v 1.294693 0.452166 0.949563
v 1.493676 0.461634 0.910113
v 1.493676 0.452166 0.949563
v 1.493676 0.435187 0.987650
v 1.493676 0.348885 0.914483
v 1.493676 0.340651 0.932954
v 1.493676 0.328692 0.949367
v 1.294693 0.340651 0.932954
v 1.294693 0.328692 0.949367
v 1.294693 0.435187 0.987650
v 1.294693 0.409351 1.023109
v 1.294693 0.373307 1.054672
v 1.493676 0.409351 1.023109
v 1.493676 0.373307 1.054672
v 1.493676 0.331000 1.077830
v 1.493676 0.310710 0.965114
v 1.493676 0.289610 0.976664
v 1.294693 0.310710 0.965114
v 1.294693 0.289610 0.976664
v 1.294693 0.269110 0.982468
v 1.294693 0.331000 1.077830
v 1.294693 0.287845 1.090048
v 1.294693 0.244704 1.093027
v 1.493676 0.287845 1.090048
v 1.493676 0.244704 1.093027
v 1.493676 0.269110 0.982468
v 1.493676 0.246803 0.984008
v 1.493676 0.221858 0.981318
v 1.294693 0.246803 0.984008
v 1.294693 0.221858 0.981318
v 1.294693 0.194951 0.974416
v 1.294693 0.202442 1.088469
v 1.294693 0.161920 1.078075
v 1.493676 0.202442 1.088469
v 1.493676 0.161920 1.078075
v 1.493676 0.124001 1.063547
v 1.493676 0.194951 0.974416
v 1.493676 0.167509 0.963902
v 1.493676 0.141109 0.950905
v 1.294693 0.167509 0.963902
v 1.294693 0.141109 0.950905
v 1.294693 0.124001 1.063547
v 1.294693 0.089549 1.046586
v 1.294693 0.059426 1.028893
v 1.493676 0.089549 1.046586
v 1.493676 0.059426 1.028893
v 1.493676 0.034495 1.012171
v 1.493676 0.117233 0.936882
v 1.493676 0.097212 0.923453
v 1.294693 0.117233 0.936882
v 1.294693 0.097212 0.923453
v 1.294693 0.082239 0.912307
v 1.294693 0.034495 1.012171
v 1.294693 0.015619 0.998120
v 1.294693 0.003660 0.988441
v 1.493676 0.015619 0.998120
v 1.493676 0.003660 0.988441
v 1.493676 0.082239 0.912307
v 1.493676 0.073317 0.905086
v 1.294693 0.073317 0.905086
v 1.294693 -0.000518 0.984837
v 1.294693 -0.000518 -0.884966
vn -0.0000 -0.0000 -1.0000
vn 0.1115 -0.9938 -0.0000
vn 0.0980 -0.9952 -0.0000
vn -0.0000 -0.0000 1.0000
vn 0.0748 -0.9972 -0.0000
vn -0.0693 0.7036 0.7072
vn -0.0528 0.7051 0.7072
vn -0.0529 0.7051 0.7072
vn -0.0789 0.7027 0.7071
vn -0.0242 0.7065 0.7073
vn -0.0342 0.9994 -0.0000
vn -0.0748 0.9972 -0.0000
vn -0.0980 0.9952 -0.0000
vn -0.0242 0.7065 -0.7073
vn -0.0528 0.7051 -0.7072
vn -0.0529 0.7051 -0.7072
vn -0.0693 0.7036 -0.7072
vn -0.0789 0.7027 -0.7071
vn -0.1115 0.9938 -0.0000
vn 0.5354 -0.4619 -0.7071
vn 0.5426 -0.4534 -0.7071
vn 0.7572 -0.6532 -0.0000
vn 0.7673 -0.6413 -0.0000
vn 0.5354 -0.4619 0.7071
vn 0.5426 -0.4534 0.7071
vn 0.5585 -0.4336 0.7072
vn 0.7899 -0.6133 -0.0000
vn 0.5773 -0.4081 0.7072
vn 0.8166 -0.5773 -0.0000
vn 0.5585 -0.4336 -0.7072
vn 0.5773 -0.4081 -0.7072
vn 0.5986 -0.3761 -0.7072
vn 0.8468 -0.5320 -0.0000
vn 0.6223 -0.3353 -0.7073
vn 0.8803 -0.4744 -0.0000
vn 0.5986 -0.3761 0.7072
vn 0.6223 -0.3353 0.7073
vn 0.6477 -0.2828 0.7075
vn 0.9164 -0.4002 -0.0000
vn 0.6732 -0.2145 0.7077
vn 0.9528 -0.3036 -0.0000
vn 0.6477 -0.2828 -0.7075
vn 0.6732 -0.2145 -0.7077
vn 0.6949 -0.1259 -0.7080
vn 0.9840 -0.1783 -0.0000
vn 0.7056 -0.0136 -0.7084
vn 0.9998 -0.0192 -0.0000
vn 0.6949 -0.1259 0.7080
vn 0.7056 -0.0136 0.7085
vn 0.6948 0.1210 0.7090
vn 0.9852 0.1716 -0.0000
vn 0.6524 0.2669 0.7093
vn 0.9255 0.3787 -0.0000
vn 0.6948 0.1210 -0.7090
vn 0.6524 0.2669 -0.7093
vn 0.5779 0.4039 -0.7092
vn 0.8196 0.5729 -0.0000
vn 0.4757 0.5203 -0.7092
vn 0.6748 0.7380 -0.0000
vn 0.5779 0.4039 0.7092
vn 0.4757 0.5203 0.7092
vn 0.3532 0.6104 0.7090
vn 0.5008 0.8656 -0.0000
vn 0.2270 0.6682 0.7085
vn 0.3216 0.9469 -0.0000
vn 0.3532 0.6104 -0.7090
vn 0.2270 0.6682 -0.7085
vn 0.1122 0.6973 -0.7079
vn 0.1588 0.9873 -0.0000
vn 0.0157 0.7065 -0.7075
vn 0.0220 0.9998 -0.0000
vn 0.1122 0.6973 0.7080
vn 0.0157 0.7065 0.7075
vn -0.0623 0.7042 0.7072
vn -0.0883 0.9961 -0.0000
vn -0.1244 0.6962 0.7070
vn -0.1761 0.9844 -0.0000
vn -0.0623 0.7043 -0.7072
vn -0.1244 0.6962 -0.7070
vn -0.1738 0.6858 -0.7067
vn -0.2460 0.9693 -0.0000
vn -0.2134 0.6748 -0.7065
vn -0.3021 0.9533 -0.0000
vn -0.1738 0.6858 0.7067
vn -0.2134 0.6748 0.7065
vn -0.2452 0.6642 0.7062
vn -0.3474 0.9377 -0.0000
vn -0.2707 0.6545 0.7059
vn -0.3830 0.9237 -0.0000
vn -0.2452 0.6642 -0.7062
vn -0.2707 0.6545 -0.7059
vn -0.2820 0.6499 -0.7058
vn -0.3983 0.9172 0.0003
vn -0.3983 0.9172 -0.0003
vn 0.6672 -0.2409 -0.7048
vn 0.6671 -0.2419 -0.7046
vn 0.9407 -0.3392 0.0005
vn 0.9407 -0.3392 -0.0005
vn 0.9407 -0.3391 -0.0000
vn 0.6672 -0.2409 0.7048
vn 0.6671 -0.2419 0.7046
vn -0.2820 0.6499 0.7058
vn 0.6674 -0.2429 0.7040
vn 0.9408 -0.3390 -0.0000
vn 0.6684 -0.2431 0.7030
vn 0.6674 -0.2429 -0.7040
vn 0.6684 -0.2431 -0.7029
vn 0.6696 -0.2438 -0.7016
vn 0.6711 -0.2450 -0.6998
vn 0.6696 -0.2438 0.7016
vn 0.6711 -0.2449 0.6998
vn 0.6737 -0.2452 0.6971
vn 0.6755 -0.2448 0.6956
vn 0.6737 -0.2452 -0.6971
vn 0.6755 -0.2448 -0.6956
vn 0.2097 0.6638 -0.7180
vn 0.2367 0.6555 -0.7172
vn 0.2363 0.6556 -0.7172
vn 0.2999 0.9540 -0.0000
vn 0.3378 0.9412 -0.0000
vn 0.2802 0.6404 -0.7151
vn 0.2803 0.6404 -0.7151
vn 0.3996 0.9167 -0.0000
vn 0.2367 0.6555 0.7172
vn 0.2363 0.6556 0.7172
vn 0.2803 0.6403 0.7151
vn 0.2802 0.6404 0.7151
vn 0.2097 0.6638 0.7180
vn 0.3166 0.6248 0.7138
vn 0.4512 0.8924 -0.0000
vn 0.3575 0.6033 0.7129
vn 0.5094 0.8605 -0.0000
vn 0.3166 0.6248 -0.7138
vn 0.3575 0.6033 -0.7129
vn 0.4032 0.5742 -0.7125
vn 0.5745 0.8185 -0.0000
vn 0.4531 0.5356 -0.7126
vn 0.6459 0.7634 -0.0000
vn 0.4032 0.5742 0.7125
vn 0.4531 0.5356 0.7126
vn 0.5061 0.4851 0.7131
vn 0.7222 0.6917 -0.0000
vn 0.5761 0.4185 0.7021
vn 0.5626 0.4306 0.7058
vn 0.8016 0.5979 -0.0000
vn 0.5061 0.4851 -0.7131
vn 0.5626 0.4306 -0.7058
vn 0.5761 0.4185 -0.7021
vn 0.6051 0.3916 -0.6932
vn 0.8397 0.5430 -0.0000
vn -0.5626 0.4306 -0.7058
vn -0.5761 0.4185 -0.7021
vn -0.6051 0.3916 -0.6932
vn -0.8397 0.5430 -0.0000
vn -0.8016 0.5979 -0.0000
vn -0.5761 0.4185 0.7021
vn -0.5626 0.4306 0.7058
vn -0.6051 0.3916 0.6932
vn 0.6051 0.3916 0.6932
vn -0.5061 0.4851 0.7131
vn -0.7222 0.6917 -0.0000
vn -0.7197 -0.6943 -0.0000
vn -0.7012 -0.7129 -0.0000
vn 0.7012 -0.7129 -0.0000
vn 0.7197 -0.6943 -0.0000
vn -0.5061 0.4851 -0.7131
vn -0.4531 0.5356 -0.7126
vn -0.6459 0.7634 -0.0000
vn -0.4032 0.5742 -0.7125
vn -0.5745 0.8185 -0.0000
vn -0.4032 0.5742 0.7125
vn -0.4531 0.5356 0.7126
vn 0.5745 -0.8185 -0.0000
vn 0.6459 -0.7634 -0.0000
vn 0.5094 -0.8605 -0.0000
vn -0.3575 0.6033 -0.7129
vn -0.3166 0.6248 -0.7138
vn -0.5094 0.8605 -0.0000
vn -0.4512 0.8924 -0.0000
vn -0.3166 0.6248 0.7138
vn -0.3575 0.6033 0.7129
vn 0.4512 -0.8924 -0.0000
vn 0.3996 -0.9167 -0.0000
vn 0.4277 -0.9039 -0.0000
vn -0.2367 0.6555 -0.7172
vn -0.2363 0.6556 -0.7172
vn -0.2803 0.6404 -0.7151
vn -0.2802 0.6404 -0.7151
vn -0.3996 0.9167 -0.0000
vn -0.3378 0.9412 -0.0000
vn -0.2363 0.6556 0.7172
vn -0.2367 0.6555 0.7172
vn -0.2802 0.6404 0.7151
vn -0.2803 0.6403 0.7151
vn -0.2097 0.6638 0.7180
vn 0.4786 -0.8780 -0.0000
vn 0.9408 0.3390 -0.0000
vn -0.6737 -0.2452 -0.6971
vn -0.6755 -0.2448 -0.6956
vn -0.2097 0.6638 -0.7179
vn -0.6711 -0.2450 -0.6998
vn -0.9408 -0.3390 -0.0000
vn -0.6711 -0.2449 0.6998
vn -0.6737 -0.2452 0.6971
vn -0.6755 -0.2448 0.6956
vn -0.2999 0.9540 -0.0000
vn -0.6696 -0.2438 0.7016
vn -0.6684 -0.2431 -0.7029
vn -0.6696 -0.2438 -0.7016
vn -0.6684 -0.2431 0.7030
vn -0.6674 -0.2429 0.7040
vn -0.6671 -0.2419 -0.7046
vn -0.6674 -0.2429 -0.7040
vn -0.9407 -0.3391 -0.0000
vn -0.6672 -0.2409 -0.7048
vn -0.9407 -0.3392 -0.0005
vn -0.9407 -0.3392 0.0005
vn -0.6672 -0.2409 0.7048
vn -0.6671 -0.2419 0.7046
vn 0.2707 0.6545 0.7059
vn 0.2820 0.6499 0.7058
vn -0.3831 -0.9237 -0.0000
vn -0.3985 -0.9172 -0.0000
vn 0.2707 0.6545 -0.7059
vn 0.2820 0.6499 -0.7058
vn 0.2452 0.6642 -0.7062
vn 0.3830 0.9237 -0.0000
vn 0.3474 0.9377 -0.0000
vn 0.3983 0.9172 -0.0003
vn 0.3983 0.9172 0.0003
vn 0.2452 0.6642 0.7062
vn 0.2134 0.6748 0.7065
vn 0.3021 0.9533 -0.0000
vn -0.3021 -0.9533 -0.0000
vn -0.3474 -0.9377 -0.0000
vn -0.2460 -0.9693 -0.0000
vn 0.1738 0.6858 -0.7067
vn 0.2134 0.6748 -0.7065
vn 0.2460 0.9693 -0.0000
vn 0.1244 0.6962 -0.7070
vn 0.1761 0.9844 -0.0000
vn 0.1244 0.6962 0.7070
vn 0.1738 0.6858 0.7067
vn -0.1761 -0.9844 -0.0000
vn -0.0883 -0.9961 -0.0000
vn 0.0623 0.7043 -0.7072
vn -0.0157 0.7065 -0.7075
vn 0.0883 0.9961 -0.0000
vn -0.0220 0.9998 -0.0000
vn -0.0157 0.7065 0.7075
vn 0.0623 0.7042 0.7072
vn -0.1122 0.6973 0.7080
vn 0.1588 -0.9873 -0.0000
vn 0.0220 -0.9998 -0.0000
vn 0.3216 -0.9469 -0.0000
vn -0.2270 0.6682 -0.7085
vn -0.1122 0.6973 -0.7079
vn -0.1588 0.9873 -0.0000
vn -0.3216 0.9469 -0.0000
vn -0.2270 0.6682 0.7085
vn -0.3532 0.6104 0.7090
vn -0.5008 0.8656 -0.0000
vn 0.5008 -0.8656 -0.0000
vn 0.6748 -0.7380 -0.0000
vn -0.4757 0.5203 -0.7092
vn -0.3532 0.6104 -0.7090
vn -0.6748 0.7380 -0.0000
vn -0.5779 0.4039 -0.7092
vn -0.8196 0.5729 -0.0000
vn -0.5779 0.4039 0.7092
vn -0.4757 0.5203 0.7092
vn -0.6524 0.2669 0.7093
vn 0.9255 -0.3787 -0.0000
vn 0.8196 -0.5729 -0.0000
vn -0.6524 0.2669 -0.7093
vn -0.6948 0.1210 -0.7090
vn -0.9255 0.3787 -0.0000
vn -0.9852 0.1716 -0.0000
vn -0.6948 0.1210 0.7090
vn -0.7056 -0.0136 0.7085
vn -0.9998 -0.0192 -0.0000
vn 0.9998 0.0192 -0.0000
vn 0.9852 -0.1716 -0.0000
vn 0.9840 0.1783 -0.0000
vn -0.6949 -0.1259 -0.7080
vn -0.7056 -0.0136 -0.7084
vn -0.9840 -0.1783 -0.0000
vn -0.6732 -0.2145 -0.7077
vn -0.9528 -0.3036 -0.0000
vn -0.6732 -0.2145 0.7077
vn -0.6949 -0.1259 0.7080
vn 0.9528 0.3036 -0.0000
vn 0.9165 0.4001 -0.0000
vn -0.6477 -0.2828 -0.7075
vn -0.6223 -0.3353 -0.7073
vn -0.9164 -0.4002 -0.0000
vn -0.8803 -0.4744 -0.0000
vn -0.6223 -0.3353 0.7073
vn -0.6477 -0.2828 0.7075
vn -0.5986 -0.3761 0.7072
vn 0.8468 0.5320 -0.0000
vn 0.8803 0.4744 -0.0000
vn 0.8166 0.5773 -0.0000
vn -0.5773 -0.4081 -0.7072
vn -0.5986 -0.3761 -0.7072
vn -0.8468 -0.5320 -0.0000
vn -0.8166 -0.5773 -0.0000
vn -0.5773 -0.4081 0.7072
vn -0.5585 -0.4336 0.7072
vn -0.7899 -0.6133 -0.0000
vn 0.7899 0.6132 -0.0000
vn 0.7674 0.6412 -0.0000
vn -0.5426 -0.4534 -0.7071
vn -0.5585 -0.4336 -0.7072
vn -0.7673 -0.6413 -0.0000
vn -0.5354 -0.4619 -0.7071
vn -0.7572 -0.6532 -0.0000
vn -0.5354 -0.4619 0.7071
vn -0.5426 -0.4534 0.7071
vn 0.0693 0.7036 0.7072
vn 0.0789 0.7027 0.7071
vn -0.0980 -0.9952 -0.0000
vn -0.1115 -0.9938 -0.0000
vn 0.7572 0.6532 -0.0000
vn 0.0693 0.7036 -0.7072
vn 0.0789 0.7027 -0.7071
vn 0.0528 0.7051 -0.7072
vn 0.0529 0.7051 -0.7072
vn 0.0242 0.7065 -0.7073
vn -0.0342 -0.9994 -0.0000
vn -0.0748 -0.9972 -0.0000
vn 0.0529 0.7051 0.7072
vn 0.0528 0.7051 0.7072
vn 0.0242 0.7065 0.7073
vn -0.0249 0.7064 0.7074
vn -0.0861 0.7014 0.7075
vn 0.1218 -0.9926 -0.0000
vn 0.0353 -0.9994 -0.0000
vn -0.0861 0.7014 -0.7075
vn -0.0249 0.7064 -0.7074
vn -0.0352 0.9994 -0.0000
vn -0.1218 0.9926 -0.0000
vn 0.0342 0.9994 -0.0000
vn 0.0748 0.9972 -0.0000
vn -0.1619 0.6877 -0.7078
vn -0.2292 0.9734 -0.0000
vn -0.1619 0.6877 0.7078
vn -0.2541 0.6588 0.7081
vn -0.3598 0.9330 -0.0000
vn 0.3599 -0.9330 -0.0000
vn 0.2291 -0.9734 -0.0000
vn -0.2541 0.6588 -0.7081
vn -0.3610 0.6062 -0.7086
vn -0.5117 0.8592 -0.0000
vn -0.4742 0.5218 -0.7091
vn -0.6725 0.7401 -0.0000
vn -0.4742 0.5218 0.7091
vn -0.3610 0.6062 0.7086
vn 0.6725 -0.7401 -0.0000
vn 0.5117 -0.8592 -0.0000
vn 0.8189 -0.5739 -0.0000
vn -0.5771 0.4045 -0.7094
vn -0.6528 0.2661 -0.7092
vn -0.8189 0.5739 -0.0000
vn -0.9260 0.3775 -0.0000
vn -0.6528 0.2661 0.7092
vn -0.5771 0.4045 0.7094
vn 0.9260 -0.3775 -0.0000
vn 0.9837 -0.1797 -0.0000
vn 0.9991 -0.0425 -0.0000
vn -0.7062 0.0301 -0.7074
vn -0.6940 0.1268 -0.7088
vn -0.9837 0.1797 -0.0000
vn -0.9991 0.0425 -0.0000
vn -0.7062 0.0301 0.7074
vn -0.6940 0.1268 0.7088
vn -0.7071 0.0005 0.7071
vn 1.0000 -0.0007 -0.0000
vn 1.0000 -0.0002 -0.0000
vn -0.7071 0.0001 -0.7071
vn -0.7071 0.0005 -0.7071
vn -1.0000 0.0007 -0.0000
vn -1.0000 0.0002 -0.0000
vn -0.7071 0.0001 0.7071
vn -0.7071 -0.0001 0.7071
vn -1.0000 -0.0001 -0.0000
vn -0.7071 -0.0002 0.7071
vn 1.0000 0.0004 -0.0000
vn 1.0000 0.0001 -0.0000
vn -0.7071 -0.0002 -0.7071
vn -0.7071 -0.0001 -0.7071
vn -1.0000 -0.0003 -0.0000
vn -0.7071 -0.0003 -0.7071
vn -1.0000 -0.0005 -0.0000
vn -0.7071 -0.0003 0.7071
vn -0.7071 -0.0004 0.7071
vn 1.0000 0.0005 -0.0000
vn -0.7071 -0.0004 -0.7071
vn -1.0000 -0.0004 -0.0000
vn -0.7071 0.0002 -0.7071
vn -0.7071 0.0002 0.7071
vn 1.0000 0.0002 -0.0000
vn 1.0000 -0.0001 -0.0000
vn -0.7071 0.0003 0.7071
vn 1.0000 -0.0004 -0.0000
vn 1.0000 -0.0005 -0.0000
vn -0.7071 0.0003 -0.7071
vn -0.7071 0.0004 -0.7071
vn -0.7071 0.0004 0.7071
vn -0.7071 -0.0005 -0.7071
vn 1.0000 0.0007 -0.0000
vn -0.7071 -0.0005 0.7071
vn -0.7062 -0.0301 0.7074
vn -0.6940 -0.1268 0.7088
vn 0.9991 0.0425 -0.0000
vn 0.9837 0.1797 -0.0000
vn -0.7062 -0.0301 -0.7074
vn -0.6940 -0.1268 -0.7088
vn -0.6528 -0.2661 -0.7092
vn -0.5771 -0.4045 -0.7094
vn 0.9260 0.3775 -0.0000
vn 0.8189 0.5740 -0.0000
vn -0.6528 -0.2661 0.7092
vn -0.5771 -0.4045 0.7094
vn -0.4742 -0.5218 0.7091
vn -0.3610 -0.6062 0.7086
vn 0.6725 0.7401 -0.0000
vn 0.5117 0.8592 -0.0000
vn -0.4742 -0.5218 -0.7091
vn -0.3610 -0.6062 -0.7086
vn -0.2541 -0.6588 -0.7081
vn -0.1619 -0.6877 -0.7078
vn 0.3598 0.9330 -0.0000
vn 0.2292 0.9734 -0.0000
vn -0.2541 -0.6588 0.7081
vn -0.1619 -0.6877 0.7078
vn -0.0861 -0.7014 0.7075
vn -0.0249 -0.7064 0.7074
vn 0.1218 0.9926 -0.0000
vn 0.0352 0.9994 -0.0000
vn -0.0861 -0.7014 -0.7075
vn -0.0249 -0.7064 -0.7074
vn 0.0242 -0.7065 -0.7073
vn 0.0528 -0.7051 -0.7072
vn 0.0529 -0.7051 -0.7072
vn 0.0242 -0.7065 0.7073
vn 0.0529 -0.7051 0.7072
vn 0.0528 -0.7051 0.7072
vn 0.0693 -0.7036 0.7072
vn 0.0694 -0.7036 0.7072
vn 0.0789 -0.7027 0.7071
vn 0.0694 -0.7036 -0.7072
vn 0.0693 -0.7036 -0.7072
vn 0.0789 -0.7027 -0.7071
vn -0.5354 0.4619 -0.7071
vn -0.5426 0.4534 -0.7071
vn -0.5585 0.4336 -0.7072
vn 0.7674 -0.6412 -0.0000
vn 0.7899 -0.6132 -0.0000
vn -0.5354 0.4619 0.7071
vn -0.5426 0.4534 0.7071
vn -0.5585 0.4336 0.7072
vn -0.5773 0.4081 0.7072
vn -0.5986 0.3761 0.7072
vn -0.5773 0.4081 -0.7072
vn -0.5986 0.3761 -0.7072
vn -0.6223 0.3353 -0.7073
vn -0.6477 0.2828 -0.7075
vn 0.9165 -0.4001 -0.0000
vn -0.6223 0.3353 0.7073
vn -0.6477 0.2828 0.7075
vn -0.6732 0.2145 0.7077
vn -0.6949 0.1259 0.7080
vn -0.6732 0.2145 -0.7077
vn -0.6949 0.1259 -0.7080
vn -0.7056 0.0136 -0.7084
vn -0.6948 -0.1210 -0.7090
vn -0.7056 0.0136 0.7084
vn -0.6948 -0.1210 0.7090
vn -0.6524 -0.2669 0.7093
vn -0.5779 -0.4039 0.7092
vn -0.6524 -0.2669 -0.7093
vn -0.5779 -0.4039 -0.7092
vn -0.4757 -0.5203 -0.7092
vn -0.3532 -0.6104 -0.7090
vn 0.6747 0.7380 -0.0000
vn -0.4757 -0.5203 0.7092
vn -0.3532 -0.6104 0.7090
vn -0.2270 -0.6682 0.7085
vn -0.1122 -0.6973 0.7079
vn -0.2270 -0.6682 -0.7085
vn -0.1122 -0.6973 -0.7079
vn -0.0157 -0.7065 -0.7075
vn 0.0623 -0.7043 -0.7072
vn -0.0157 -0.7065 0.7075
vn 0.0623 -0.7043 0.7072
vn 0.1244 -0.6962 0.7069
vn 0.1738 -0.6858 0.7067
vn 0.1244 -0.6962 -0.7069
vn 0.1738 -0.6858 -0.7067
vn 0.2134 -0.6748 -0.7065
vn 0.2452 -0.6642 -0.7062
vn -0.3473 0.9377 -0.0000
vn 0.2134 -0.6748 0.7065
vn 0.2452 -0.6642 0.7062
vn 0.2707 -0.6545 0.7059
vn 0.2820 -0.6499 0.7058
vn -0.3831 0.9237 -0.0000
vn -0.3985 0.9172 -0.0000
vn 0.2707 -0.6545 -0.7059
vn 0.2820 -0.6499 -0.7058
vn -0.6672 0.2409 -0.7048
vn -0.6671 0.2419 -0.7046
vn -0.6674 0.2429 -0.7040
vn -0.6672 0.2409 0.7048
vn -0.6671 0.2419 0.7046
vn -0.6674 0.2429 0.7040
vn -0.6684 0.2431 0.7030
vn -0.6696 0.2439 0.7016
vn -0.6696 0.2438 0.7016
vn -0.6684 0.2431 -0.7030
vn -0.6696 0.2438 -0.7016
vn -0.6696 0.2439 -0.7016
vn -0.6711 0.2449 -0.6998
vn -0.6737 0.2452 -0.6971
vn -0.6711 0.2449 0.6998
vn -0.6737 0.2452 0.6971
vn -0.6755 0.2448 0.6956
vn -0.2097 -0.6638 0.7179
vn -0.2363 -0.6556 0.7172
vn -0.2367 -0.6555 0.7172
vn 0.4276 0.9039 -0.0000
vn 0.4786 0.8780 -0.0000
vn -0.6755 0.2448 -0.6956
vn -0.2097 -0.6638 -0.7179
vn -0.2367 -0.6555 -0.7172
vn -0.2363 -0.6556 -0.7172
vn -0.2802 -0.6404 -0.7151
vn -0.2803 -0.6404 -0.7151
vn -0.3166 -0.6248 -0.7138
vn -0.2803 -0.6404 0.7151
vn -0.2802 -0.6404 0.7151
vn -0.3166 -0.6248 0.7138
vn -0.3575 -0.6033 0.7129
vn -0.4032 -0.5742 0.7125
vn -0.3575 -0.6033 -0.7129
vn -0.4032 -0.5742 -0.7125
vn -0.4531 -0.5356 -0.7126
vn -0.5061 -0.4851 -0.7131
vn 0.7012 0.7129 -0.0000
vn -0.4531 -0.5356 0.7126
vn -0.5061 -0.4851 0.7131
vn -0.5761 -0.4185 0.7021
vn -0.5626 -0.4306 0.7057
vn -0.6051 -0.3916 0.6932
vn -0.7012 0.7129 -0.0000
vn -0.7197 0.6943 -0.0000
vn 0.7197 0.6943 -0.0000
vn 0.6051 -0.3916 0.6932
vn 0.5761 -0.4185 0.7021
vn 0.5626 -0.4306 0.7057
vn 0.5061 -0.4851 0.7131
vn 0.4531 -0.5356 0.7126
vn 0.4032 -0.5742 0.7125
vn 0.4032 -0.5742 -0.7125
vn 0.4531 -0.5356 -0.7126
vn 0.5061 -0.4851 -0.7131
vn 0.5761 -0.4185 -0.7021
vn 0.5626 -0.4306 -0.7057
vn 0.6051 -0.3916 -0.6932
vn -0.6051 -0.3916 -0.6932
vn -0.5761 -0.4185 -0.7021
vn -0.5626 -0.4306 -0.7057
vn -0.8016 -0.5979 -0.0000
vn -0.8397 -0.5430 -0.0000
vn -0.7222 -0.6917 -0.0000
vn -0.6459 -0.7634 -0.0000
vn 0.8397 -0.5430 -0.0000
vn 0.8016 -0.5979 -0.0000
vn 0.7222 -0.6917 -0.0000
vn 0.3575 -0.6033 -0.7129
vn 0.3575 -0.6033 0.7129
vn 0.3166 -0.6248 0.7138
vn 0.3166 -0.6248 -0.7138
vn 0.2802 -0.6404 -0.7151
vn 0.2803 -0.6404 -0.7151
vn 0.2367 -0.6555 -0.7172
vn 0.2363 -0.6556 -0.7172
vn 0.3378 -0.9412 -0.0000
vn 0.2363 -0.6556 0.7172
vn 0.2367 -0.6555 0.7172
vn 0.2802 -0.6404 0.7151
vn 0.2803 -0.6404 0.7151
vn -0.4276 0.9039 -0.0000
vn -0.4786 0.8780 -0.0000
vn 0.2097 -0.6638 -0.7179
vn 0.6737 0.2452 -0.6971
vn 0.6755 0.2448 -0.6956
vn 0.6711 0.2449 -0.6998
vn 0.6737 0.2452 0.6971
vn 0.6755 0.2448 0.6956
vn 0.6711 0.2449 0.6998
vn 0.2097 -0.6638 0.7179
vn 0.2999 -0.9540 -0.0000
vn 0.6696 0.2439 0.7016
vn 0.6696 0.2438 0.7016
vn 0.6684 0.2431 0.7030
vn 0.6684 0.2431 -0.7030
vn 0.6696 0.2439 -0.7016
vn 0.6696 0.2438 -0.7016
vn 0.6674 0.2429 -0.7040
vn 0.6674 0.2429 0.7040
vn 0.6671 0.2419 0.7046
vn 0.9408 0.3391 -0.0000
vn 0.6671 0.2419 -0.7046
vn 0.6672 0.2409 -0.7048
vn 0.9407 0.3391 -0.0003
vn 0.9407 0.3391 0.0003
vn -0.2707 -0.6545 -0.7059
vn -0.2820 -0.6499 -0.7058
vn -0.3986 -0.9171 -0.0000
vn -0.2707 -0.6545 0.7059
vn -0.2820 -0.6499 0.7058
vn 0.6672 0.2409 0.7048
vn 0.3831 0.9237 -0.0000
vn 0.3985 0.9172 -0.0000
vn 0.3473 0.9377 -0.0000
vn -0.2452 -0.6642 -0.7062
vn -0.2134 -0.6748 -0.7065
vn -0.3473 -0.9377 -0.0000
vn -0.2134 -0.6748 0.7065
vn -0.2452 -0.6642 0.7062
vn -0.1244 -0.6962 -0.7069
vn -0.1738 -0.6858 -0.7067
vn -0.1244 -0.6962 0.7069
vn -0.1738 -0.6858 0.7067
vn -0.0623 -0.7043 0.7072
vn 0.0157 -0.7065 -0.7075
vn -0.0623 -0.7043 -0.7072
vn 0.0157 -0.7065 0.7075
vn 0.1122 -0.6973 0.7079
vn 0.2270 -0.6682 0.7085
vn 0.2270 -0.6682 -0.7085
vn 0.1122 -0.6973 -0.7079
vn 0.3532 -0.6104 -0.7090
vn 0.3532 -0.6104 0.7090
vn 0.4757 -0.5203 0.7092
vn 0.6747 -0.7381 -0.0000
vn -0.6747 0.7380 -0.0000
vn 0.4757 -0.5203 -0.7092
vn 0.5779 -0.4039 -0.7092
vn 0.6524 -0.2669 -0.7093
vn 0.6524 -0.2669 0.7093
vn 0.5779 -0.4039 0.7092
vn 0.6948 -0.1210 -0.7090
vn 0.7056 0.0136 -0.7084
vn 0.7056 0.0136 0.7084
vn 0.6948 -0.1210 0.7090
vn 0.6732 0.2145 -0.7077
vn 0.6949 0.1259 -0.7080
vn 0.6732 0.2145 0.7077
vn 0.6949 0.1259 0.7080
vn 0.6477 0.2828 0.7075
vn -0.9165 -0.4001 -0.0000
vn 0.6223 0.3353 -0.7073
vn 0.6477 0.2828 -0.7075
vn 0.9164 0.4002 -0.0000
vn 0.6223 0.3353 0.7073
vn 0.5986 0.3761 0.7072
vn 0.5773 0.4081 0.7072
vn 0.5773 0.4081 -0.7072
vn 0.5986 0.3761 -0.7072
vn 0.5585 0.4336 -0.7072
vn 0.5585 0.4336 0.7072
vn 0.5426 0.4534 0.7071
vn 0.7673 0.6412 -0.0000
vn -0.7674 -0.6412 -0.0000
vn -0.7899 -0.6132 -0.0000
vn 0.5426 0.4534 -0.7071
vn 0.5354 0.4619 -0.7071
vn -0.0694 -0.7036 -0.7072
vn -0.0693 -0.7036 -0.7072
vn -0.0789 -0.7027 -0.7071
vn -0.1117 -0.9937 -0.0000
vn -0.0981 -0.9952 -0.0000
vn -0.0693 -0.7036 0.7072
vn -0.0694 -0.7036 0.7072
vn -0.0789 -0.7027 0.7071
vn 0.5354 0.4619 0.7071
vn 0.0980 0.9952 -0.0000
vn 0.1115 0.9938 -0.0000
vn -0.0528 -0.7051 -0.7072
vn -0.0529 -0.7051 -0.7072
vn -0.0242 -0.7065 -0.7073
vn -0.0242 -0.7065 0.7073
vn -0.0528 -0.7051 0.7072
vn -0.0529 -0.7051 0.7072
vn 0.0861 -0.7014 -0.7075
vn 0.0249 -0.7064 -0.7074
vn 0.0352 -0.9994 -0.0000
vn 0.0861 -0.7014 0.7075
vn 0.0249 -0.7064 0.7074
vn 0.1619 -0.6877 0.7078
vn 0.2541 -0.6588 -0.7081
vn 0.1619 -0.6877 -0.7078
vn 0.2292 -0.9734 -0.0000
vn 0.2541 -0.6588 0.7081
vn 0.3610 -0.6062 0.7086
vn 0.4742 -0.5218 0.7091
vn 0.4742 -0.5218 -0.7091
vn 0.3610 -0.6062 -0.7086
vn 0.5771 -0.4045 -0.7094
vn 0.8189 -0.5740 -0.0000
vn 0.5771 -0.4045 0.7094
vn 0.6528 -0.2661 0.7092
vn -0.8189 0.5740 -0.0000
vn 0.6528 -0.2661 -0.7092
vn 0.6940 -0.1268 -0.7088
vn 0.7062 -0.0301 -0.7074
vn 0.7062 -0.0301 0.7074
vn 0.6940 -0.1268 0.7088
vn 0.7071 -0.0005 -0.7071
vn 0.7071 -0.0001 -0.7071
vn 0.7071 -0.0001 0.7071
vn 0.7071 -0.0005 0.7071
vn 0.7071 0.0002 -0.7071
vn 0.7071 0.0001 -0.7071
vn 1.0000 0.0003 -0.0000
vn 0.7071 0.0002 0.7071
vn 0.7071 0.0001 0.7071
vn 0.7071 0.0003 0.7071
vn 0.7071 0.0004 -0.7071
vn 0.7071 0.0003 -0.7071
vn 0.7071 0.0004 0.7071
vn 0.7071 -0.0002 0.7071
vn 0.7071 -0.0002 -0.7071
vn -1.0000 -0.0002 -0.0000
vn -1.0000 0.0001 -0.0000
vn -1.0000 0.0004 -0.0000
vn 0.7071 -0.0003 0.7071
vn 0.7071 -0.0004 0.7071
vn -1.0000 0.0005 -0.0000
vn 0.7071 -0.0003 -0.7071
vn 0.7071 -0.0004 -0.7071
vn 0.7071 0.0005 -0.7071
vn 0.7062 0.0301 -0.7074
vn -1.0000 -0.0007 -0.0000
vn -0.9991 -0.0425 -0.0000
vn 0.7071 0.0005 0.7071
vn 0.7062 0.0301 0.7074
vn 0.6940 0.1268 0.7088
vn 0.6528 0.2661 0.7092
vn -0.9837 -0.1797 -0.0000
vn -0.9260 -0.3775 -0.0000
vn 0.6940 0.1268 -0.7088
vn 0.6528 0.2661 -0.7092
vn 0.5771 0.4045 -0.7094
vn 0.4742 0.5218 -0.7091
vn -0.8189 -0.5739 -0.0000
vn -0.6725 -0.7401 -0.0000
vn 0.5771 0.4045 0.7094
vn 0.4742 0.5218 0.7091
vn 0.3610 0.6062 0.7086
vn 0.2541 0.6588 0.7081
vn -0.5117 -0.8592 -0.0000
vn -0.3599 -0.9330 -0.0000
vn 0.3610 0.6062 -0.7086
vn 0.2541 0.6588 -0.7081
vn 0.1619 0.6877 -0.7078
vn 0.0861 0.7014 -0.7075
vn -0.2291 -0.9734 -0.0000
vn -0.1218 -0.9926 -0.0000
vn 0.1619 0.6877 0.7078
vn 0.0861 0.7014 0.7075
vn 0.0249 0.7064 0.7074
vn -0.0353 -0.9994 -0.0000
vn 0.0342 -0.9994 -0.0000
vn 0.0249 0.7064 -0.7074
vn 0.8189 0.5739 -0.0000
vn 1.0000 -0.0003 -0.0000
vn -0.5745 -0.8185 -0.0000
vn -0.5094 -0.8605 -0.0000
vn -0.4512 -0.8924 -0.0000
vn -0.3996 -0.9167 -0.0000
vn -0.3378 -0.9412 -0.0000
vn -0.2999 -0.9540 -0.0000
vn -0.9408 0.3390 -0.0000
vn -0.9408 0.3391 -0.0000
vn -0.9407 0.3391 0.0003
vn -0.9407 0.3391 -0.0003
vn 0.3831 -0.9237 -0.0000
vn 0.3986 -0.9171 -0.0000
vn 0.3473 -0.9377 -0.0000
vn 0.3021 -0.9533 -0.0000
vn 0.2460 -0.9693 -0.0000
vn 0.1761 -0.9844 -0.0000
vn 0.0883 -0.9961 -0.0000
vn -0.0220 -0.9998 -0.0000
vn -0.1588 -0.9873 -0.0000
vn -0.3216 -0.9469 -0.0000
vn -0.5008 -0.8656 -0.0000
vn -0.6747 -0.7381 -0.0000
vn -0.8196 -0.5729 -0.0000
vn -0.9255 -0.3787 -0.0000
vn -0.9852 -0.1716 -0.0000
vn -0.9998 0.0192 -0.0000
vn -0.9840 0.1783 -0.0000
vn -0.9528 0.3036 -0.0000
vn -0.9164 0.4002 -0.0000
vn -0.8803 0.4744 -0.0000
vn -0.8468 0.5320 -0.0000
vn -0.8166 0.5773 -0.0000
vn -0.7899 0.6132 -0.0000
vn -0.7673 0.6412 -0.0000
vn -0.7572 0.6532 -0.0000
vn 0.0981 -0.9952 -0.0000
vn 0.1117 -0.9937 -0.0000
vn -0.0352 -0.9994 -0.0000
vn -0.2292 -0.9734 -0.0000
vn -0.8189 -0.5740 -0.0000
vn -1.0000 0.0003 -0.0000
vn -0.4277 -0.9039 -0.0000
vn -0.4786 -0.8780 -0.0000
vn 0.3985 -0.9172 -0.0000
vn 0.3474 -0.9377 -0.0000
vn -0.6748 -0.7380 -0.0000
vn -0.9165 0.4001 -0.0000
vn -0.7674 0.6412 -0.0000
vn -1.0000 -0.0000 -0.0000
vn -0.0000 -1.0000 -0.0000
vn -0.5917 -0.0000 0.8062
vn -0.5917 -0.8062 -0.0000
vn -0.0000 1.0000 -0.0000
vn -0.5917 -0.0000 -0.8062
vn -0.5917 0.8062 -0.0000
vn 1.0000 -0.0000 -0.0000
vn 0.6303 -0.7764 -0.0000
vn -0.0000 -0.7764 0.6303
vn 0.4685 0.8835 -0.0000
vn 0.1845 0.9654 -0.1845
vn 0.1845 0.9654 0.1845
vn -0.0000 0.8835 0.4685
vn -0.1845 0.9654 0.1845
vn -0.1845 0.9654 -0.1845
vn -0.4685 0.8835 -0.0000
vn -0.0000 0.8835 -0.4685
vn -0.6303 -0.7764 -0.0000
vn -0.0000 -0.7764 -0.6303
vn 0.5917 -0.0000 0.8062
vn 0.5917 -0.8062 -0.0000
vn 0.5917 -0.0000 -0.8062
vn 0.5917 0.8062 -0.0000
vn -0.0000 0.6291 0.7773
vn -0.0000 0.6132 0.7899
vn -0.0000 -0.6132 -0.7899
vn -0.0000 -0.6291 -0.7773
vn -0.0000 -0.5773 -0.8166
vn -0.0000 -0.5320 -0.8468
vn -0.0000 0.5773 0.8166
vn -0.0000 0.5320 0.8468
vn -0.0000 0.4744 0.8803
vn -0.0000 -0.4744 -0.8803
vn -0.0000 -0.4001 -0.9165
vn -0.0000 0.4002 0.9164
vn -0.0000 0.3036 0.9528
vn -0.0000 0.1783 0.9840
vn -0.0000 -0.3036 -0.9528
vn -0.0000 -0.1783 -0.9840
vn -0.0000 -0.0192 -0.9998
vn -0.0000 0.0192 0.9998
vn -0.0000 -0.1716 0.9852
vn -0.0000 0.1716 -0.9852
vn -0.0000 0.3787 -0.9255
vn -0.0000 0.5729 -0.8196
vn -0.0000 -0.3787 0.9255
vn -0.0000 -0.5729 0.8196
vn -0.0000 -0.7381 0.6747
vn -0.0000 0.7380 -0.6748
vn -0.0000 0.8656 -0.5008
vn -0.0000 -0.8656 0.5008
vn -0.0000 -0.9469 0.3216
vn -0.0000 -0.9873 0.1588
vn -0.0000 0.9469 -0.3216
vn -0.0000 0.9873 -0.1588
vn -0.0000 0.9998 -0.0220
vn -0.0000 -0.9998 0.0220
vn -0.0000 -0.9961 -0.0883
vn -0.0000 0.9961 0.0883
vn -0.0000 0.9844 0.1761
vn -0.0000 0.9693 0.2460
vn -0.0000 -0.9844 -0.1761
vn -0.0000 -0.9693 -0.2460
vn -0.0000 -0.9533 -0.3021
vn -0.0000 0.9533 0.3021
vn -0.0000 0.9377 0.3474
vn -0.0000 -0.9377 -0.3474
vn -0.0000 -0.9237 -0.3831
vn -0.0000 -0.9172 -0.3985
vn -0.0000 0.9237 0.3831
vn -0.0000 0.9172 0.3984
vn -0.0000 -0.3390 -0.9408
vn -0.0000 -0.3391 -0.9408
vn -0.0000 0.3390 0.9408
vn -0.0000 0.3389 0.9408
vn -0.0000 -0.8780 0.4786
vn -0.0000 -0.9039 0.4277
vn -0.0000 0.9412 -0.3378
vn -0.0000 0.9540 -0.2999
vn -0.0000 0.9167 -0.3996
vn -0.0000 -0.9167 0.3996
vn -0.0000 -0.8924 0.4512
vn -0.0000 0.8924 -0.4512
vn -0.0000 0.8605 -0.5094
vn -0.0000 0.8185 -0.5745
vn -0.0000 -0.8605 0.5094
vn -0.0000 -0.8185 0.5745
vn -0.0000 -0.7634 0.6459
vn -0.0000 0.7634 -0.6459
vn -0.0000 0.6917 -0.7222
vn -0.0000 -0.7129 0.7012
vn -0.0000 -0.6943 0.7197
vn -0.0000 -0.6943 -0.7197
vn -0.0000 -0.7129 -0.7012
vn -0.0000 -0.7634 -0.6459
vn -0.0000 0.7634 0.6459
vn -0.0000 0.6917 0.7222
vn -0.0000 0.5979 0.8016
vn -0.0000 0.5430 0.8397
vn -0.0000 0.5430 -0.8398
vn -0.0000 0.5979 -0.8016
vn -0.0000 0.8185 0.5745
vn -0.0000 0.8605 0.5094
vn -0.0000 -0.8185 -0.5745
vn -0.0000 -0.8605 -0.5094
vn -0.0000 -0.8924 -0.4512
vn -0.0000 0.8924 0.4512
vn -0.0000 0.9167 0.3996
vn -0.0000 -0.9167 -0.3996
vn -0.0000 -0.9039 -0.4277
vn -0.0000 -0.8780 -0.4786
vn -0.0000 0.9540 0.2999
vn -0.0000 0.9412 0.3378
vn -0.0000 -0.3390 0.9408
vn -0.0000 0.3390 -0.9408
vn -0.0000 -0.9172 0.3985
vn -0.0000 -0.9237 0.3831
vn -0.0000 0.9237 -0.3831
vn -0.0000 0.9172 -0.3984
vn -0.0000 -0.3391 0.9408
vn -0.0000 0.9377 -0.3474
vn -0.0000 -0.9377 0.3474
vn -0.0000 -0.9533 0.3021
vn -0.0000 0.9533 -0.3021
vn -0.0000 0.9693 -0.2460
vn -0.0000 0.9844 -0.1761
vn -0.0000 -0.9693 0.2460
vn -0.0000 -0.9844 0.1761
vn -0.0000 -0.9961 0.0883
vn -0.0000 0.9961 -0.0883
vn -0.0000 0.9998 0.0220
vn -0.0000 -0.9998 -0.0220
vn -0.0000 -0.9873 -0.1588
vn -0.0000 -0.9469 -0.3216
vn -0.0000 0.9469 0.3216
vn -0.0000 0.9873 0.1588
vn -0.0000 0.8656 0.5008
vn -0.0000 -0.8656 -0.5008
vn -0.0000 -0.7380 -0.6747
vn -0.0000 0.7380 0.6748
vn -0.0000 0.5729 0.8196
vn -0.0000 0.3787 0.9255
vn -0.0000 -0.5729 -0.8196
vn -0.0000 -0.3787 -0.9255
vn -0.0000 -0.1716 -0.9852
vn -0.0000 0.1716 0.9852
vn -0.0000 -0.0192 0.9998
vn -0.0000 0.0192 -0.9998
vn -0.0000 0.1783 -0.9840
vn -0.0000 0.3036 -0.9528
vn -0.0000 -0.3036 0.9528
vn -0.0000 -0.1783 0.9840
vn -0.0000 -0.4001 0.9165
vn -0.0000 0.4001 -0.9165
vn -0.0000 0.4744 -0.8803
vn -0.0000 -0.4744 0.8803
vn -0.0000 -0.5320 0.8468
vn -0.0000 -0.5772 0.8166
vn -0.0000 0.5320 -0.8468
vn -0.0000 0.5773 -0.8166
vn -0.0000 0.6132 -0.7899
vn -0.0000 -0.6132 0.7899
vn -0.0000 -0.6291 0.7773
vn -0.0000 0.6291 -0.7773
vn -0.0000 -0.6133 -0.7899
vn -0.0000 0.9998 -0.0221
vn -0.0000 0.9533 0.3020
vn -0.0000 -0.9039 0.4276
vn -0.0000 -0.9039 -0.4276
vn -0.0000 -0.3391 0.9407
vn -0.0000 -0.9533 0.3020
vn -0.0000 0.4001 -0.9164
vn -0.0000 -0.7673 0.6412
vn -0.0000 -0.7673 -0.6412
vt 0.536772 0.880864
vt 0.536551 0.880883
vt 0.536423 0.880891
vt 0.536212 0.880892
vt 0.535947 0.880872
vt 0.535659 0.880823
vt 0.535380 0.880739
vt 0.535131 0.880620
vt 0.534922 0.880468
vt 0.534745 0.880268
vt 0.534588 0.879979
vt 0.534463 0.879539
vt 0.534404 0.878840
vt 0.534403 0.877882
vt 0.534402 0.876810
vt 0.534402 0.875695
vt 0.534403 0.874546
vt 0.534403 0.873376
vt 0.534404 0.872194
vt 0.534404 0.871013
vt 0.534405 0.869842
vt 0.534405 0.868693
vt 0.534405 0.867576
vt 0.534405 0.866503
vt 0.534405 0.849752
vt 0.534405 0.848679
vt 0.534405 0.847563
vt 0.534405 0.846413
vt 0.534404 0.845243
vt 0.534404 0.844061
vt 0.534403 0.842880
vt 0.534403 0.841709
vt 0.534402 0.840561
vt 0.534402 0.839445
vt 0.534403 0.838373
vt 0.534404 0.837415
vt 0.534463 0.836717
vt 0.534588 0.836277
vt 0.534745 0.835987
vt 0.534922 0.835787
vt 0.535131 0.835635
vt 0.535380 0.835517
vt 0.535659 0.835433
vt 0.535947 0.835383
vt 0.536212 0.835364
vt 0.536423 0.835364
vt 0.536551 0.835373
vt 0.536772 0.835391
vt 0.540470 0.835806
vt 0.538034 0.832982
vt 0.537938 0.832863
vt 0.537790 0.832665
vt 0.537611 0.832399
vt 0.537425 0.832082
vt 0.537253 0.831731
vt 0.537113 0.831367
vt 0.537021 0.831009
vt 0.536986 0.830678
vt 0.537006 0.830382
vt 0.537083 0.830109
vt 0.537236 0.829829
vt 0.537446 0.829590
vt 0.537664 0.829432
vt 0.537909 0.829322
vt 0.538197 0.829253
vt 0.538524 0.829226
vt 0.538874 0.829240
vt 0.539225 0.829288
vt 0.539553 0.829360
vt 0.539834 0.829441
vt 0.540048 0.829515
vt 0.540177 0.829566
vt 0.543283 0.830916
vt 0.542127 0.827708
vt 0.542063 0.827530
vt 0.541967 0.827262
vt 0.541845 0.826926
vt 0.541708 0.826544
vt 0.541562 0.826139
vt 0.541519 0.826019
vt 0.542002 0.825756
vt 0.542969 0.825364
vt 0.544044 0.824861
vt 0.545190 0.824237
vt 0.546373 0.823479
vt 0.547553 0.822575
vt 0.548692 0.821512
vt 0.549391 0.820787
vt 0.550089 0.821512
vt 0.551229 0.822575
vt 0.552409 0.823479
vt 0.553591 0.824237
vt 0.554738 0.824861
vt 0.555813 0.825364
vt 0.556779 0.825756
vt 0.557263 0.826019
vt 0.557219 0.826139
vt 0.557074 0.826544
vt 0.556936 0.826926
vt 0.556815 0.827262
vt 0.556718 0.827530
vt 0.556654 0.827708
vt 0.555498 0.830916
vt 0.558604 0.829566
vt 0.558733 0.829515
vt 0.558947 0.829441
vt 0.559229 0.829360
vt 0.559556 0.829288
vt 0.559907 0.829240
vt 0.560258 0.829226
vt 0.560585 0.829253
vt 0.560873 0.829322
vt 0.561118 0.829432
vt 0.561336 0.829590
vt 0.561545 0.829829
vt 0.561699 0.830109
vt 0.561776 0.830382
vt 0.561796 0.830678
vt 0.561760 0.831009
vt 0.561669 0.831367
vt 0.561529 0.831731
vt 0.561356 0.832082
vt 0.561170 0.832399
vt 0.560992 0.832665
vt 0.560844 0.832863
vt 0.560748 0.832982
vt 0.558311 0.835806
vt 0.562009 0.835391
vt 0.562231 0.835373
vt 0.562358 0.835364
vt 0.562569 0.835364
vt 0.562835 0.835383
vt 0.563122 0.835433
vt 0.563402 0.835517
vt 0.563651 0.835635
vt 0.563859 0.835787
vt 0.564037 0.835987
vt 0.564194 0.836277
vt 0.564319 0.836717
vt 0.564378 0.837415
vt 0.564379 0.838373
vt 0.564379 0.839445
vt 0.564379 0.840561
vt 0.564379 0.841709
vt 0.564378 0.842880
vt 0.564378 0.844061
vt 0.564377 0.845243
vt 0.564377 0.846413
vt 0.564376 0.847563
vt 0.564376 0.848679
vt 0.564377 0.849752
vt 0.564377 0.866503
vt 0.564376 0.867576
vt 0.564376 0.868693
vt 0.564377 0.869842
vt 0.564377 0.871013
vt 0.564378 0.872194
vt 0.564378 0.873376
vt 0.564379 0.874546
vt 0.564379 0.875695
vt 0.564379 0.876810
vt 0.564379 0.877882
vt 0.564378 0.878840
vt 0.564319 0.879539
vt 0.564194 0.879979
vt 0.564037 0.880268
vt 0.563859 0.880468
vt 0.563651 0.880620
vt 0.563402 0.880739
vt 0.563122 0.880823
vt 0.562835 0.880872
vt 0.562569 0.880892
vt 0.562358 0.880891
vt 0.562231 0.880883
vt 0.562009 0.880864
vt 0.558311 0.880449
vt 0.560748 0.883273
vt 0.560844 0.883392
vt 0.560992 0.883591
vt 0.561170 0.883857
vt 0.561356 0.884174
vt 0.561529 0.884524
vt 0.561669 0.884889
vt 0.561760 0.885246
vt 0.561796 0.885578
vt 0.561776 0.885874
vt 0.561699 0.886146
vt 0.561545 0.886426
vt 0.561336 0.886665
vt 0.561118 0.886824
vt 0.560873 0.886933
vt 0.560585 0.887002
vt 0.560258 0.887030
vt 0.559907 0.887016
vt 0.559556 0.886967
vt 0.559229 0.886895
vt 0.558947 0.886814
vt 0.558733 0.886740
vt 0.558604 0.886689
vt 0.555498 0.885339
vt 0.556654 0.888547
vt 0.556718 0.888725
vt 0.556815 0.888994
vt 0.556936 0.889330
vt 0.557074 0.889712
vt 0.557219 0.890116
vt 0.557263 0.890236
vt 0.556779 0.890500
vt 0.555813 0.890891
vt 0.554738 0.891394
vt 0.553591 0.892019
vt 0.552409 0.892777
vt 0.551229 0.893681
vt 0.550089 0.894744
vt 0.549391 0.895468
vt 0.548692 0.894744
vt 0.547553 0.893681
vt 0.546373 0.892777
vt 0.545190 0.892019
vt 0.544044 0.891394
vt 0.542969 0.890891
vt 0.542002 0.890500
vt 0.541519 0.890236
vt 0.541562 0.890116
vt 0.541708 0.889712
vt 0.541845 0.889330
vt 0.541967 0.888994
vt 0.542063 0.888725
vt 0.542127 0.888547
vt 0.543283 0.885339
vt 0.540177 0.886689
vt 0.540048 0.886740
vt 0.539834 0.886814
vt 0.539553 0.886895
vt 0.539225 0.886967
vt 0.538874 0.887016
vt 0.538524 0.887030
vt 0.538197 0.887002
vt 0.537909 0.886933
vt 0.537664 0.886824
vt 0.537446 0.886665
vt 0.537236 0.886426
vt 0.537083 0.886146
vt 0.537006 0.885874
vt 0.536986 0.885578
vt 0.537021 0.885246
vt 0.537113 0.884889
vt 0.537253 0.884524
vt 0.537425 0.884174
vt 0.537611 0.883857
vt 0.537790 0.883591
vt 0.537938 0.883392
vt 0.538034 0.883273
vt 0.540470 0.880449
vt 0.584790 0.929984
vt 0.587615 0.929984
vt 0.587615 0.923862
vt 0.584790 0.923862
vt 0.518220 0.910640
vt 0.514350 0.911327
vt 0.514428 0.912715
vt 0.516087 0.912420
vt 0.587615 0.923495
vt 0.584790 0.923495
vt 0.514118 0.911358
vt 0.514196 0.912746
vt 0.514483 0.913707
vt 0.514252 0.913738
vt 0.514561 0.913693
vt 0.514014 0.912764
vt 0.514036 0.913760
vt 0.513984 0.911372
vt 0.588244 0.934221
vt 0.589811 0.934221
vt 0.589811 0.933880
vt 0.588244 0.933880
vt 0.589811 0.933513
vt 0.588244 0.933513
vt 0.575463 0.913760
vt 0.575485 0.912764
vt 0.575303 0.912746
vt 0.575248 0.913738
vt 0.575072 0.912715
vt 0.575016 0.913707
vt 0.573413 0.912420
vt 0.574938 0.913693
vt 0.589811 0.933390
vt 0.588244 0.933390
vt 0.574505 0.914423
vt 0.574988 0.913785
vt 0.590440 0.908721
vt 0.592007 0.908721
vt 0.592007 0.908629
vt 0.590440 0.908629
vt 0.514511 0.913785
vt 0.514994 0.914423
vt 0.514377 0.914048
vt 0.514874 0.914658
vt 0.592007 0.908366
vt 0.590440 0.908366
vt 0.514181 0.914463
vt 0.514696 0.915038
vt 0.592007 0.907951
vt 0.590440 0.907951
vt 0.574625 0.914658
vt 0.575123 0.914048
vt 0.574804 0.915038
vt 0.575318 0.914463
vt 0.575017 0.915541
vt 0.575550 0.915011
vt 0.592007 0.907403
vt 0.590440 0.907403
vt 0.575242 0.916146
vt 0.575796 0.915673
vt 0.592007 0.906741
vt 0.590440 0.906741
vt 0.514482 0.915541
vt 0.513949 0.915011
vt 0.513703 0.915673
vt 0.514258 0.916146
vt 0.513467 0.916431
vt 0.514045 0.916830
vt 0.592007 0.905983
vt 0.590440 0.905983
vt 0.513266 0.917265
vt 0.513866 0.917567
vt 0.592007 0.905149
vt 0.590440 0.905149
vt 0.575455 0.916830
vt 0.576032 0.916431
vt 0.575633 0.917567
vt 0.576234 0.917265
vt 0.575757 0.918334
vt 0.576378 0.918156
vt 0.592007 0.904258
vt 0.590440 0.904258
vt 0.575810 0.919104
vt 0.576442 0.919085
vt 0.592007 0.903329
vt 0.590440 0.903329
vt 0.513742 0.918334
vt 0.513121 0.918156
vt 0.513058 0.919085
vt 0.513689 0.919104
vt 0.513099 0.920034
vt 0.513722 0.919862
vt 0.592007 0.902380
vt 0.590440 0.902380
vt 0.513269 0.920982
vt 0.513855 0.920603
vt 0.592007 0.901432
vt 0.590440 0.901432
vt 0.575777 0.919862
vt 0.576400 0.920034
vt 0.575644 0.920603
vt 0.576230 0.920982
vt 0.575390 0.921339
vt 0.575909 0.921913
vt 0.592007 0.900501
vt 0.590440 0.900501
vt 0.575043 0.921966
vt 0.575470 0.922705
vt 0.592007 0.899709
vt 0.590440 0.899709
vt 0.514110 0.921339
vt 0.513591 0.921913
vt 0.514029 0.922705
vt 0.514457 0.921966
vt 0.514522 0.923273
vt 0.514839 0.922407
vt 0.585419 0.937149
vt 0.586986 0.937149
vt 0.586986 0.936369
vt 0.585419 0.936369
vt 0.515052 0.923647
vt 0.515255 0.922700
vt 0.586986 0.935531
vt 0.585419 0.935531
vt 0.574660 0.922407
vt 0.574977 0.923273
vt 0.574245 0.922700
vt 0.574448 0.923647
vt 0.573799 0.922869
vt 0.573900 0.923855
vt 0.586986 0.934664
vt 0.585419 0.934664
vt 0.573336 0.922931
vt 0.573350 0.923927
vt 0.586986 0.933794
vt 0.585419 0.933794
vt 0.515700 0.922869
vt 0.515600 0.923855
vt 0.516150 0.923927
vt 0.516163 0.922931
vt 0.584790 0.933772
vt 0.585419 0.932950
vt 0.584790 0.933038
vt 0.586986 0.932950
vt 0.516627 0.922902
vt 0.516683 0.923894
vt 0.517183 0.923785
vt 0.517072 0.922805
vt 0.586986 0.932160
vt 0.585419 0.932160
vt 0.587615 0.933772
vt 0.587615 0.933038
vt 0.572816 0.923894
vt 0.572872 0.922902
vt 0.572428 0.922805
vt 0.572317 0.923785
vt 0.572023 0.922665
vt 0.571869 0.923629
vt 0.586986 0.931451
vt 0.585419 0.931451
vt 0.571679 0.922508
vt 0.571489 0.923456
vt 0.586986 0.930851
vt 0.585419 0.930851
vt 0.517476 0.922665
vt 0.517631 0.923629
vt 0.518010 0.923456
vt 0.517820 0.922508
vt 0.518303 0.923296
vt 0.518085 0.922364
vt 0.586986 0.930388
vt 0.585419 0.930388
vt 0.518491 0.923178
vt 0.518251 0.922261
vt 0.586986 0.930090
vt 0.585419 0.930090
vt 0.571415 0.922364
vt 0.571197 0.923296
vt 0.571248 0.922261
vt 0.571008 0.923178
vt 0.569860 0.921308
vt 0.570942 0.923132
vt 0.586986 0.929984
vt 0.585419 0.929984
vt 0.570377 0.923574
vt 0.570966 0.923238
vt 0.590440 0.932499
vt 0.592007 0.932499
vt 0.592007 0.932393
vt 0.590440 0.932393
vt 0.519639 0.921308
vt 0.518558 0.923132
vt 0.518534 0.923238
vt 0.519122 0.923574
vt 0.518467 0.923533
vt 0.519054 0.923867
vt 0.592007 0.932099
vt 0.590440 0.932099
vt 0.518366 0.923977
vt 0.518951 0.924311
vt 0.592007 0.931654
vt 0.590440 0.931654
vt 0.570446 0.923867
vt 0.571033 0.923533
vt 0.570549 0.924311
vt 0.571134 0.923977
vt 0.570678 0.924866
vt 0.571261 0.924534
vt 0.592007 0.931097
vt 0.590440 0.931097
vt 0.570825 0.925497
vt 0.571405 0.925166
vt 0.592007 0.930465
vt 0.590440 0.930465
vt 0.518822 0.924866
vt 0.518239 0.924534
vt 0.518095 0.925166
vt 0.518675 0.925497
vt 0.517942 0.925836
vt 0.518519 0.926164
vt 0.592007 0.929796
vt 0.590440 0.929796
vt 0.517326 0.928539
vt 0.518127 0.927857
vt 0.592007 0.927092
vt 0.590440 0.927092
vt 0.570981 0.926164
vt 0.571557 0.925836
vt 0.571372 0.927857
vt 0.572173 0.928539
vt 0.569982 0.928557
vt 0.570211 0.929515
vt 0.590440 0.820834
vt 0.592007 0.820834
vt 0.592007 0.817730
vt 0.590440 0.817730
vt 0.569011 0.929185
vt 0.569268 0.930119
vt 0.592007 0.816238
vt 0.590440 0.816238
vt 0.519517 0.928557
vt 0.519288 0.929515
vt 0.520231 0.930119
vt 0.520488 0.929185
vt 0.521278 0.930893
vt 0.521567 0.929988
vt 0.592007 0.814582
vt 0.590440 0.814582
vt 0.522390 0.931852
vt 0.522716 0.930981
vt 0.592007 0.812823
vt 0.590440 0.812823
vt 0.567932 0.929988
vt 0.568222 0.930893
vt 0.566784 0.930981
vt 0.567110 0.931852
vt 0.565604 0.932179
vt 0.565971 0.933007
vt 0.592007 0.811021
vt 0.590440 0.811021
vt 0.564431 0.933601
vt 0.564844 0.934373
vt 0.592007 0.809238
vt 0.590440 0.809238
vt 0.523896 0.932179
vt 0.523529 0.933007
vt 0.524655 0.934373
vt 0.525068 0.933601
vt 0.525732 0.935962
vt 0.526194 0.935261
vt 0.592007 0.807536
vt 0.590440 0.807536
vt 0.526719 0.937788
vt 0.527059 0.936859
vt 0.592007 0.822221
vt 0.593573 0.822221
vt 0.593573 0.820395
vt 0.592007 0.820395
vt 0.563305 0.935261
vt 0.563768 0.935962
vt 0.562440 0.936859
vt 0.562780 0.937788
vt 0.561945 0.938068
vt 0.561945 0.939833
vt 0.593573 0.818350
vt 0.592007 0.818350
vt 0.561449 0.936859
vt 0.561109 0.937788
vt 0.592007 0.826091
vt 0.593573 0.826091
vt 0.593573 0.824046
vt 0.592007 0.824046
vt 0.528391 0.937788
vt 0.528050 0.936859
vt 0.527555 0.938068
vt 0.527555 0.939833
vt 0.529378 0.935962
vt 0.528916 0.935261
vt 0.528286 0.934307
vt 0.527555 0.935506
vt 0.592007 0.833833
vt 0.592007 0.838302
vt 0.592765 0.838302
vt 0.592765 0.833833
vt 0.526824 0.934307
vt 0.592007 0.842772
vt 0.592765 0.842772
vt 0.562676 0.934307
vt 0.561945 0.935506
vt 0.561213 0.934307
vt 0.560584 0.935261
vt 0.560121 0.935962
vt 0.559458 0.933601
vt 0.559045 0.934373
vt 0.560021 0.932547
vt 0.590440 0.834132
vt 0.592007 0.834132
vt 0.592007 0.832429
vt 0.590440 0.832429
vt 0.558285 0.932179
vt 0.557918 0.933007
vt 0.592007 0.830646
vt 0.590440 0.830646
vt 0.531581 0.933007
vt 0.531214 0.932179
vt 0.530042 0.933601
vt 0.530454 0.934373
vt 0.529478 0.932547
vt 0.530713 0.931050
vt 0.579139 0.888906
vt 0.581965 0.888906
vt 0.581965 0.886953
vt 0.579139 0.886953
vt 0.581965 0.885067
vt 0.579139 0.885067
vt 0.558786 0.931050
vt 0.579139 0.890864
vt 0.581965 0.890864
vt 0.557549 0.929795
vt 0.557105 0.930981
vt 0.556779 0.931852
vt 0.555957 0.929988
vt 0.555667 0.930893
vt 0.556349 0.928761
vt 0.590440 0.828844
vt 0.592007 0.828844
vt 0.592007 0.827085
vt 0.590440 0.827085
vt 0.533832 0.930893
vt 0.533543 0.929988
vt 0.532394 0.930981
vt 0.532720 0.931852
vt 0.531950 0.929795
vt 0.533150 0.928761
vt 0.579139 0.892762
vt 0.581965 0.892762
vt 0.579139 0.894542
vt 0.581965 0.894542
vt 0.534621 0.929185
vt 0.534275 0.927929
vt 0.555224 0.927929
vt 0.554878 0.929185
vt 0.579139 0.896142
vt 0.581965 0.896142
vt 0.554213 0.927281
vt 0.553907 0.928557
vt 0.553678 0.929515
vt 0.554621 0.930119
vt 0.590440 0.825429
vt 0.592007 0.825429
vt 0.592007 0.823938
vt 0.590440 0.823938
vt 0.535822 0.929515
vt 0.535592 0.928557
vt 0.534879 0.930119
vt 0.535287 0.927281
vt 0.537783 0.928539
vt 0.536983 0.927857
vt 0.535793 0.926844
vt 0.579139 0.896943
vt 0.581965 0.896943
vt 0.587615 0.925482
vt 0.590440 0.925482
vt 0.590440 0.925282
vt 0.587615 0.925282
vt 0.536591 0.926164
vt 0.535747 0.926645
vt 0.552517 0.927857
vt 0.553707 0.926844
vt 0.553752 0.926645
vt 0.552908 0.926164
vt 0.552332 0.925836
vt 0.551716 0.928539
vt 0.553065 0.925497
vt 0.552484 0.925166
vt 0.553904 0.925976
vt 0.592007 0.815646
vt 0.593573 0.815646
vt 0.593573 0.814977
vt 0.592007 0.814977
vt 0.537015 0.925166
vt 0.536435 0.925497
vt 0.537168 0.925836
vt 0.535595 0.925976
vt 0.536871 0.924534
vt 0.536288 0.924866
vt 0.535451 0.925344
vt 0.587615 0.926783
vt 0.590440 0.926783
vt 0.590440 0.926151
vt 0.587615 0.926151
vt 0.554048 0.925344
vt 0.553211 0.924866
vt 0.587615 0.927340
vt 0.590440 0.927340
vt 0.554175 0.924787
vt 0.553340 0.924311
vt 0.552755 0.923977
vt 0.552628 0.924534
vt 0.592007 0.814344
vt 0.593573 0.814344
vt 0.593573 0.813788
vt 0.592007 0.813788
vt 0.536744 0.923977
vt 0.536159 0.924311
vt 0.536643 0.923533
vt 0.536056 0.923867
vt 0.593573 0.813343
vt 0.592007 0.813343
vt 0.535324 0.924787
vt 0.535223 0.924342
vt 0.587615 0.927785
vt 0.590440 0.927785
vt 0.587615 0.928079
vt 0.590440 0.928079
vt 0.535988 0.923574
vt 0.535156 0.924048
vt 0.554277 0.924342
vt 0.554344 0.924048
vt 0.553512 0.923574
vt 0.553443 0.923867
vt 0.552923 0.923238
vt 0.552856 0.923533
vt 0.593573 0.813049
vt 0.592007 0.813049
vt 0.554029 0.921308
vt 0.552948 0.923132
vt 0.593573 0.812943
vt 0.592007 0.812943
vt 0.536552 0.923132
vt 0.535471 0.921308
vt 0.536576 0.923238
vt 0.533946 0.918737
vt 0.536619 0.923178
vt 0.536859 0.922261
vt 0.537197 0.920972
vt 0.584790 0.896946
vt 0.587615 0.896946
vt 0.587615 0.891803
vt 0.584790 0.891803
vt 0.587615 0.933390
vt 0.590440 0.933390
vt 0.555553 0.918737
vt 0.552302 0.920972
vt 0.552641 0.922261
vt 0.552881 0.923178
vt 0.552474 0.922364
vt 0.552692 0.923296
vt 0.552168 0.921056
vt 0.579769 0.937419
vt 0.581335 0.937419
vt 0.581335 0.937121
vt 0.579769 0.937121
vt 0.579769 0.937525
vt 0.581335 0.937525
vt 0.536807 0.923296
vt 0.537025 0.922364
vt 0.537100 0.923456
vt 0.537290 0.922508
vt 0.581335 0.936658
vt 0.579769 0.936658
vt 0.537332 0.921056
vt 0.537556 0.921178
vt 0.584790 0.897513
vt 0.587615 0.897513
vt 0.587615 0.897159
vt 0.584790 0.897159
vt 0.551944 0.921178
vt 0.552210 0.922508
vt 0.584790 0.897980
vt 0.587615 0.897980
vt 0.551649 0.921313
vt 0.551866 0.922665
vt 0.552020 0.923629
vt 0.552400 0.923456
vt 0.581335 0.936058
vt 0.579769 0.936058
vt 0.551462 0.922805
vt 0.551572 0.923785
vt 0.581335 0.935349
vt 0.579769 0.935349
vt 0.537927 0.923785
vt 0.538038 0.922805
vt 0.537634 0.922665
vt 0.537479 0.923629
vt 0.537850 0.921313
vt 0.538193 0.921432
vt 0.584790 0.898522
vt 0.587615 0.898522
vt 0.584790 0.899102
vt 0.587615 0.899102
vt 0.538482 0.922902
vt 0.538560 0.921512
vt 0.551306 0.921432
vt 0.550939 0.921512
vt 0.551017 0.922902
vt 0.551073 0.923894
vt 0.581965 0.933737
vt 0.581335 0.933715
vt 0.581335 0.934559
vt 0.581965 0.934471
vt 0.550573 0.921535
vt 0.550553 0.922931
vt 0.579769 0.934559
vt 0.579769 0.933715
vt 0.579139 0.933737
vt 0.579139 0.934471
vt 0.538427 0.923894
vt 0.538946 0.922931
vt 0.538927 0.921535
vt 0.539510 0.923855
vt 0.539410 0.922869
vt 0.538960 0.923927
vt 0.539269 0.921490
vt 0.584790 0.900224
vt 0.587615 0.900224
vt 0.587615 0.899682
vt 0.584790 0.899682
vt 0.550230 0.921490
vt 0.550090 0.922869
vt 0.584790 0.900701
vt 0.587615 0.900701
vt 0.549929 0.921376
vt 0.549644 0.922700
vt 0.549441 0.923647
vt 0.549990 0.923855
vt 0.550539 0.923927
vt 0.579769 0.932845
vt 0.581335 0.932845
vt 0.581335 0.931978
vt 0.579769 0.931978
vt 0.540058 0.923647
vt 0.539855 0.922700
vt 0.540587 0.923273
vt 0.540271 0.922407
vt 0.581335 0.931140
vt 0.579769 0.931140
vt 0.539571 0.921376
vt 0.539827 0.921195
vt 0.584790 0.901107
vt 0.587615 0.901107
vt 0.584790 0.901468
vt 0.587615 0.901468
vt 0.540653 0.921966
vt 0.540055 0.920932
vt 0.549672 0.921195
vt 0.549444 0.920932
vt 0.548846 0.921966
vt 0.549229 0.922407
vt 0.548419 0.922705
vt 0.548912 0.923273
vt 0.581335 0.930361
vt 0.579769 0.930361
vt 0.548499 0.921339
vt 0.547980 0.921913
vt 0.590440 0.918080
vt 0.592007 0.918080
vt 0.592007 0.917287
vt 0.590440 0.917287
vt 0.541519 0.921913
vt 0.541000 0.921339
vt 0.541080 0.922705
vt 0.540274 0.920536
vt 0.541841 0.920982
vt 0.541255 0.920603
vt 0.540435 0.920072
vt 0.581965 0.918385
vt 0.584790 0.918385
vt 0.584790 0.917921
vt 0.581965 0.917921
vt 0.584790 0.917526
vt 0.581965 0.917526
vt 0.549225 0.920536
vt 0.549065 0.920072
vt 0.548245 0.920603
vt 0.547659 0.920982
vt 0.548112 0.919862
vt 0.547489 0.920034
vt 0.548984 0.919622
vt 0.590440 0.916357
vt 0.592007 0.916357
vt 0.592007 0.915408
vt 0.590440 0.915408
vt 0.542011 0.920034
vt 0.541387 0.919862
vt 0.542052 0.919085
vt 0.541420 0.919104
vt 0.592007 0.914459
vt 0.590440 0.914459
vt 0.540515 0.919622
vt 0.540537 0.919131
vt 0.581965 0.919327
vt 0.584790 0.919327
vt 0.584790 0.918836
vt 0.581965 0.918836
vt 0.548963 0.919131
vt 0.548079 0.919104
vt 0.581965 0.919875
vt 0.584790 0.919875
vt 0.549000 0.918583
vt 0.548132 0.918334
vt 0.547511 0.918156
vt 0.547447 0.919085
vt 0.592007 0.913530
vt 0.590440 0.913530
vt 0.548256 0.917567
vt 0.547655 0.917265
vt 0.592007 0.912639
vt 0.590440 0.912639
vt 0.541844 0.917265
vt 0.541244 0.917567
vt 0.541368 0.918334
vt 0.541989 0.918156
vt 0.540499 0.918583
vt 0.540404 0.917991
vt 0.581965 0.920467
vt 0.584790 0.920467
vt 0.581965 0.921070
vt 0.584790 0.921070
vt 0.541065 0.916830
vt 0.540257 0.917387
vt 0.549096 0.917991
vt 0.549242 0.917387
vt 0.548434 0.916830
vt 0.547857 0.916431
vt 0.548647 0.916146
vt 0.548093 0.915673
vt 0.549423 0.916807
vt 0.590440 0.911805
vt 0.592007 0.911805
vt 0.592007 0.911048
vt 0.590440 0.911048
vt 0.541407 0.915673
vt 0.540852 0.916146
vt 0.541642 0.916431
vt 0.540077 0.916807
vt 0.541161 0.915011
vt 0.540628 0.915541
vt 0.539882 0.916282
vt 0.581965 0.922176
vt 0.584790 0.922176
vt 0.584790 0.921651
vt 0.581965 0.921651
vt 0.549618 0.916282
vt 0.548872 0.915541
vt 0.581965 0.922616
vt 0.584790 0.922616
vt 0.549804 0.915842
vt 0.549085 0.915038
vt 0.548571 0.914463
vt 0.548339 0.915011
vt 0.590440 0.910386
vt 0.592007 0.910386
vt 0.592007 0.909837
vt 0.590440 0.909837
vt 0.540928 0.914463
vt 0.540414 0.915038
vt 0.540733 0.914048
vt 0.540236 0.914658
vt 0.592007 0.909422
vt 0.590440 0.909422
vt 0.539695 0.915842
vt 0.539540 0.915513
vt 0.581965 0.922945
vt 0.584790 0.922945
vt 0.581965 0.923141
vt 0.584790 0.923141
vt 0.540115 0.914423
vt 0.539440 0.915316
vt 0.549959 0.915513
vt 0.550059 0.915316
vt 0.549384 0.914423
vt 0.549264 0.914658
vt 0.548901 0.913785
vt 0.548766 0.914048
vt 0.592007 0.909159
vt 0.590440 0.909159
vt 0.550476 0.912420
vt 0.548951 0.913693
vt 0.592007 0.909067
vt 0.590440 0.909067
vt 0.540548 0.913693
vt 0.539023 0.912420
vt 0.540598 0.913785
vt 0.536890 0.910640
vt 0.540626 0.913707
vt 0.540682 0.912715
vt 0.540760 0.911327
vt 0.587615 0.887633
vt 0.590440 0.887633
vt 0.590440 0.881511
vt 0.587615 0.881511
vt 0.581965 0.927818
vt 0.584790 0.927818
vt 0.552609 0.910640
vt 0.548740 0.911327
vt 0.548817 0.912715
vt 0.548873 0.913707
vt 0.548586 0.912746
vt 0.548641 0.913738
vt 0.548508 0.911358
vt 0.548404 0.912764
vt 0.548426 0.913760
vt 0.548374 0.911372
vt 0.587615 0.888212
vt 0.590440 0.888212
vt 0.590440 0.888000
vt 0.587615 0.888000
vt 0.540992 0.911358
vt 0.540914 0.912746
vt 0.541095 0.912764
vt 0.541125 0.911372
vt 0.540858 0.913738
vt 0.541074 0.913760
vt 0.591070 0.883737
vt 0.590440 0.883772
vt 0.590440 0.884218
vt 0.591070 0.884252
vt 0.541377 0.912766
vt 0.541346 0.911373
vt 0.541808 0.913714
vt 0.541731 0.912724
vt 0.541399 0.913762
vt 0.541624 0.911341
vt 0.587615 0.889000
vt 0.590440 0.889000
vt 0.590440 0.888561
vt 0.587615 0.888561
vt 0.548153 0.911373
vt 0.547876 0.911341
vt 0.547768 0.912724
vt 0.548122 0.912766
vt 0.547692 0.913714
vt 0.548100 0.913762
vt 0.593265 0.883772
vt 0.592636 0.883737
vt 0.592636 0.884252
vt 0.593265 0.884218
vt 0.592636 0.883091
vt 0.591070 0.883091
vt 0.591070 0.884593
vt 0.592636 0.884593
vt 0.547373 0.912617
vt 0.547228 0.913588
vt 0.592636 0.882358
vt 0.591070 0.882358
vt 0.542271 0.913588
vt 0.542127 0.912617
vt 0.542762 0.913354
vt 0.542535 0.912423
vt 0.592636 0.881581
vt 0.591070 0.881581
vt 0.541925 0.911259
vt 0.542217 0.911120
vt 0.587615 0.889939
vt 0.590440 0.889939
vt 0.590440 0.889476
vt 0.587615 0.889476
vt 0.547575 0.911259
vt 0.547282 0.911120
vt 0.546964 0.912423
vt 0.546737 0.913354
vt 0.546570 0.912125
vt 0.546246 0.912984
vt 0.547022 0.910924
vt 0.592636 0.880804
vt 0.591070 0.880804
vt 0.546208 0.911708
vt 0.545782 0.912449
vt 0.592636 0.880070
vt 0.591070 0.880070
vt 0.543717 0.912449
vt 0.543291 0.911708
vt 0.542930 0.912125
vt 0.543253 0.912984
vt 0.542478 0.910924
vt 0.542696 0.910672
vt 0.587615 0.890696
vt 0.590440 0.890696
vt 0.590440 0.890351
vt 0.587615 0.890351
vt 0.546803 0.910672
vt 0.584790 0.807867
vt 0.587615 0.807867
vt 0.587615 0.807536
vt 0.584790 0.807536
vt 0.546618 0.910341
vt 0.545892 0.911145
vt 0.545373 0.911720
vt 0.545633 0.910390
vt 0.545047 0.910768
vt 0.546453 0.909861
vt 0.579769 0.884337
vt 0.581335 0.884337
vt 0.581335 0.883385
vt 0.579769 0.883385
vt 0.579769 0.885067
vt 0.581335 0.885067
vt 0.544452 0.910768
vt 0.543866 0.910390
vt 0.543607 0.911145
vt 0.544126 0.911720
vt 0.542882 0.910341
vt 0.543046 0.909861
vt 0.584790 0.808346
vt 0.587615 0.808346
vt 0.544047 0.909384
vt 0.543177 0.909133
vt 0.584790 0.809075
vt 0.587615 0.809075
vt 0.546322 0.909133
vt 0.545452 0.909384
vt 0.584790 0.810230
vt 0.587615 0.810230
vt 0.546261 0.907977
vt 0.545381 0.908036
vt 0.544751 0.908079
vt 0.544830 0.909564
vt 0.579769 0.882181
vt 0.581335 0.882181
vt 0.581335 0.880696
vt 0.579769 0.880696
vt 0.544748 0.908079
vt 0.544119 0.908036
vt 0.544669 0.909564
vt 0.543239 0.907977
vt 0.579769 0.879009
vt 0.579139 0.879009
vt 0.579139 0.880653
vt 0.544120 0.906392
vt 0.543240 0.906391
vt 0.584790 0.811817
vt 0.587615 0.811817
vt 0.544120 0.904616
vt 0.543240 0.904616
vt 0.584790 0.813592
vt 0.587615 0.813592
vt 0.546260 0.906391
vt 0.546259 0.904616
vt 0.545379 0.904616
vt 0.545380 0.906392
vt 0.544750 0.904616
vt 0.544750 0.906392
vt 0.581965 0.879009
vt 0.581335 0.879009
vt 0.581965 0.880653
vt 0.581335 0.877233
vt 0.579769 0.877233
vt 0.544749 0.906392
vt 0.544750 0.902768
vt 0.544120 0.902768
vt 0.581335 0.875385
vt 0.579769 0.875385
vt 0.543240 0.902768
vt 0.544749 0.900866
vt 0.544120 0.900866
vt 0.543240 0.900867
vt 0.584790 0.817340
vt 0.587615 0.817340
vt 0.587615 0.815439
vt 0.584790 0.815439
vt 0.546259 0.902768
vt 0.546260 0.900867
vt 0.545379 0.900866
vt 0.545379 0.902768
vt 0.544750 0.900866
vt 0.581335 0.873483
vt 0.579769 0.873483
vt 0.545380 0.898928
vt 0.544751 0.898928
vt 0.581335 0.871545
vt 0.579769 0.871545
vt 0.544749 0.898928
vt 0.544119 0.898928
vt 0.544748 0.896972
vt 0.544119 0.896972
vt 0.581335 0.869589
vt 0.579769 0.869589
vt 0.543239 0.898929
vt 0.543239 0.896973
vt 0.584790 0.821234
vt 0.587615 0.821234
vt 0.587615 0.819278
vt 0.584790 0.819278
vt 0.546260 0.898929
vt 0.546261 0.896973
vt 0.545381 0.896972
vt 0.544751 0.896972
vt 0.545381 0.895016
vt 0.544752 0.895016
vt 0.546261 0.895017
vt 0.581335 0.867633
vt 0.579769 0.867633
vt 0.545382 0.893078
vt 0.544752 0.893078
vt 0.581335 0.865695
vt 0.579769 0.865695
vt 0.544747 0.893078
vt 0.544118 0.893078
vt 0.544118 0.895016
vt 0.544748 0.895016
vt 0.543238 0.895017
vt 0.543237 0.893079
vt 0.584790 0.825129
vt 0.587615 0.825129
vt 0.587615 0.823190
vt 0.584790 0.823190
vt 0.546262 0.893079
vt 0.584790 0.827031
vt 0.587615 0.827031
vt 0.546262 0.891176
vt 0.545382 0.891176
vt 0.544753 0.891176
vt 0.545382 0.889327
vt 0.544753 0.889328
vt 0.546262 0.889327
vt 0.579769 0.863793
vt 0.581335 0.863793
vt 0.581335 0.861945
vt 0.579769 0.861945
vt 0.544747 0.889328
vt 0.544117 0.889327
vt 0.544117 0.891176
vt 0.544747 0.891176
vt 0.543237 0.891176
vt 0.543237 0.889327
vt 0.584790 0.828880
vt 0.587615 0.828880
vt 0.544118 0.887551
vt 0.543238 0.887551
vt 0.584790 0.830656
vt 0.587615 0.830656
vt 0.546262 0.887551
vt 0.545382 0.887551
vt 0.584790 0.858390
vt 0.587615 0.858390
vt 0.546262 0.859817
vt 0.545382 0.859817
vt 0.544752 0.887551
vt 0.544752 0.859817
vt 0.545382 0.858041
vt 0.544753 0.858040
vt 0.546262 0.858041
vt 0.545382 0.856192
vt 0.544753 0.856192
vt 0.546262 0.856192
vt 0.584790 0.860166
vt 0.587615 0.860166
vt 0.584790 0.862015
vt 0.587615 0.862015
vt 0.543237 0.858041
vt 0.543238 0.859817
vt 0.544118 0.859817
vt 0.544117 0.858041
vt 0.543237 0.856192
vt 0.544117 0.856192
vt 0.544747 0.859817
vt 0.544747 0.858040
vt 0.544747 0.856192
vt 0.544747 0.854290
vt 0.544118 0.854290
vt 0.543237 0.854289
vt 0.544748 0.852352
vt 0.544118 0.852352
vt 0.543238 0.852351
vt 0.584790 0.863918
vt 0.587615 0.863918
vt 0.584790 0.865856
vt 0.587615 0.865856
vt 0.546262 0.854289
vt 0.545382 0.854290
vt 0.546261 0.852351
vt 0.545381 0.852352
vt 0.544752 0.854290
vt 0.544752 0.852352
vt 0.545381 0.850396
vt 0.544751 0.850396
vt 0.546261 0.850395
vt 0.545380 0.848440
vt 0.544751 0.848440
vt 0.546260 0.848439
vt 0.584790 0.867812
vt 0.587615 0.867812
vt 0.584790 0.869768
vt 0.587615 0.869768
vt 0.543239 0.850395
vt 0.544119 0.850396
vt 0.543239 0.848439
vt 0.544119 0.848440
vt 0.544748 0.850396
vt 0.544749 0.848440
vt 0.544749 0.846502
vt 0.544120 0.846502
vt 0.543240 0.846501
vt 0.544750 0.844600
vt 0.544120 0.844600
vt 0.543240 0.844600
vt 0.584790 0.871706
vt 0.587615 0.871706
vt 0.584790 0.873607
vt 0.587615 0.873607
vt 0.546260 0.846501
vt 0.545379 0.846502
vt 0.546259 0.844600
vt 0.545379 0.844600
vt 0.544750 0.846502
vt 0.545379 0.842752
vt 0.544750 0.842752
vt 0.546259 0.842752
vt 0.545380 0.840976
vt 0.544750 0.840976
vt 0.546260 0.840977
vt 0.584790 0.875455
vt 0.587615 0.875455
vt 0.584790 0.877230
vt 0.587615 0.877230
vt 0.543240 0.842752
vt 0.544120 0.842752
vt 0.543240 0.840977
vt 0.544120 0.840976
vt 0.544749 0.840976
vt 0.579139 0.813593
vt 0.579769 0.813593
vt 0.579769 0.811906
vt 0.579139 0.811949
vt 0.543239 0.839391
vt 0.544119 0.839332
vt 0.544748 0.839289
vt 0.544669 0.837804
vt 0.544047 0.837984
vt 0.543177 0.838235
vt 0.584790 0.878816
vt 0.587615 0.878816
vt 0.584790 0.879972
vt 0.587615 0.879972
vt 0.546261 0.839391
vt 0.545381 0.839332
vt 0.546322 0.838235
vt 0.545452 0.837984
vt 0.544751 0.839289
vt 0.544830 0.837804
vt 0.581335 0.813593
vt 0.581965 0.813593
vt 0.581965 0.811949
vt 0.581335 0.811906
vt 0.545633 0.836978
vt 0.545047 0.836600
vt 0.546453 0.837507
vt 0.545892 0.836223
vt 0.545373 0.835648
vt 0.546618 0.837027
vt 0.584790 0.880700
vt 0.587615 0.880700
vt 0.584790 0.881180
vt 0.587615 0.881180
vt 0.543046 0.837507
vt 0.543866 0.836978
vt 0.542882 0.837027
vt 0.543607 0.836223
vt 0.544452 0.836600
vt 0.544126 0.835648
vt 0.543717 0.834918
vt 0.543291 0.835660
vt 0.542696 0.836696
vt 0.543253 0.834383
vt 0.542930 0.835243
vt 0.542478 0.836444
vt 0.584790 0.881511
vt 0.587615 0.891042
vt 0.590440 0.891042
vt 0.546803 0.836696
vt 0.546208 0.835660
vt 0.547022 0.836444
vt 0.546570 0.835243
vt 0.545782 0.834918
vt 0.546246 0.834383
vt 0.546964 0.834945
vt 0.546737 0.834014
vt 0.547282 0.836248
vt 0.547373 0.834751
vt 0.547228 0.833780
vt 0.547575 0.836109
vt 0.587615 0.891454
vt 0.590440 0.891454
vt 0.587615 0.891917
vt 0.590440 0.891917
vt 0.542217 0.836248
vt 0.542535 0.834945
vt 0.541925 0.836109
vt 0.542127 0.834751
vt 0.542762 0.834014
vt 0.542271 0.833780
vt 0.541808 0.833654
vt 0.541731 0.834643
vt 0.541624 0.836027
vt 0.541399 0.833606
vt 0.541377 0.834602
vt 0.541346 0.835995
vt 0.587615 0.892393
vt 0.590440 0.892393
vt 0.587615 0.892832
vt 0.590440 0.892832
vt 0.547876 0.836027
vt 0.547768 0.834643
vt 0.548153 0.835995
vt 0.548122 0.834602
vt 0.547692 0.833654
vt 0.548100 0.833606
vt 0.592636 0.876403
vt 0.593265 0.876368
vt 0.593265 0.875922
vt 0.592636 0.875888
vt 0.548374 0.835996
vt 0.548404 0.834604
vt 0.548426 0.833608
vt 0.548586 0.834622
vt 0.548641 0.833630
vt 0.548508 0.836010
vt 0.587615 0.893181
vt 0.590440 0.893181
vt 0.587615 0.893393
vt 0.590440 0.893393
vt 0.541125 0.835996
vt 0.541095 0.834604
vt 0.540992 0.836010
vt 0.540914 0.834622
vt 0.590440 0.876368
vt 0.591070 0.876403
vt 0.591070 0.875888
vt 0.590440 0.875922
vt 0.541074 0.833608
vt 0.540858 0.833630
vt 0.540626 0.833661
vt 0.540682 0.834653
vt 0.540760 0.836041
vt 0.540548 0.833675
vt 0.539023 0.834948
vt 0.536890 0.836728
vt 0.587615 0.899882
vt 0.590440 0.899882
vt 0.590440 0.893760
vt 0.587615 0.893760
vt 0.552609 0.836728
vt 0.550476 0.834948
vt 0.548817 0.834653
vt 0.548740 0.836041
vt 0.548873 0.833661
vt 0.548951 0.833675
vt 0.549384 0.832945
vt 0.548901 0.833583
vt 0.550059 0.832052
vt 0.549264 0.832710
vt 0.548766 0.833320
vt 0.549959 0.831855
vt 0.581965 0.911911
vt 0.584790 0.911911
vt 0.584790 0.907234
vt 0.581965 0.907234
vt 0.581965 0.912107
vt 0.584790 0.912107
vt 0.539440 0.832052
vt 0.540115 0.832945
vt 0.539540 0.831855
vt 0.540236 0.832710
vt 0.540598 0.833583
vt 0.540733 0.833320
vt 0.540928 0.832905
vt 0.540414 0.832330
vt 0.539695 0.831526
vt 0.541161 0.832357
vt 0.540628 0.831827
vt 0.539882 0.831086
vt 0.581965 0.912436
vt 0.584790 0.912436
vt 0.581965 0.912876
vt 0.584790 0.912876
vt 0.549804 0.831526
vt 0.549085 0.832330
vt 0.549618 0.831086
vt 0.548872 0.831827
vt 0.548571 0.832905
vt 0.548339 0.832357
vt 0.548647 0.831222
vt 0.548093 0.831695
vt 0.549423 0.830561
vt 0.548434 0.830538
vt 0.547857 0.830937
vt 0.549242 0.829980
vt 0.581965 0.913401
vt 0.584790 0.913401
vt 0.581965 0.913982
vt 0.584790 0.913982
vt 0.540077 0.830561
vt 0.540852 0.831222
vt 0.540257 0.829980
vt 0.541065 0.830538
vt 0.541407 0.831695
vt 0.541642 0.830937
vt 0.541844 0.830103
vt 0.541244 0.829801
vt 0.540404 0.829377
vt 0.541989 0.829212
vt 0.541368 0.829034
vt 0.540499 0.828785
vt 0.581965 0.914585
vt 0.584790 0.914585
vt 0.581965 0.915177
vt 0.584790 0.915177
vt 0.549096 0.829377
vt 0.548256 0.829801
vt 0.549000 0.828785
vt 0.548132 0.829034
vt 0.547655 0.830103
vt 0.547511 0.829212
vt 0.548079 0.828264
vt 0.547447 0.828283
vt 0.548963 0.828237
vt 0.548112 0.827506
vt 0.547489 0.827335
vt 0.548984 0.827747
vt 0.581965 0.915725
vt 0.584790 0.915725
vt 0.581965 0.916216
vt 0.584790 0.916216
vt 0.540537 0.828237
vt 0.541420 0.828264
vt 0.540515 0.827747
vt 0.541387 0.827506
vt 0.542052 0.828283
vt 0.542011 0.827335
vt 0.541841 0.826386
vt 0.541255 0.826765
vt 0.540435 0.827296
vt 0.541519 0.825455
vt 0.541000 0.826029
vt 0.540274 0.826832
vt 0.581965 0.916667
vt 0.584790 0.916667
vt 0.581965 0.917131
vt 0.584790 0.917131
vt 0.549065 0.827296
vt 0.548245 0.826765
vt 0.549225 0.826832
vt 0.548499 0.826029
vt 0.547659 0.826386
vt 0.547980 0.825455
vt 0.548846 0.825402
vt 0.548419 0.824663
vt 0.549444 0.826436
vt 0.549229 0.824961
vt 0.548912 0.824095
vt 0.549672 0.826173
vt 0.584790 0.901829
vt 0.587615 0.901829
vt 0.540055 0.826436
vt 0.540653 0.825402
vt 0.539827 0.826173
vt 0.540271 0.824961
vt 0.541080 0.824663
vt 0.540587 0.824095
vt 0.540058 0.823721
vt 0.539855 0.824668
vt 0.539571 0.825992
vt 0.539510 0.823513
vt 0.539410 0.824499
vt 0.539269 0.825878
vt 0.584790 0.902235
vt 0.587615 0.902235
vt 0.584790 0.902711
vt 0.587615 0.902711
vt 0.549929 0.825992
vt 0.549644 0.824668
vt 0.550230 0.825878
vt 0.550090 0.824499
vt 0.549441 0.823721
vt 0.549990 0.823513
vt 0.550553 0.824437
vt 0.550539 0.823441
vt 0.550573 0.825833
vt 0.592636 0.864538
vt 0.593265 0.864516
vt 0.593265 0.863782
vt 0.592636 0.863694
vt 0.550939 0.825856
vt 0.551017 0.824466
vt 0.584790 0.903253
vt 0.587615 0.903253
vt 0.584790 0.903833
vt 0.587615 0.903833
vt 0.538927 0.825833
vt 0.538946 0.824437
vt 0.538560 0.825856
vt 0.538482 0.824466
vt 0.538960 0.823441
vt 0.590440 0.864516
vt 0.591070 0.864538
vt 0.591070 0.863694
vt 0.590440 0.863782
vt 0.538427 0.823474
vt 0.537927 0.823583
vt 0.538038 0.824563
vt 0.538193 0.825936
vt 0.537479 0.823739
vt 0.537634 0.824703
vt 0.537850 0.826055
vt 0.584790 0.904414
vt 0.587615 0.904414
vt 0.584790 0.904956
vt 0.587615 0.904956
vt 0.551306 0.825936
vt 0.551462 0.824563
vt 0.551649 0.826055
vt 0.551866 0.824703
vt 0.551572 0.823583
vt 0.552020 0.823739
vt 0.551073 0.823474
vt 0.552210 0.824860
vt 0.552400 0.823912
vt 0.551944 0.826189
vt 0.552474 0.825004
vt 0.552692 0.824072
vt 0.552168 0.826312
vt 0.584790 0.905422
vt 0.587615 0.905422
vt 0.584790 0.905777
vt 0.587615 0.905777
vt 0.537556 0.826189
vt 0.537289 0.824860
vt 0.537332 0.826312
vt 0.537025 0.825004
vt 0.537100 0.823912
vt 0.536807 0.824072
vt 0.536619 0.824190
vt 0.536859 0.825107
vt 0.537197 0.826396
vt 0.536552 0.824236
vt 0.535471 0.826060
vt 0.533946 0.828631
vt 0.584790 0.905990
vt 0.587615 0.905990
vt 0.584790 0.911133
vt 0.587615 0.911133
vt 0.552302 0.826396
vt 0.552641 0.825107
vt 0.555553 0.828631
vt 0.554029 0.826060
vt 0.552881 0.824190
vt 0.552948 0.824236
vt 0.553512 0.823794
vt 0.552923 0.824130
vt 0.554344 0.823320
vt 0.553443 0.823501
vt 0.552856 0.823835
vt 0.554277 0.823026
vt 0.587615 0.914379
vt 0.590440 0.914379
vt 0.587615 0.909067
vt 0.587615 0.914673
vt 0.590440 0.914673
vt 0.535156 0.823320
vt 0.535988 0.823794
vt 0.535223 0.823026
vt 0.536056 0.823501
vt 0.536576 0.824130
vt 0.536643 0.823835
vt 0.536744 0.823391
vt 0.536159 0.823057
vt 0.535324 0.822581
vt 0.536871 0.822834
vt 0.536288 0.822502
vt 0.535451 0.822024
vt 0.587615 0.915117
vt 0.590440 0.915117
vt 0.587615 0.915674
vt 0.590440 0.915674
vt 0.554175 0.822581
vt 0.553340 0.823057
vt 0.554048 0.822024
vt 0.553211 0.822502
vt 0.552755 0.823391
vt 0.552628 0.822834
vt 0.553065 0.821871
vt 0.552484 0.822202
vt 0.553904 0.821392
vt 0.552908 0.821204
vt 0.552332 0.821532
vt 0.553752 0.820723
vt 0.587615 0.916306
vt 0.590440 0.916306
vt 0.587615 0.916976
vt 0.590440 0.916976
vt 0.535595 0.821392
vt 0.536435 0.821871
vt 0.535747 0.820723
vt 0.536591 0.821204
vt 0.537015 0.822202
vt 0.537168 0.821532
vt 0.537783 0.818829
vt 0.536983 0.819511
vt 0.535793 0.820524
vt 0.535822 0.817853
vt 0.535592 0.818811
vt 0.535287 0.820087
vt 0.587615 0.917175
vt 0.590440 0.917175
vt 0.579139 0.897743
vt 0.581965 0.897743
vt 0.552517 0.819511
vt 0.553707 0.820524
vt 0.553907 0.818811
vt 0.554213 0.820087
vt 0.551716 0.818829
vt 0.553678 0.817853
vt 0.554878 0.818183
vt 0.554621 0.817249
vt 0.555224 0.819439
vt 0.555957 0.817380
vt 0.555667 0.816475
vt 0.556349 0.818607
vt 0.579139 0.899344
vt 0.581965 0.899344
vt 0.579139 0.901123
vt 0.581965 0.901123
vt 0.534275 0.819439
vt 0.534621 0.818183
vt 0.533150 0.818607
vt 0.533543 0.817380
vt 0.534879 0.817249
vt 0.533832 0.816475
vt 0.532720 0.815516
vt 0.532394 0.816387
vt 0.531950 0.817573
vt 0.531581 0.814361
vt 0.531214 0.815189
vt 0.530713 0.816318
vt 0.579139 0.903022
vt 0.581965 0.903022
vt 0.579139 0.904979
vt 0.581965 0.904979
vt 0.557549 0.817573
vt 0.557105 0.816387
vt 0.558786 0.816318
vt 0.558285 0.815189
vt 0.556779 0.815516
vt 0.557918 0.814361
vt 0.559458 0.813767
vt 0.559045 0.812995
vt 0.560021 0.814821
vt 0.560584 0.812107
vt 0.560121 0.811406
vt 0.561213 0.813061
vt 0.579139 0.906933
vt 0.581965 0.906933
vt 0.579139 0.908819
vt 0.581965 0.908819
vt 0.529478 0.814821
vt 0.530042 0.813767
vt 0.528286 0.813061
vt 0.528916 0.812107
vt 0.530454 0.812995
vt 0.529378 0.811406
vt 0.528391 0.809580
vt 0.528050 0.810509
vt 0.527555 0.811862
vt 0.527555 0.807536
vt 0.527555 0.809300
vt 0.527059 0.810509
vt 0.592007 0.847242
vt 0.592765 0.847242
vt 0.526194 0.812107
vt 0.526824 0.813061
vt 0.592007 0.847430
vt 0.592007 0.851900
vt 0.592765 0.851900
vt 0.592765 0.847430
vt 0.526719 0.809580
vt 0.525732 0.811406
vt 0.524655 0.812995
vt 0.525068 0.813767
vt 0.525632 0.814821
vt 0.523529 0.814361
vt 0.523896 0.815189
vt 0.524396 0.816318
vt 0.579139 0.912659
vt 0.581965 0.912659
vt 0.581965 0.910705
vt 0.579139 0.910705
vt 0.563868 0.814821
vt 0.565103 0.816318
vt 0.565604 0.815189
vt 0.564431 0.813767
vt 0.562676 0.813061
vt 0.563305 0.812107
vt 0.565971 0.814361
vt 0.564844 0.812995
vt 0.563768 0.811406
vt 0.562780 0.809580
vt 0.562440 0.810509
vt 0.561945 0.811862
vt 0.561945 0.807536
vt 0.561945 0.809300
vt 0.561449 0.810509
vt 0.561109 0.809580
vt 0.592007 0.828136
vt 0.593573 0.828136
vt 0.592007 0.829962
vt 0.593573 0.829962
vt 0.590440 0.835835
vt 0.592007 0.835835
vt 0.593573 0.833833
vt 0.593573 0.831788
vt 0.592007 0.831788
vt 0.590440 0.860728
vt 0.592007 0.860728
vt 0.592007 0.859025
vt 0.590440 0.859025
vt 0.592007 0.857242
vt 0.590440 0.857242
vt 0.566784 0.816387
vt 0.567110 0.815516
vt 0.592007 0.855441
vt 0.590440 0.855441
vt 0.522390 0.815516
vt 0.522716 0.816387
vt 0.521278 0.816475
vt 0.521567 0.817380
vt 0.592007 0.853681
vt 0.590440 0.853681
vt 0.523159 0.817573
vt 0.521959 0.818607
vt 0.579139 0.916515
vt 0.581965 0.916515
vt 0.581965 0.914616
vt 0.579139 0.914616
vt 0.566340 0.817573
vt 0.567540 0.818607
vt 0.567932 0.817380
vt 0.568222 0.816475
vt 0.569011 0.818183
vt 0.569268 0.817249
vt 0.568665 0.819439
vt 0.592007 0.852025
vt 0.590440 0.852025
vt 0.569982 0.818811
vt 0.570211 0.817853
vt 0.592007 0.850534
vt 0.590440 0.850534
vt 0.519288 0.817853
vt 0.519517 0.818811
vt 0.520488 0.818183
vt 0.520231 0.817249
vt 0.520835 0.819439
vt 0.519823 0.820087
vt 0.579139 0.919895
vt 0.581965 0.919895
vt 0.581965 0.918294
vt 0.579139 0.918294
vt 0.569677 0.820087
vt 0.579139 0.920695
vt 0.581965 0.920695
vt 0.570183 0.820524
vt 0.571372 0.819511
vt 0.572173 0.818829
vt 0.570981 0.821204
vt 0.571557 0.821532
vt 0.570137 0.820723
vt 0.570825 0.821871
vt 0.571405 0.822202
vt 0.569985 0.821392
vt 0.587615 0.918044
vt 0.590440 0.918044
vt 0.590440 0.917374
vt 0.587615 0.917374
vt 0.519362 0.820723
vt 0.518519 0.821204
vt 0.518675 0.821871
vt 0.519515 0.821392
vt 0.518127 0.819511
vt 0.519317 0.820524
vt 0.517942 0.821532
vt 0.517326 0.818829
vt 0.518095 0.822202
vt 0.590440 0.847430
vt 0.590440 0.937906
vt 0.592007 0.937906
vt 0.592007 0.935203
vt 0.590440 0.935203
vt 0.518239 0.822834
vt 0.518822 0.822502
vt 0.519659 0.822024
vt 0.518366 0.823391
vt 0.518951 0.823057
vt 0.519786 0.822581
vt 0.587615 0.919233
vt 0.590440 0.919233
vt 0.590440 0.918676
vt 0.587615 0.918676
vt 0.569841 0.822024
vt 0.569714 0.822581
vt 0.570549 0.823057
vt 0.570678 0.822502
vt 0.571134 0.823391
vt 0.571261 0.822834
vt 0.590440 0.933901
vt 0.592007 0.933901
vt 0.592007 0.933344
vt 0.590440 0.933344
vt 0.590440 0.934533
vt 0.592007 0.934533
vt 0.570446 0.823501
vt 0.571033 0.823835
vt 0.592007 0.932900
vt 0.590440 0.932900
vt 0.518467 0.823835
vt 0.519054 0.823501
vt 0.518534 0.824130
vt 0.519122 0.823794
vt 0.592007 0.932606
vt 0.590440 0.932606
vt 0.519887 0.823026
vt 0.519954 0.823320
vt 0.587615 0.919971
vt 0.590440 0.919971
vt 0.590440 0.919677
vt 0.587615 0.919677
vt 0.569613 0.823026
vt 0.569546 0.823320
vt 0.570377 0.823794
vt 0.570966 0.824130
vt 0.569860 0.826060
vt 0.570942 0.824236
vt 0.568336 0.828631
vt 0.571248 0.825107
vt 0.571008 0.824190
vt 0.591070 0.875057
vt 0.592636 0.875057
vt 0.592636 0.874951
vt 0.591070 0.874951
vt 0.518491 0.824190
vt 0.518251 0.825107
vt 0.519639 0.826060
vt 0.518558 0.824236
vt 0.521164 0.828631
vt 0.517913 0.826396
vt 0.584790 0.916276
vt 0.587615 0.916276
vt 0.571587 0.826396
vt 0.584790 0.916489
vt 0.587615 0.916489
vt 0.571721 0.826312
vt 0.571415 0.825004
vt 0.571197 0.824072
vt 0.571679 0.824860
vt 0.571489 0.823912
vt 0.571946 0.826189
vt 0.591070 0.874653
vt 0.592636 0.874653
vt 0.592636 0.874190
vt 0.591070 0.874190
vt 0.518010 0.823912
vt 0.517820 0.824860
vt 0.518085 0.825004
vt 0.518303 0.824072
vt 0.517778 0.826312
vt 0.517554 0.826189
vt 0.584790 0.916844
vt 0.587615 0.916844
vt 0.584790 0.917310
vt 0.587615 0.917310
vt 0.517476 0.824703
vt 0.517259 0.826055
vt 0.572240 0.826055
vt 0.572023 0.824703
vt 0.584790 0.917852
vt 0.587615 0.917852
vt 0.572583 0.825936
vt 0.572428 0.824563
vt 0.572317 0.823583
vt 0.571869 0.823739
vt 0.591070 0.873590
vt 0.592636 0.873590
vt 0.592636 0.872881
vt 0.591070 0.872881
vt 0.517183 0.823583
vt 0.517072 0.824563
vt 0.517631 0.823739
vt 0.516917 0.825936
vt 0.516683 0.823474
vt 0.516627 0.824466
vt 0.516550 0.825856
vt 0.584790 0.918433
vt 0.587615 0.918433
vt 0.584790 0.919013
vt 0.587615 0.919013
vt 0.516163 0.824437
vt 0.516183 0.825833
vt 0.572950 0.825856
vt 0.573317 0.825833
vt 0.573336 0.824437
vt 0.572872 0.824466
vt 0.593265 0.871269
vt 0.592636 0.871247
vt 0.592636 0.872090
vt 0.593265 0.872002
vt 0.572816 0.823474
vt 0.591070 0.872090
vt 0.591070 0.871247
vt 0.590440 0.871269
vt 0.590440 0.872002
vt 0.515600 0.823513
vt 0.515700 0.824499
vt 0.516150 0.823441
vt 0.592636 0.870377
vt 0.591070 0.870377
vt 0.515840 0.825878
vt 0.515052 0.823721
vt 0.515255 0.824668
vt 0.515539 0.825992
vt 0.584790 0.920032
vt 0.587615 0.920032
vt 0.587615 0.919555
vt 0.584790 0.919555
vt 0.573659 0.825878
vt 0.573960 0.825992
vt 0.574245 0.824668
vt 0.573799 0.824499
vt 0.574448 0.823721
vt 0.573900 0.823513
vt 0.573350 0.823441
vt 0.592636 0.869509
vt 0.591070 0.869509
vt 0.574660 0.824961
vt 0.574977 0.824095
vt 0.592636 0.868672
vt 0.591070 0.868672
vt 0.514522 0.824095
vt 0.514839 0.824961
vt 0.514029 0.824663
vt 0.514457 0.825402
vt 0.592636 0.867892
vt 0.591070 0.867892
vt 0.515282 0.826173
vt 0.515054 0.826436
vt 0.584790 0.920799
vt 0.587615 0.920799
vt 0.587615 0.920438
vt 0.584790 0.920438
vt 0.574217 0.826173
vt 0.574445 0.826436
vt 0.575043 0.825402
vt 0.575470 0.824663
vt 0.575390 0.826029
vt 0.575909 0.825455
vt 0.574664 0.826832
vt 0.592007 0.898916
vt 0.590440 0.898916
vt 0.575644 0.826765
vt 0.576230 0.826386
vt 0.592007 0.897986
vt 0.590440 0.897986
vt 0.513269 0.826386
vt 0.513855 0.826765
vt 0.514110 0.826029
vt 0.513591 0.825455
vt 0.514835 0.826832
vt 0.514675 0.827296
vt 0.581965 0.897802
vt 0.584790 0.897802
vt 0.584790 0.897338
vt 0.581965 0.897338
vt 0.584790 0.896943
vt 0.574824 0.827296
vt 0.581965 0.898253
vt 0.584790 0.898253
vt 0.574905 0.827747
vt 0.575777 0.827506
vt 0.576400 0.827335
vt 0.575810 0.828264
vt 0.576442 0.828283
vt 0.574927 0.828237
vt 0.590440 0.897037
vt 0.592007 0.897037
vt 0.592007 0.896088
vt 0.590440 0.896088
vt 0.513058 0.828283
vt 0.513689 0.828264
vt 0.513722 0.827506
vt 0.513099 0.827335
vt 0.514594 0.827747
vt 0.514573 0.828237
vt 0.581965 0.898743
vt 0.584790 0.898743
vt 0.581965 0.899292
vt 0.584790 0.899292
vt 0.513742 0.829034
vt 0.514610 0.828785
vt 0.574889 0.828785
vt 0.575757 0.829034
vt 0.581965 0.899884
vt 0.584790 0.899884
vt 0.574793 0.829377
vt 0.575633 0.829801
vt 0.576234 0.830103
vt 0.576378 0.829212
vt 0.590440 0.895159
vt 0.592007 0.895159
vt 0.592007 0.894268
vt 0.590440 0.894268
vt 0.513266 0.830103
vt 0.513866 0.829801
vt 0.513121 0.829212
vt 0.514706 0.829377
vt 0.513467 0.830937
vt 0.514045 0.830538
vt 0.514852 0.829980
vt 0.581965 0.900487
vt 0.584790 0.900487
vt 0.581965 0.901067
vt 0.584790 0.901067
vt 0.514258 0.831222
vt 0.515033 0.830561
vt 0.574647 0.829980
vt 0.574466 0.830561
vt 0.575242 0.831222
vt 0.575455 0.830538
vt 0.575796 0.831695
vt 0.576032 0.830937
vt 0.590440 0.893434
vt 0.592007 0.893434
vt 0.592007 0.892677
vt 0.590440 0.892677
vt 0.513703 0.831695
vt 0.513949 0.832357
vt 0.514482 0.831827
vt 0.592007 0.892015
vt 0.590440 0.892015
vt 0.515228 0.831086
vt 0.514181 0.832905
vt 0.514696 0.832330
vt 0.515414 0.831526
vt 0.581965 0.902033
vt 0.584790 0.902033
vt 0.584790 0.901592
vt 0.581965 0.901592
vt 0.574272 0.831086
vt 0.574085 0.831526
vt 0.574804 0.832330
vt 0.575017 0.831827
vt 0.575318 0.832905
vt 0.575550 0.832357
vt 0.592007 0.891466
vt 0.590440 0.891466
vt 0.574625 0.832710
vt 0.575123 0.833320
vt 0.592007 0.891051
vt 0.590440 0.891051
vt 0.514377 0.833320
vt 0.514874 0.832710
vt 0.514511 0.833583
vt 0.514994 0.832945
vt 0.592007 0.890788
vt 0.590440 0.890788
vt 0.515569 0.831855
vt 0.515670 0.832052
vt 0.581965 0.902558
vt 0.584790 0.902558
vt 0.584790 0.902362
vt 0.581965 0.902362
vt 0.573930 0.831855
vt 0.573830 0.832052
vt 0.574505 0.832945
vt 0.574988 0.833583
vt 0.573413 0.834948
vt 0.574938 0.833675
vt 0.571280 0.836728
vt 0.592007 0.890696
vt 0.575072 0.834653
vt 0.575016 0.833661
vt 0.591070 0.890096
vt 0.592636 0.890096
vt 0.592636 0.889973
vt 0.591070 0.889973
vt 0.514483 0.833661
vt 0.514428 0.834653
vt 0.516087 0.834948
vt 0.514561 0.833675
vt 0.518220 0.836728
vt 0.514350 0.836041
vt 0.587615 0.906004
vt 0.590440 0.906004
vt 0.575149 0.836041
vt 0.587615 0.906371
vt 0.590440 0.906371
vt 0.575381 0.836010
vt 0.575303 0.834622
vt 0.575248 0.833630
vt 0.575485 0.834604
vt 0.575463 0.833608
vt 0.575515 0.835996
vt 0.591070 0.889606
vt 0.592636 0.889606
vt 0.592636 0.889265
vt 0.591070 0.889265
vt 0.514036 0.833608
vt 0.514014 0.834604
vt 0.514196 0.834622
vt 0.514252 0.833630
vt 0.514118 0.836010
vt 0.513984 0.835996
vt 0.587615 0.906583
vt 0.590440 0.906583
vt 0.513732 0.834602
vt 0.513764 0.835995
vt 0.587615 0.906932
vt 0.590440 0.906932
vt 0.575736 0.835995
vt 0.575767 0.834602
vt 0.587615 0.907371
vt 0.590440 0.907371
vt 0.576013 0.836027
vt 0.576121 0.834643
vt 0.576197 0.833654
vt 0.575789 0.833606
vt 0.593265 0.888785
vt 0.592636 0.888750
vt 0.593265 0.889231
vt 0.591070 0.888750
vt 0.592636 0.888104
vt 0.591070 0.888104
vt 0.513302 0.833654
vt 0.513379 0.834643
vt 0.513710 0.833606
vt 0.590440 0.888785
vt 0.590440 0.889231
vt 0.513486 0.836027
vt 0.512839 0.833780
vt 0.512983 0.834751
vt 0.513185 0.836109
vt 0.587615 0.907847
vt 0.590440 0.907847
vt 0.512575 0.834945
vt 0.512892 0.836248
vt 0.587615 0.908310
vt 0.590440 0.908310
vt 0.576314 0.836109
vt 0.576607 0.836248
vt 0.576925 0.834945
vt 0.576516 0.834751
vt 0.577152 0.834014
vt 0.576661 0.833780
vt 0.591070 0.887371
vt 0.592636 0.887371
vt 0.592636 0.886594
vt 0.591070 0.886594
vt 0.512348 0.834014
vt 0.511856 0.834383
vt 0.512180 0.835243
vt 0.592636 0.885817
vt 0.591070 0.885817
vt 0.512632 0.836444
vt 0.511393 0.834918
vt 0.511818 0.835660
vt 0.512414 0.836696
vt 0.590440 0.908722
vt 0.587615 0.908722
vt 0.576867 0.836444
vt 0.577086 0.836696
vt 0.577681 0.835660
vt 0.577320 0.835243
vt 0.578107 0.834918
vt 0.577643 0.834383
vt 0.592636 0.885083
vt 0.591070 0.885083
vt 0.577997 0.836223
vt 0.578516 0.835648
vt 0.582594 0.885067
vt 0.584160 0.885067
vt 0.584160 0.884337
vt 0.582594 0.884337
vt 0.510984 0.835648
vt 0.511503 0.836223
vt 0.510657 0.836600
vt 0.511244 0.836978
vt 0.584160 0.883385
vt 0.582594 0.883385
vt 0.512228 0.837027
vt 0.512064 0.837507
vt 0.590440 0.808346
vt 0.590440 0.807867
vt 0.577271 0.837027
vt 0.577436 0.837507
vt 0.578256 0.836978
vt 0.578842 0.836600
vt 0.578437 0.837984
vt 0.579059 0.837804
vt 0.577567 0.838235
vt 0.584160 0.882181
vt 0.582594 0.882181
vt 0.578508 0.839332
vt 0.579138 0.839289
vt 0.584160 0.880696
vt 0.582594 0.880696
vt 0.510361 0.839289
vt 0.510991 0.839332
vt 0.511063 0.837984
vt 0.510441 0.837804
vt 0.511933 0.838235
vt 0.511871 0.839391
vt 0.590440 0.810230
vt 0.590440 0.809075
vt 0.577628 0.839391
vt 0.590440 0.811817
vt 0.577629 0.840977
vt 0.578510 0.840976
vt 0.584790 0.879009
vt 0.584160 0.879009
vt 0.584790 0.880653
vt 0.578510 0.842752
vt 0.579139 0.842752
vt 0.579139 0.840976
vt 0.577630 0.842752
vt 0.582594 0.879009
vt 0.584160 0.877233
vt 0.582594 0.877233
vt 0.510360 0.842752
vt 0.510989 0.842752
vt 0.510990 0.840976
vt 0.510360 0.840976
vt 0.511870 0.840977
vt 0.511870 0.842752
vt 0.590440 0.813592
vt 0.510989 0.844600
vt 0.511870 0.844600
vt 0.590440 0.815439
vt 0.577630 0.844600
vt 0.578510 0.844600
vt 0.590440 0.817340
vt 0.577630 0.846501
vt 0.578510 0.846502
vt 0.579139 0.846502
vt 0.579139 0.844600
vt 0.582594 0.875385
vt 0.584160 0.875385
vt 0.584160 0.873483
vt 0.582594 0.873483
vt 0.510360 0.846502
vt 0.510990 0.846502
vt 0.510360 0.844600
vt 0.511870 0.846501
vt 0.510361 0.848440
vt 0.510990 0.848440
vt 0.511870 0.848439
vt 0.590440 0.819278
vt 0.510991 0.850396
vt 0.511871 0.850395
vt 0.590440 0.821234
vt 0.577629 0.848439
vt 0.577628 0.850395
vt 0.578508 0.850396
vt 0.578509 0.848440
vt 0.579138 0.850396
vt 0.579139 0.848440
vt 0.582594 0.871545
vt 0.584160 0.871545
vt 0.584160 0.869589
vt 0.582594 0.869589
vt 0.510361 0.850396
vt 0.510362 0.852352
vt 0.510992 0.852352
vt 0.584160 0.867633
vt 0.582594 0.867633
vt 0.511872 0.852351
vt 0.510363 0.854290
vt 0.510992 0.854290
vt 0.511872 0.854289
vt 0.590440 0.825129
vt 0.590440 0.823190
vt 0.577628 0.852351
vt 0.577627 0.854289
vt 0.578507 0.854290
vt 0.578508 0.852352
vt 0.579137 0.854290
vt 0.579137 0.852352
vt 0.584160 0.865695
vt 0.582594 0.865695
vt 0.578507 0.856192
vt 0.579136 0.856192
vt 0.584160 0.863793
vt 0.582594 0.863793
vt 0.510363 0.856192
vt 0.510992 0.856192
vt 0.510363 0.858040
vt 0.510992 0.858041
vt 0.584160 0.861945
vt 0.582594 0.861945
vt 0.511873 0.856192
vt 0.511873 0.858041
vt 0.590440 0.828880
vt 0.590440 0.827031
vt 0.577627 0.856192
vt 0.577627 0.858041
vt 0.578507 0.858041
vt 0.579136 0.858040
vt 0.578507 0.859817
vt 0.579137 0.859817
vt 0.577627 0.859817
vt 0.584160 0.860168
vt 0.582594 0.860168
vt 0.578507 0.887551
vt 0.579137 0.887551
vt 0.584160 0.832434
vt 0.582594 0.832434
vt 0.510363 0.887551
vt 0.510992 0.887551
vt 0.510992 0.859817
vt 0.510363 0.859817
vt 0.511872 0.887551
vt 0.511872 0.859817
vt 0.590440 0.858390
vt 0.590440 0.830656
vt 0.577627 0.887551
vt 0.590440 0.860166
vt 0.577627 0.889327
vt 0.578507 0.889327
vt 0.579136 0.889328
vt 0.578507 0.891176
vt 0.579136 0.891176
vt 0.577627 0.891176
vt 0.578507 0.893078
vt 0.579137 0.893078
vt 0.577627 0.893079
vt 0.590440 0.862015
vt 0.590440 0.863918
vt 0.511873 0.891176
vt 0.511873 0.889327
vt 0.510992 0.889327
vt 0.510992 0.891176
vt 0.511872 0.893079
vt 0.510992 0.893078
vt 0.510363 0.889328
vt 0.510363 0.891176
vt 0.510363 0.893078
vt 0.510362 0.895016
vt 0.510992 0.895016
vt 0.511872 0.895017
vt 0.510361 0.896972
vt 0.510991 0.896972
vt 0.511871 0.896973
vt 0.590440 0.865856
vt 0.590440 0.867812
vt 0.577628 0.895017
vt 0.578508 0.895016
vt 0.577628 0.896973
vt 0.578508 0.896972
vt 0.579137 0.895016
vt 0.579138 0.896972
vt 0.578509 0.898928
vt 0.579139 0.898928
vt 0.577629 0.898929
vt 0.578510 0.900866
vt 0.579139 0.900866
vt 0.577630 0.900867
vt 0.590440 0.869768
vt 0.590440 0.871706
vt 0.511870 0.898929
vt 0.510990 0.898928
vt 0.511870 0.900867
vt 0.510990 0.900866
vt 0.510361 0.898928
vt 0.510360 0.900866
vt 0.510360 0.902768
vt 0.510989 0.902768
vt 0.511870 0.902768
vt 0.510360 0.904616
vt 0.510989 0.904616
vt 0.511870 0.904616
vt 0.590440 0.873607
vt 0.590440 0.875455
vt 0.577630 0.902768
vt 0.578510 0.902768
vt 0.577630 0.904616
vt 0.578510 0.904616
vt 0.579139 0.902768
vt 0.579139 0.904616
vt 0.578510 0.906392
vt 0.579139 0.906392
vt 0.577629 0.906391
vt 0.584160 0.813593
vt 0.584790 0.813593
vt 0.584790 0.811949
vt 0.584160 0.811906
vt 0.577628 0.907977
vt 0.578508 0.908036
vt 0.590440 0.877230
vt 0.590440 0.878816
vt 0.511870 0.906391
vt 0.510990 0.906392
vt 0.511871 0.907977
vt 0.510991 0.908036
vt 0.510360 0.906392
vt 0.582594 0.813593
vt 0.582594 0.811906
vt 0.510361 0.908079
vt 0.510441 0.909564
vt 0.511063 0.909384
vt 0.511933 0.909133
vt 0.510657 0.910768
vt 0.511244 0.910390
vt 0.512064 0.909861
vt 0.590440 0.879972
vt 0.590440 0.880700
vt 0.577567 0.909133
vt 0.578437 0.909384
vt 0.577436 0.909861
vt 0.578256 0.910390
vt 0.579059 0.909564
vt 0.578842 0.910768
vt 0.579138 0.908079
vt 0.577997 0.911145
vt 0.578516 0.911720
vt 0.577271 0.910341
vt 0.577681 0.911708
vt 0.578107 0.912449
vt 0.577086 0.910672
vt 0.590440 0.881180
vt 0.512228 0.910341
vt 0.511503 0.911145
vt 0.512414 0.910672
vt 0.511818 0.911708
vt 0.510984 0.911720
vt 0.511393 0.912449
vt 0.511856 0.912984
vt 0.512180 0.912125
vt 0.512632 0.910924
vt 0.512348 0.913354
vt 0.512575 0.912423
vt 0.512892 0.911120
vt 0.584790 0.921144
vt 0.587615 0.921144
vt 0.584790 0.921556
vt 0.587615 0.921556
vt 0.576867 0.910924
vt 0.577320 0.912125
vt 0.576607 0.911120
vt 0.576925 0.912423
vt 0.577643 0.912984
vt 0.577152 0.913354
vt 0.576516 0.912617
vt 0.576661 0.913588
vt 0.576314 0.911259
vt 0.576121 0.912724
vt 0.576197 0.913714
vt 0.576013 0.911341
vt 0.584790 0.922019
vt 0.587615 0.922019
vt 0.584790 0.922495
vt 0.587615 0.922495
vt 0.513185 0.911259
vt 0.512983 0.912617
vt 0.513486 0.911341
vt 0.513379 0.912724
vt 0.512839 0.913588
vt 0.513302 0.913714
vt 0.513710 0.913762
vt 0.513732 0.912766
vt 0.513764 0.911373
vt 0.587615 0.934701
vt 0.588244 0.934736
vt 0.587615 0.934255
vt 0.584790 0.922934
vt 0.587615 0.922934
vt 0.584790 0.923283
vt 0.587615 0.923283
vt 0.575736 0.911373
vt 0.575767 0.912766
vt 0.575515 0.911372
vt 0.589811 0.934736
vt 0.590440 0.934701
vt 0.590440 0.934255
vt 0.575789 0.913762
vt 0.575381 0.911358
vt 0.588244 0.935382
vt 0.589811 0.935382
vt 0.588244 0.936116
vt 0.589811 0.936116
vt 0.575149 0.911327
vt 0.588244 0.936892
vt 0.589811 0.936892
vt 0.588244 0.937669
vt 0.589811 0.937669
vt 0.588244 0.938403
vt 0.589811 0.938403
vt 0.582594 0.808265
vt 0.584160 0.808265
vt 0.584160 0.807536
vt 0.582594 0.807536
vt 0.582594 0.809217
vt 0.584160 0.809217
vt 0.582594 0.810421
vt 0.584160 0.810421
vt 0.582594 0.815369
vt 0.584160 0.815369
vt 0.582594 0.817217
vt 0.584160 0.817217
vt 0.582594 0.819119
vt 0.584160 0.819119
vt 0.582594 0.821057
vt 0.584160 0.821057
vt 0.582594 0.823013
vt 0.584160 0.823013
vt 0.582594 0.824969
vt 0.584160 0.824969
vt 0.582594 0.826907
vt 0.584160 0.826907
vt 0.582594 0.828809
vt 0.584160 0.828809
vt 0.582594 0.830657
vt 0.584160 0.830657
vt 0.590440 0.837617
vt 0.592007 0.837617
vt 0.590440 0.839419
vt 0.592007 0.839419
vt 0.590440 0.841178
vt 0.592007 0.841178
vt 0.590440 0.842834
vt 0.592007 0.842834
vt 0.590440 0.844326
vt 0.592007 0.844326
vt 0.592007 0.810239
vt 0.593573 0.810239
vt 0.593573 0.807536
vt 0.592007 0.810909
vt 0.593573 0.810909
vt 0.592007 0.811541
vt 0.593573 0.811541
vt 0.592007 0.812098
vt 0.593573 0.812098
vt 0.592007 0.812542
vt 0.593573 0.812542
vt 0.592007 0.812836
vt 0.593573 0.812836
vt 0.591070 0.860834
vt 0.592636 0.860834
vt 0.592636 0.860728
vt 0.591070 0.860728
vt 0.591070 0.861132
vt 0.592636 0.861132
vt 0.591070 0.861595
vt 0.592636 0.861595
vt 0.591070 0.862195
vt 0.592636 0.862195
vt 0.591070 0.862904
vt 0.592636 0.862904
vt 0.591070 0.865408
vt 0.592636 0.865408
vt 0.591070 0.866275
vt 0.592636 0.866275
vt 0.591070 0.867113
vt 0.592636 0.867113
vt 0.590440 0.918872
vt 0.592007 0.918872
vt 0.590440 0.919802
vt 0.592007 0.919802
vt 0.590440 0.920751
vt 0.592007 0.920751
vt 0.590440 0.921700
vt 0.592007 0.921700
vt 0.590440 0.922629
vt 0.592007 0.922629
vt 0.590440 0.923520
vt 0.592007 0.923520
vt 0.590440 0.924354
vt 0.592007 0.924354
vt 0.590440 0.925112
vt 0.592007 0.925112
vt 0.590440 0.925774
vt 0.592007 0.925774
vt 0.590440 0.926322
vt 0.592007 0.926322
vt 0.590440 0.926737
vt 0.592007 0.926737
vt 0.590440 0.927000
vt 0.592007 0.927000
vt 0.591070 0.875180
vt 0.592636 0.875180
vt 0.591070 0.875547
vt 0.592636 0.875547
vt 0.591070 0.877049
vt 0.592636 0.877049
vt 0.591070 0.877782
vt 0.592636 0.877782
vt 0.591070 0.878559
vt 0.592636 0.878559
vt 0.591070 0.879336
vt 0.592636 0.879336
vt 0.579769 0.808265
vt 0.581335 0.808265
vt 0.581335 0.807536
vt 0.579769 0.807536
vt 0.579769 0.809217
vt 0.581335 0.809217
vt 0.579769 0.810421
vt 0.581335 0.810421
vt 0.579769 0.815369
vt 0.581335 0.815369
vt 0.579769 0.817217
vt 0.581335 0.817217
vt 0.579769 0.819119
vt 0.581335 0.819119
vt 0.579769 0.821057
vt 0.581335 0.821057
vt 0.579769 0.823013
vt 0.581335 0.823013
vt 0.579769 0.824969
vt 0.581335 0.824969
vt 0.579769 0.826907
vt 0.581335 0.826907
vt 0.579769 0.828809
vt 0.581335 0.828809
vt 0.579769 0.830657
vt 0.581335 0.830657
vt 0.579769 0.832434
vt 0.581335 0.832434
vt 0.544747 0.887551
vt 0.579769 0.860168
vt 0.581335 0.860168
vt 0.591070 0.884960
vt 0.592636 0.884960
vt 0.584790 0.895057
vt 0.581965 0.895057
vt 0.563868 0.932547
vt 0.584790 0.893103
vt 0.581965 0.893103
vt 0.565103 0.931050
vt 0.525632 0.932547
vt 0.524396 0.931050
vt 0.584790 0.891145
vt 0.581965 0.891145
vt 0.523159 0.929795
vt 0.584790 0.889247
vt 0.581965 0.889247
vt 0.521959 0.928761
vt 0.566340 0.929795
vt 0.567540 0.928761
vt 0.584790 0.887467
vt 0.581965 0.887467
vt 0.568665 0.927929
vt 0.584790 0.885867
vt 0.581965 0.885867
vt 0.569677 0.927281
vt 0.520835 0.927929
vt 0.519823 0.927281
vt 0.584790 0.885067
vt 0.519317 0.926844
vt 0.581965 0.935925
vt 0.584790 0.935925
vt 0.584790 0.935726
vt 0.581965 0.935726
vt 0.519362 0.926645
vt 0.570137 0.926645
vt 0.570183 0.926844
vt 0.584790 0.935056
vt 0.581965 0.935056
vt 0.569985 0.925976
vt 0.584790 0.934424
vt 0.581965 0.934424
vt 0.569841 0.925344
vt 0.519515 0.925976
vt 0.519659 0.925344
vt 0.584790 0.933867
vt 0.581965 0.933867
vt 0.519786 0.924787
vt 0.584790 0.933423
vt 0.581965 0.933423
vt 0.519887 0.924342
vt 0.569714 0.924787
vt 0.569613 0.924342
vt 0.584790 0.933129
vt 0.581965 0.933129
vt 0.569546 0.924048
vt 0.568336 0.918737
vt 0.519954 0.924048
vt 0.521164 0.918737
vt 0.579139 0.930361
vt 0.581965 0.930361
vt 0.581965 0.925218
vt 0.579139 0.925218
vt 0.517913 0.920972
vt 0.581965 0.925005
vt 0.579139 0.925005
vt 0.517778 0.921056
vt 0.571587 0.920972
vt 0.571721 0.921056
vt 0.581965 0.924650
vt 0.579139 0.924650
vt 0.571946 0.921178
vt 0.581965 0.924184
vt 0.579139 0.924184
vt 0.572240 0.921313
vt 0.517554 0.921178
vt 0.517259 0.921313
vt 0.581965 0.923641
vt 0.579139 0.923641
vt 0.516917 0.921432
vt 0.581965 0.923061
vt 0.579139 0.923061
vt 0.516550 0.921512
vt 0.572583 0.921432
vt 0.572950 0.921512
vt 0.581965 0.922481
vt 0.579139 0.922481
vt 0.573317 0.921535
vt 0.581965 0.921939
vt 0.579139 0.921939
vt 0.573659 0.921490
vt 0.516183 0.921535
vt 0.515840 0.921490
vt 0.581965 0.921462
vt 0.579139 0.921462
vt 0.515539 0.921376
vt 0.581965 0.921056
vt 0.579139 0.921056
vt 0.515282 0.921195
vt 0.573960 0.921376
vt 0.574217 0.921195
vt 0.574445 0.920932
vt 0.587615 0.891407
vt 0.584790 0.891407
vt 0.574664 0.920536
vt 0.515054 0.920932
vt 0.514835 0.920536
vt 0.587615 0.890943
vt 0.584790 0.890943
vt 0.514675 0.920072
vt 0.587615 0.890492
vt 0.584790 0.890492
vt 0.514594 0.919622
vt 0.574824 0.920072
vt 0.574905 0.919622
vt 0.587615 0.890002
vt 0.584790 0.890002
vt 0.574927 0.919131
vt 0.587615 0.889453
vt 0.584790 0.889453
vt 0.574889 0.918583
vt 0.514573 0.919131
vt 0.514610 0.918583
vt 0.587615 0.888862
vt 0.584790 0.888862
vt 0.514706 0.917991
vt 0.587615 0.888258
vt 0.584790 0.888258
vt 0.514852 0.917387
vt 0.574793 0.917991
vt 0.574647 0.917387
vt 0.587615 0.887678
vt 0.584790 0.887678
vt 0.574466 0.916807
vt 0.587615 0.887153
vt 0.584790 0.887153
vt 0.574272 0.916282
vt 0.515033 0.916807
vt 0.515228 0.916282
vt 0.587615 0.886713
vt 0.584790 0.886713
vt 0.515414 0.915842
vt 0.587615 0.886383
vt 0.584790 0.886383
vt 0.515569 0.915513
vt 0.574085 0.915842
vt 0.573930 0.915513
vt 0.587615 0.886187
vt 0.584790 0.886187
vt 0.573830 0.915316
vt 0.571280 0.910640
vt 0.515670 0.915316
vt 0.572968 0.806007
vt 0.572968 0.921180
vt 0.569338 0.921180
vt 0.569338 0.806007
vt 0.586261 0.888633
vt 0.586261 0.894518
vt 0.582632 0.894518
vt 0.582632 0.888633
vt 0.534362 0.806007
vt 0.534362 0.921180
vt 0.530733 0.921180
vt 0.530733 0.806007
vt 0.529907 0.926321
vt 0.529907 0.922163
vt 0.530733 0.927304
vt 0.534362 0.927304
vt 0.585655 0.853500
vt 0.583238 0.853500
vt 0.582632 0.852161
vt 0.586261 0.852161
vt 0.525123 0.926321
vt 0.525123 0.922163
vt 0.585655 0.861257
vt 0.583238 0.861257
vt 0.585048 0.870734
vt 0.585048 0.874892
vt 0.582632 0.874892
vt 0.582632 0.870734
vt 0.538817 0.926321
vt 0.538817 0.922163
vt 0.543601 0.922163
vt 0.543601 0.926321
vt 0.585655 0.869014
vt 0.583238 0.869014
vt 0.537991 0.927304
vt 0.537991 0.921180
vt 0.586261 0.870354
vt 0.582632 0.870354
vt 0.537991 0.940595
vt 0.534362 0.940595
vt 0.586261 0.825578
vt 0.586261 0.838869
vt 0.582632 0.838869
vt 0.582632 0.825578
vt 0.565709 0.819299
vt 0.565709 0.806007
vt 0.569338 0.819299
vt 0.565709 0.825423
vt 0.569338 0.825423
vt 0.530733 0.940595
vt 0.577800 0.896468
vt 0.577800 0.902353
vt 0.576597 0.904303
vt 0.576597 0.894518
vt 0.581429 0.896468
vt 0.576597 0.835529
vt 0.582632 0.835529
vt 0.582632 0.845370
vt 0.576597 0.845370
vt 0.576597 0.855211
vt 0.582632 0.855211
vt 0.582632 0.865051
vt 0.576597 0.865051
vt 0.578272 0.891801
vt 0.580956 0.891801
vt 0.582632 0.884732
vt 0.580956 0.887449
vt 0.578272 0.887449
vt 0.576597 0.884732
vt 0.576597 0.806007
vt 0.582632 0.806007
vt 0.582632 0.815848
vt 0.576597 0.815848
vt 0.581429 0.902353
vt 0.582632 0.904303
vt 0.537991 0.806007
vt 0.565709 0.940595
vt 0.569338 0.940595
vt 0.576597 0.921180
vt 0.582632 0.909499
vt 0.582632 0.903614
vt 0.586261 0.903614
vt 0.586261 0.909499
vt 0.543601 0.806007
vt 0.547230 0.806007
vt 0.547230 0.921180
vt 0.543601 0.921180
vt 0.548056 0.926321
vt 0.547230 0.927304
vt 0.548056 0.922163
vt 0.543601 0.927304
vt 0.585655 0.882649
vt 0.586261 0.883988
vt 0.582632 0.883988
vt 0.583238 0.882649
vt 0.552840 0.922163
vt 0.552840 0.926321
vt 0.583238 0.874892
vt 0.585655 0.874892
vt 0.582632 0.884475
vt 0.585049 0.884475
vt 0.585049 0.888633
vt 0.557625 0.926321
vt 0.557625 0.922163
vt 0.585655 0.895857
vt 0.585655 0.903614
vt 0.583238 0.903614
vt 0.583238 0.895857
vt 0.558451 0.921180
vt 0.558451 0.927304
vt 0.562080 0.927304
vt 0.562080 0.940595
vt 0.558451 0.940595
vt 0.562080 0.921180
vt 0.565709 0.927304
vt 0.565709 0.921180
vt 0.547230 0.940595
vt 0.543601 0.940595
vt 0.587464 0.807958
vt 0.588666 0.806007
vt 0.588666 0.815792
vt 0.587464 0.813842
vt 0.583834 0.807958
vt 0.576597 0.825689
vt 0.582632 0.825689
vt 0.576597 0.874892
vt 0.582632 0.815792
vt 0.584307 0.818509
vt 0.584307 0.822861
vt 0.586991 0.818509
vt 0.586991 0.822861
vt 0.588666 0.825578
vt 0.583834 0.813842
vt 0.558451 0.806007
vt 0.562080 0.806007
vt 0.547908 0.867317
vt 0.548034 0.867317
vt 0.548034 0.864883
vt 0.547908 0.864883
vt 0.534379 0.848666
vt 0.534270 0.848578
vt 0.533418 0.849598
vt 0.533564 0.849716
vt 0.561436 0.848666
vt 0.562251 0.849716
vt 0.562397 0.849598
vt 0.561545 0.848578
vt 0.572415 0.863084
vt 0.572246 0.863084
vt 0.572246 0.865518
vt 0.572415 0.865518
vt 0.572667 0.863084
vt 0.572667 0.865518
vt 0.561253 0.848803
vt 0.562020 0.849888
vt 0.534562 0.848803
vt 0.533795 0.849888
vt 0.572980 0.863084
vt 0.572980 0.865518
vt 0.534807 0.848967
vt 0.534100 0.850093
vt 0.548236 0.867317
vt 0.548236 0.864883
vt 0.548490 0.867317
vt 0.548490 0.864883
vt 0.561008 0.848967
vt 0.561715 0.850093
vt 0.548770 0.867317
vt 0.548770 0.864883
vt 0.560716 0.849139
vt 0.561347 0.850309
vt 0.573330 0.863084
vt 0.573330 0.865518
vt 0.573694 0.863084
vt 0.573694 0.865518
vt 0.560393 0.849298
vt 0.560925 0.850516
vt 0.535099 0.849139
vt 0.534469 0.850309
vt 0.535422 0.849298
vt 0.534890 0.850516
vt 0.549053 0.867317
vt 0.549053 0.864883
vt 0.549313 0.867317
vt 0.549313 0.864883
vt 0.535758 0.849426
vt 0.535354 0.850694
vt 0.560058 0.849426
vt 0.560462 0.850694
vt 0.574259 0.858216
vt 0.574001 0.858216
vt 0.574001 0.860650
vt 0.574259 0.860650
vt 0.559729 0.849511
vt 0.559966 0.850821
vt 0.574048 0.863084
vt 0.574048 0.865518
vt 0.569812 0.858241
vt 0.569812 0.858642
vt 0.572246 0.858642
vt 0.572246 0.858241
vt 0.536087 0.849511
vt 0.535850 0.850821
vt 0.569812 0.857791
vt 0.572246 0.857791
vt 0.536392 0.849544
vt 0.536366 0.850877
vt 0.573742 0.858216
vt 0.573742 0.860650
vt 0.573489 0.858216
vt 0.573489 0.860650
vt 0.536665 0.849525
vt 0.536894 0.850841
vt 0.559423 0.849544
vt 0.559449 0.850877
vt 0.559151 0.849525
vt 0.558921 0.850841
vt 0.569812 0.857294
vt 0.572246 0.857294
vt 0.569812 0.856751
vt 0.572246 0.856751
vt 0.558900 0.849454
vt 0.558394 0.850691
vt 0.536916 0.849454
vt 0.537422 0.850691
vt 0.569812 0.856163
vt 0.572246 0.856163
vt 0.537174 0.849312
vt 0.537939 0.850408
vt 0.573232 0.858216
vt 0.573232 0.860650
vt 0.572938 0.858216
vt 0.572938 0.860650
vt 0.558642 0.849312
vt 0.557876 0.850408
vt 0.572656 0.858216
vt 0.572656 0.860650
vt 0.558422 0.849120
vt 0.557435 0.850022
vt 0.569812 0.855604
vt 0.572246 0.855604
vt 0.569812 0.855139
vt 0.572246 0.855139
vt 0.558276 0.848919
vt 0.557119 0.849588
vt 0.537394 0.849120
vt 0.538380 0.850022
vt 0.537540 0.848919
vt 0.538696 0.849588
vt 0.572436 0.858216
vt 0.572436 0.860650
vt 0.572246 0.858216
vt 0.572246 0.860650
vt 0.537641 0.848693
vt 0.538904 0.849122
vt 0.558175 0.848693
vt 0.556912 0.849122
vt 0.569812 0.855989
vt 0.569812 0.855774
vt 0.567379 0.855774
vt 0.567379 0.855989
vt 0.558111 0.848428
vt 0.556796 0.848640
vt 0.569812 0.854759
vt 0.572246 0.854759
vt 0.569812 0.864572
vt 0.569812 0.864958
vt 0.572246 0.864958
vt 0.572246 0.864572
vt 0.537704 0.848428
vt 0.539020 0.848640
vt 0.569812 0.864152
vt 0.572246 0.864152
vt 0.537730 0.848127
vt 0.539060 0.848156
vt 0.569812 0.855511
vt 0.567379 0.855511
vt 0.569812 0.855212
vt 0.567379 0.855212
vt 0.537717 0.847804
vt 0.539042 0.847686
vt 0.558086 0.848127
vt 0.556755 0.848156
vt 0.558099 0.847804
vt 0.556774 0.847686
vt 0.569812 0.863721
vt 0.572246 0.863721
vt 0.569812 0.863297
vt 0.572246 0.863297
vt 0.558143 0.847481
vt 0.556835 0.847247
vt 0.537672 0.847481
vt 0.538981 0.847247
vt 0.569812 0.862904
vt 0.572246 0.862904
vt 0.537606 0.847179
vt 0.538894 0.846852
vt 0.569812 0.854900
vt 0.567379 0.854900
vt 0.569812 0.854598
vt 0.567379 0.854598
vt 0.558210 0.847179
vt 0.556921 0.846852
vt 0.569812 0.854331
vt 0.567379 0.854331
vt 0.558285 0.846920
vt 0.557018 0.846519
vt 0.569812 0.862561
vt 0.572246 0.862561
vt 0.569812 0.862290
vt 0.572246 0.862290
vt 0.558353 0.846723
vt 0.557107 0.846261
vt 0.537531 0.846920
vt 0.538798 0.846519
vt 0.537463 0.846723
vt 0.538709 0.846261
vt 0.569812 0.854123
vt 0.567379 0.854123
vt 0.569812 0.853996
vt 0.567379 0.853996
vt 0.537416 0.846604
vt 0.538643 0.846095
vt 0.558400 0.846604
vt 0.557172 0.846095
vt 0.569812 0.850877
vt 0.567379 0.850877
vt 0.559643 0.843743
vt 0.557198 0.846036
vt 0.569812 0.862113
vt 0.572246 0.862113
vt 0.569812 0.862049
vt 0.572246 0.862049
vt 0.536173 0.843743
vt 0.538618 0.846036
vt 0.574509 0.858216
vt 0.574554 0.858216
vt 0.574554 0.855782
vt 0.574509 0.855782
vt 0.539127 0.844808
vt 0.538677 0.846058
vt 0.569812 0.860874
vt 0.572246 0.860874
vt 0.569812 0.860997
vt 0.572246 0.860997
vt 0.539291 0.844867
vt 0.538841 0.846117
vt 0.556688 0.844808
vt 0.557139 0.846058
vt 0.556525 0.844867
vt 0.556975 0.846117
vt 0.574383 0.858216
vt 0.574383 0.855782
vt 0.574193 0.858216
vt 0.574193 0.855782
vt 0.556277 0.844956
vt 0.556728 0.846206
vt 0.539538 0.844956
vt 0.539088 0.846206
vt 0.573956 0.858216
vt 0.573956 0.855782
vt 0.539848 0.845068
vt 0.539398 0.846317
vt 0.569812 0.861184
vt 0.572246 0.861184
vt 0.569812 0.861418
vt 0.572246 0.861418
vt 0.555968 0.845068
vt 0.556418 0.846317
vt 0.569812 0.861683
vt 0.572246 0.861683
vt 0.555616 0.845194
vt 0.556066 0.846444
vt 0.573686 0.858216
vt 0.573686 0.855782
vt 0.573400 0.858216
vt 0.573400 0.855782
vt 0.555243 0.845329
vt 0.555694 0.846578
vt 0.540200 0.845194
vt 0.539749 0.846444
vt 0.540572 0.845329
vt 0.540122 0.846578
vt 0.569812 0.861965
vt 0.572246 0.861965
vt 0.541626 0.847120
vt 0.540683 0.845368
vt 0.554190 0.847120
vt 0.555133 0.845368
vt 0.564945 0.858399
vt 0.564945 0.857984
vt 0.562511 0.857984
vt 0.562511 0.858399
vt 0.553647 0.845394
vt 0.554890 0.844923
vt 0.575374 0.865518
vt 0.575374 0.863084
vt 0.572246 0.855782
vt 0.542168 0.845394
vt 0.540926 0.844923
vt 0.557643 0.858433
vt 0.557643 0.859078
vt 0.560077 0.859078
vt 0.560077 0.858433
vt 0.541286 0.844033
vt 0.542504 0.844564
vt 0.564945 0.857268
vt 0.562511 0.857268
vt 0.564945 0.856416
vt 0.562511 0.856416
vt 0.541749 0.843043
vt 0.542935 0.843643
vt 0.554530 0.844033
vt 0.553311 0.844564
vt 0.554067 0.843043
vt 0.552880 0.843643
vt 0.557643 0.857666
vt 0.560077 0.857666
vt 0.557643 0.856781
vt 0.560077 0.856781
vt 0.553491 0.841987
vt 0.552347 0.842664
vt 0.542324 0.841987
vt 0.543468 0.842664
vt 0.557643 0.855786
vt 0.560077 0.855786
vt 0.543023 0.840898
vt 0.544111 0.841662
vt 0.564945 0.855434
vt 0.562511 0.855434
vt 0.564945 0.854327
vt 0.562511 0.854327
vt 0.552793 0.840898
vt 0.551705 0.841662
vt 0.564945 0.853101
vt 0.562511 0.853101
vt 0.551960 0.839811
vt 0.550945 0.840670
vt 0.557643 0.854689
vt 0.560077 0.854689
vt 0.557643 0.853496
vt 0.560077 0.853496
vt 0.550981 0.838762
vt 0.550061 0.839723
vt 0.543855 0.839811
vt 0.544871 0.840670
vt 0.544834 0.838762
vt 0.545755 0.839723
vt 0.564945 0.851759
vt 0.562511 0.851759
vt 0.564945 0.850877
vt 0.562511 0.850877
vt 0.546770 0.838854
vt 0.545501 0.838118
vt 0.549045 0.838854
vt 0.550314 0.838118
vt 0.547908 0.838118
vt 0.549045 0.837383
vt 0.550981 0.837475
vt 0.550061 0.836514
vt 0.557643 0.859474
vt 0.557643 0.858611
vt 0.555209 0.858611
vt 0.555209 0.859474
vt 0.557643 0.857250
vt 0.555209 0.857250
vt 0.551960 0.836426
vt 0.550945 0.835567
vt 0.544834 0.837475
vt 0.545755 0.836514
vt 0.544871 0.835567
vt 0.543855 0.836426
vt 0.546770 0.837383
vt 0.547908 0.858096
vt 0.547908 0.859331
vt 0.550342 0.859331
vt 0.550342 0.858096
vt 0.547908 0.860552
vt 0.550342 0.860552
vt 0.547908 0.861705
vt 0.550342 0.861705
vt 0.557643 0.850877
vt 0.557643 0.852215
vt 0.560077 0.852215
vt 0.560077 0.850877
vt 0.547908 0.856874
vt 0.550342 0.856874
vt 0.544111 0.834575
vt 0.543023 0.835339
vt 0.552793 0.835339
vt 0.551705 0.834575
vt 0.547908 0.855693
vt 0.550342 0.855693
vt 0.553491 0.834250
vt 0.552347 0.833573
vt 0.557643 0.855915
vt 0.557643 0.854635
vt 0.555209 0.854635
vt 0.555209 0.855915
vt 0.543468 0.833573
vt 0.542324 0.834250
vt 0.557643 0.853435
vt 0.555209 0.853435
vt 0.542935 0.832594
vt 0.541749 0.833194
vt 0.547908 0.854580
vt 0.550342 0.854580
vt 0.547908 0.853563
vt 0.550342 0.853563
vt 0.542504 0.831673
vt 0.541286 0.832204
vt 0.554067 0.833194
vt 0.554530 0.832204
vt 0.553311 0.831673
vt 0.552880 0.832594
vt 0.557643 0.852342
vt 0.555209 0.852342
vt 0.557643 0.851383
vt 0.555209 0.851383
vt 0.554890 0.831314
vt 0.553647 0.830843
vt 0.542168 0.830843
vt 0.540926 0.831314
vt 0.555209 0.850877
vt 0.541626 0.829117
vt 0.540683 0.830868
vt 0.547908 0.850877
vt 0.547908 0.852669
vt 0.550342 0.852669
vt 0.550342 0.850877
vt 0.555133 0.830868
vt 0.554190 0.829117
vt 0.552776 0.863294
vt 0.552776 0.861705
vt 0.550342 0.863294
vt 0.555243 0.830908
vt 0.555694 0.829659
vt 0.562511 0.858516
vt 0.564945 0.858516
vt 0.562511 0.858911
vt 0.564945 0.858911
vt 0.555616 0.831043
vt 0.556066 0.829793
vt 0.540572 0.830908
vt 0.540122 0.829659
vt 0.539749 0.829793
vt 0.540200 0.831043
vt 0.552776 0.863688
vt 0.550342 0.863688
vt 0.552776 0.864059
vt 0.550342 0.864059
vt 0.539398 0.829920
vt 0.539848 0.831169
vt 0.555968 0.831169
vt 0.556418 0.829920
vt 0.552776 0.864386
vt 0.550342 0.864386
vt 0.556277 0.831281
vt 0.556728 0.830031
vt 0.562511 0.859284
vt 0.562511 0.859612
vt 0.564945 0.859612
vt 0.564945 0.859284
vt 0.539088 0.830031
vt 0.539538 0.831281
vt 0.562511 0.859874
vt 0.564945 0.859874
vt 0.538841 0.830120
vt 0.539291 0.831370
vt 0.552776 0.864648
vt 0.550342 0.864648
vt 0.552776 0.864820
vt 0.550342 0.864820
vt 0.538677 0.830179
vt 0.539127 0.831429
vt 0.556525 0.831370
vt 0.556688 0.831429
vt 0.557139 0.830179
vt 0.556975 0.830120
vt 0.562511 0.860048
vt 0.564945 0.860048
vt 0.562511 0.863180
vt 0.564945 0.863180
vt 0.559643 0.832494
vt 0.557198 0.830201
vt 0.538618 0.830201
vt 0.536173 0.832494
vt 0.562511 0.866102
vt 0.562511 0.863725
vt 0.560077 0.863725
vt 0.560077 0.866102
vt 0.538643 0.830142
vt 0.537416 0.829633
vt 0.574387 0.860650
vt 0.574434 0.860650
vt 0.574434 0.858216
vt 0.574387 0.858216
vt 0.552776 0.864883
vt 0.550342 0.864883
vt 0.558400 0.829633
vt 0.557172 0.830142
vt 0.558353 0.829514
vt 0.557107 0.829976
vt 0.562511 0.863631
vt 0.560077 0.863631
vt 0.557643 0.866261
vt 0.557643 0.866110
vt 0.555209 0.866110
vt 0.555209 0.866261
vt 0.558285 0.829317
vt 0.557018 0.829718
vt 0.537463 0.829514
vt 0.538709 0.829976
vt 0.538798 0.829718
vt 0.537531 0.829317
vt 0.557643 0.863436
vt 0.557643 0.863631
vt 0.560077 0.863436
vt 0.557643 0.863177
vt 0.560077 0.863177
vt 0.538894 0.829385
vt 0.537606 0.829058
vt 0.558210 0.829058
vt 0.556921 0.829385
vt 0.557643 0.862858
vt 0.560077 0.862858
vt 0.558143 0.828756
vt 0.556835 0.828990
vt 0.557643 0.865905
vt 0.557643 0.865658
vt 0.555209 0.865658
vt 0.555209 0.865905
vt 0.538981 0.828990
vt 0.537672 0.828756
vt 0.557643 0.865383
vt 0.555209 0.865383
vt 0.539042 0.828550
vt 0.537717 0.828433
vt 0.557643 0.862487
vt 0.560077 0.862487
vt 0.557643 0.862071
vt 0.560077 0.862071
vt 0.539060 0.828081
vt 0.537730 0.828110
vt 0.558099 0.828433
vt 0.558086 0.828110
vt 0.556755 0.828081
vt 0.556774 0.828550
vt 0.557643 0.865095
vt 0.555209 0.865095
vt 0.557643 0.864810
vt 0.555209 0.864810
vt 0.558111 0.827809
vt 0.556796 0.827597
vt 0.539020 0.827597
vt 0.537704 0.827809
vt 0.557643 0.864543
vt 0.555209 0.864543
vt 0.538904 0.827115
vt 0.537641 0.827544
vt 0.557643 0.861131
vt 0.557643 0.861617
vt 0.560077 0.861617
vt 0.560077 0.861131
vt 0.558175 0.827544
vt 0.556912 0.827115
vt 0.557643 0.860622
vt 0.560077 0.860622
vt 0.558276 0.827318
vt 0.557119 0.826649
vt 0.557643 0.864295
vt 0.555209 0.864295
vt 0.557643 0.864052
vt 0.555209 0.864052
vt 0.558422 0.827117
vt 0.557435 0.826215
vt 0.537540 0.827318
vt 0.538696 0.826649
vt 0.538380 0.826215
vt 0.537394 0.827117
vt 0.557643 0.860094
vt 0.560077 0.860094
vt 0.557643 0.859556
vt 0.560077 0.859556
vt 0.537939 0.825829
vt 0.537174 0.826925
vt 0.558642 0.826925
vt 0.557876 0.825829
vt 0.558900 0.826783
vt 0.558394 0.825546
vt 0.557643 0.863786
vt 0.557643 0.863550
vt 0.555209 0.863550
vt 0.555209 0.863786
vt 0.537422 0.825546
vt 0.536916 0.826783
vt 0.564945 0.863380
vt 0.567379 0.863380
vt 0.567379 0.863180
vt 0.536894 0.825396
vt 0.536665 0.826712
vt 0.555209 0.859882
vt 0.552776 0.859474
vt 0.552776 0.859882
vt 0.555209 0.860339
vt 0.552776 0.860339
vt 0.536366 0.825360
vt 0.536392 0.826693
vt 0.559151 0.826712
vt 0.559423 0.826693
vt 0.559449 0.825360
vt 0.558921 0.825396
vt 0.564945 0.863622
vt 0.567379 0.863622
vt 0.564945 0.863914
vt 0.567379 0.863914
vt 0.559729 0.826726
vt 0.559966 0.825416
vt 0.535850 0.825416
vt 0.536087 0.826726
vt 0.564945 0.864249
vt 0.567379 0.864249
vt 0.535354 0.825543
vt 0.535758 0.826811
vt 0.555209 0.861329
vt 0.555209 0.860828
vt 0.552776 0.860828
vt 0.552776 0.861329
vt 0.560058 0.826811
vt 0.560462 0.825543
vt 0.555209 0.861823
vt 0.552776 0.861823
vt 0.560393 0.826939
vt 0.560925 0.825721
vt 0.564945 0.864608
vt 0.567379 0.864608
vt 0.564945 0.864967
vt 0.567379 0.864967
vt 0.560716 0.827098
vt 0.561347 0.825928
vt 0.535422 0.826939
vt 0.534890 0.825721
vt 0.534469 0.825928
vt 0.535099 0.827098
vt 0.555209 0.862293
vt 0.552776 0.862293
vt 0.555209 0.862719
vt 0.552776 0.862719
vt 0.534100 0.826144
vt 0.534807 0.827270
vt 0.561008 0.827270
vt 0.561715 0.826144
vt 0.555209 0.863083
vt 0.552776 0.863083
vt 0.561253 0.827434
vt 0.562020 0.826349
vt 0.564945 0.865304
vt 0.564945 0.865595
vt 0.567379 0.865595
vt 0.567379 0.865304
vt 0.533795 0.826349
vt 0.534562 0.827434
vt 0.564945 0.865817
vt 0.567379 0.865817
vt 0.533564 0.826521
vt 0.534379 0.827570
vt 0.555209 0.863366
vt 0.552776 0.863366
vt 0.552776 0.863550
vt 0.533418 0.826639
vt 0.534270 0.827659
vt 0.561436 0.827570
vt 0.561545 0.827659
vt 0.562397 0.826639
vt 0.562251 0.826521
vt 0.564945 0.865953
vt 0.567379 0.865953
vt 0.549440 0.867317
vt 0.549440 0.864883
vt 0.575926 0.848666
vt 0.576741 0.849716
vt 0.576887 0.849598
vt 0.576035 0.848578
vt 0.534379 0.874184
vt 0.534270 0.874095
vt 0.533418 0.875115
vt 0.533564 0.875233
vt 0.567547 0.866941
vt 0.567547 0.864507
vt 0.567379 0.864507
vt 0.567379 0.866941
vt 0.567799 0.866941
vt 0.567799 0.864507
vt 0.534562 0.874320
vt 0.533795 0.875405
vt 0.575743 0.848803
vt 0.576510 0.849888
vt 0.568112 0.866941
vt 0.568112 0.864507
vt 0.575498 0.848967
vt 0.576205 0.850093
vt 0.549642 0.867317
vt 0.549642 0.864883
vt 0.549895 0.867317
vt 0.549895 0.864883
vt 0.534807 0.874484
vt 0.534100 0.875610
vt 0.550176 0.867317
vt 0.550176 0.864883
vt 0.535099 0.874656
vt 0.534469 0.875826
vt 0.568462 0.866941
vt 0.568462 0.864507
vt 0.568826 0.866941
vt 0.568826 0.864507
vt 0.535422 0.874815
vt 0.534890 0.876033
vt 0.575206 0.849139
vt 0.575837 0.850309
vt 0.574883 0.849298
vt 0.575415 0.850516
vt 0.550458 0.867317
vt 0.550458 0.864883
vt 0.550718 0.867317
vt 0.550718 0.864883
vt 0.574547 0.849426
vt 0.574951 0.850694
vt 0.535758 0.874943
vt 0.535354 0.876211
vt 0.574259 0.863084
vt 0.574001 0.863084
vt 0.536087 0.875028
vt 0.535850 0.876338
vt 0.569181 0.866941
vt 0.569181 0.864507
vt 0.572246 0.854358
vt 0.569812 0.854358
vt 0.574218 0.849511
vt 0.574456 0.850821
vt 0.572246 0.853909
vt 0.569812 0.853909
vt 0.573913 0.849544
vt 0.573939 0.850877
vt 0.573742 0.863084
vt 0.573489 0.863084
vt 0.573640 0.849525
vt 0.573411 0.850841
vt 0.536392 0.875060
vt 0.536366 0.876394
vt 0.536665 0.875042
vt 0.536894 0.876358
vt 0.572246 0.853412
vt 0.569812 0.853412
vt 0.572246 0.852869
vt 0.569812 0.852869
vt 0.536916 0.874971
vt 0.537422 0.876208
vt 0.573390 0.849454
vt 0.572883 0.850691
vt 0.572246 0.852281
vt 0.569812 0.852281
vt 0.573131 0.849312
vt 0.572366 0.850408
vt 0.573232 0.863084
vt 0.572938 0.863084
vt 0.537174 0.874829
vt 0.537939 0.875925
vt 0.572656 0.863084
vt 0.537394 0.874637
vt 0.538380 0.875539
vt 0.572246 0.851721
vt 0.569812 0.851721
vt 0.572246 0.851256
vt 0.569812 0.851256
vt 0.537540 0.874436
vt 0.538696 0.875105
vt 0.572912 0.849120
vt 0.571925 0.850022
vt 0.572765 0.848919
vt 0.571609 0.849588
vt 0.572436 0.863084
vt 0.572664 0.848693
vt 0.571401 0.849122
vt 0.537641 0.874210
vt 0.538904 0.874639
vt 0.567379 0.861101
vt 0.569812 0.861101
vt 0.569812 0.860886
vt 0.567379 0.860886
vt 0.537704 0.873945
vt 0.539020 0.874157
vt 0.572246 0.850877
vt 0.564945 0.865703
vt 0.562511 0.865703
vt 0.562511 0.866089
vt 0.564945 0.866089
vt 0.572601 0.848428
vt 0.571285 0.848640
vt 0.564945 0.865284
vt 0.562511 0.865284
vt 0.572576 0.848127
vt 0.571245 0.848156
vt 0.569812 0.860623
vt 0.567379 0.860623
vt 0.569812 0.860324
vt 0.567379 0.860324
vt 0.572588 0.847804
vt 0.571263 0.847686
vt 0.537730 0.873644
vt 0.539060 0.873673
vt 0.537717 0.873321
vt 0.539042 0.873203
vt 0.564945 0.864852
vt 0.562511 0.864852
vt 0.564945 0.864429
vt 0.562511 0.864429
vt 0.537672 0.872998
vt 0.538981 0.872764
vt 0.572633 0.847481
vt 0.571324 0.847247
vt 0.564945 0.864035
vt 0.562511 0.864035
vt 0.572699 0.847179
vt 0.571411 0.846852
vt 0.569812 0.860012
vt 0.567379 0.860012
vt 0.569812 0.859710
vt 0.567379 0.859710
vt 0.537606 0.872696
vt 0.538894 0.872369
vt 0.569812 0.859443
vt 0.567379 0.859443
vt 0.537531 0.872437
vt 0.538798 0.872036
vt 0.564945 0.863693
vt 0.562511 0.863693
vt 0.564945 0.863422
vt 0.562511 0.863422
vt 0.537463 0.872240
vt 0.538709 0.871778
vt 0.572774 0.846920
vt 0.571507 0.846519
vt 0.572842 0.846723
vt 0.571596 0.846261
vt 0.569812 0.859235
vt 0.567379 0.859235
vt 0.569812 0.859108
vt 0.567379 0.859108
vt 0.572889 0.846604
vt 0.571662 0.846095
vt 0.537416 0.872121
vt 0.538643 0.871612
vt 0.536173 0.869260
vt 0.538618 0.871553
vt 0.564945 0.863244
vt 0.562511 0.863244
vt 0.574132 0.843743
vt 0.571687 0.846036
vt 0.574509 0.853348
vt 0.574554 0.853348
vt 0.571178 0.844808
vt 0.571628 0.846058
vt 0.567379 0.863333
vt 0.569812 0.863333
vt 0.567379 0.863456
vt 0.569812 0.863456
vt 0.571014 0.844867
vt 0.571465 0.846117
vt 0.539127 0.870325
vt 0.538677 0.871575
vt 0.539291 0.870384
vt 0.538841 0.871634
vt 0.574383 0.853348
vt 0.574193 0.853348
vt 0.539538 0.870473
vt 0.539088 0.871723
vt 0.570767 0.844956
vt 0.571217 0.846206
vt 0.573956 0.853348
vt 0.570457 0.845068
vt 0.570908 0.846317
vt 0.567379 0.863643
vt 0.569812 0.863643
vt 0.567379 0.863877
vt 0.569812 0.863877
vt 0.539848 0.870585
vt 0.539398 0.871834
vt 0.567379 0.864142
vt 0.569812 0.864142
vt 0.540200 0.870711
vt 0.539749 0.871961
vt 0.573686 0.853348
vt 0.573400 0.853348
vt 0.540572 0.870845
vt 0.540122 0.872095
vt 0.570106 0.845194
vt 0.570556 0.846444
vt 0.569733 0.845329
vt 0.570184 0.846578
vt 0.567379 0.864424
vt 0.569812 0.864424
vt 0.569812 0.864507
vt 0.568680 0.847120
vt 0.569622 0.845368
vt 0.541626 0.872637
vt 0.540683 0.870885
vt 0.567379 0.858399
vt 0.567379 0.857984
vt 0.542168 0.870911
vt 0.540926 0.870440
vt 0.552044 0.867317
vt 0.552044 0.864883
vt 0.572246 0.853348
vt 0.568137 0.845394
vt 0.569380 0.844923
vt 0.562511 0.858433
vt 0.562511 0.859078
vt 0.569019 0.844033
vt 0.567801 0.844564
vt 0.567379 0.857268
vt 0.567379 0.856416
vt 0.568556 0.843043
vt 0.567370 0.843643
vt 0.541286 0.869550
vt 0.542504 0.870081
vt 0.541749 0.868560
vt 0.542935 0.869160
vt 0.562511 0.857666
vt 0.562511 0.856781
vt 0.542324 0.867504
vt 0.543468 0.868181
vt 0.567981 0.841987
vt 0.566837 0.842664
vt 0.562511 0.855786
vt 0.567283 0.840898
vt 0.566194 0.841662
vt 0.567379 0.855434
vt 0.567379 0.854327
vt 0.543023 0.866415
vt 0.544111 0.867179
vt 0.567379 0.853101
vt 0.543855 0.865328
vt 0.544871 0.866187
vt 0.562511 0.854689
vt 0.562511 0.853496
vt 0.544834 0.864279
vt 0.545755 0.865240
vt 0.566450 0.839811
vt 0.565435 0.840670
vt 0.565471 0.838762
vt 0.564551 0.839723
vt 0.567379 0.851759
vt 0.563535 0.838854
vt 0.564804 0.838118
vt 0.546770 0.864371
vt 0.545501 0.863635
vt 0.547908 0.863635
vt 0.546770 0.862900
vt 0.545755 0.862031
vt 0.544834 0.862992
vt 0.552776 0.858611
vt 0.552776 0.857250
vt 0.544871 0.861084
vt 0.543855 0.861943
vt 0.565471 0.837475
vt 0.566450 0.836426
vt 0.565435 0.835567
vt 0.564551 0.836514
vt 0.563535 0.837383
vt 0.552776 0.858096
vt 0.552776 0.859331
vt 0.552776 0.860552
vt 0.562397 0.838118
vt 0.562511 0.852215
vt 0.552776 0.856874
vt 0.567283 0.835339
vt 0.566194 0.834575
vt 0.544111 0.860092
vt 0.543023 0.860856
vt 0.552776 0.855693
vt 0.543468 0.859090
vt 0.542324 0.859767
vt 0.552776 0.855915
vt 0.552776 0.854635
vt 0.567981 0.834250
vt 0.566837 0.833573
vt 0.552776 0.853435
vt 0.568556 0.833194
vt 0.567370 0.832594
vt 0.552776 0.854580
vt 0.552776 0.853563
vt 0.569019 0.832204
vt 0.567801 0.831673
vt 0.541749 0.858711
vt 0.542935 0.858111
vt 0.542504 0.857190
vt 0.541286 0.857721
vt 0.552776 0.852342
vt 0.552776 0.851383
vt 0.542168 0.856360
vt 0.540926 0.856831
vt 0.569380 0.831314
vt 0.568137 0.830843
vt 0.552776 0.850877
vt 0.569622 0.830868
vt 0.568680 0.829117
vt 0.552776 0.852669
vt 0.541626 0.854634
vt 0.540683 0.856385
vt 0.547908 0.863294
vt 0.540122 0.855176
vt 0.540572 0.856425
vt 0.567379 0.858516
vt 0.567379 0.858911
vt 0.539749 0.855310
vt 0.540200 0.856560
vt 0.569733 0.830908
vt 0.570106 0.831043
vt 0.570556 0.829793
vt 0.570184 0.829659
vt 0.547908 0.863688
vt 0.547908 0.864059
vt 0.570457 0.831169
vt 0.570908 0.829920
vt 0.539398 0.855436
vt 0.539848 0.856686
vt 0.547908 0.864386
vt 0.539088 0.855548
vt 0.539538 0.856798
vt 0.567379 0.859284
vt 0.567379 0.859612
vt 0.570767 0.831281
vt 0.571217 0.830031
vt 0.567379 0.859874
vt 0.571014 0.831370
vt 0.571465 0.830120
vt 0.547908 0.864648
vt 0.547908 0.864820
vt 0.571178 0.831429
vt 0.571628 0.830179
vt 0.539291 0.856887
vt 0.538841 0.855637
vt 0.538677 0.855696
vt 0.539127 0.856946
vt 0.567379 0.860048
vt 0.538618 0.855718
vt 0.536173 0.858011
vt 0.574132 0.832494
vt 0.571687 0.830201
vt 0.574680 0.853348
vt 0.574680 0.850971
vt 0.572246 0.850971
vt 0.572889 0.829633
vt 0.571662 0.830142
vt 0.574387 0.863084
vt 0.574434 0.863084
vt 0.538643 0.855659
vt 0.537416 0.855150
vt 0.538709 0.855493
vt 0.537463 0.855031
vt 0.574680 0.850877
vt 0.557643 0.866342
vt 0.560077 0.866342
vt 0.560077 0.866191
vt 0.557643 0.866191
vt 0.538798 0.855235
vt 0.537531 0.854834
vt 0.572842 0.829514
vt 0.572774 0.829317
vt 0.571507 0.829718
vt 0.571596 0.829976
vt 0.562511 0.863436
vt 0.562511 0.863177
vt 0.572699 0.829058
vt 0.571411 0.829385
vt 0.538894 0.854902
vt 0.537606 0.854575
vt 0.562511 0.862858
vt 0.538981 0.854507
vt 0.537672 0.854273
vt 0.557643 0.865986
vt 0.560077 0.865986
vt 0.560077 0.865739
vt 0.557643 0.865739
vt 0.572633 0.828756
vt 0.571324 0.828990
vt 0.560077 0.865464
vt 0.557643 0.865464
vt 0.572588 0.828433
vt 0.571263 0.828550
vt 0.562511 0.862487
vt 0.562511 0.862071
vt 0.572576 0.828110
vt 0.571245 0.828081
vt 0.537717 0.853950
vt 0.539042 0.854067
vt 0.539060 0.853598
vt 0.537730 0.853627
vt 0.560077 0.865176
vt 0.557643 0.865176
vt 0.560077 0.864891
vt 0.557643 0.864891
vt 0.539020 0.853114
vt 0.537704 0.853326
vt 0.572601 0.827809
vt 0.571285 0.827597
vt 0.560077 0.864624
vt 0.557643 0.864624
vt 0.572664 0.827544
vt 0.571401 0.827115
vt 0.562511 0.861131
vt 0.562511 0.861617
vt 0.538904 0.852632
vt 0.537641 0.853061
vt 0.562511 0.860622
vt 0.538696 0.852166
vt 0.537540 0.852835
vt 0.560077 0.864377
vt 0.557643 0.864377
vt 0.560077 0.864133
vt 0.557643 0.864133
vt 0.538380 0.851732
vt 0.537394 0.852634
vt 0.572765 0.827318
vt 0.572912 0.827117
vt 0.571925 0.826215
vt 0.571609 0.826649
vt 0.562511 0.860094
vt 0.562511 0.859556
vt 0.573131 0.826925
vt 0.572366 0.825829
vt 0.537939 0.851346
vt 0.537174 0.852442
vt 0.537422 0.851063
vt 0.536916 0.852300
vt 0.557643 0.863867
vt 0.560077 0.863867
vt 0.573390 0.826783
vt 0.572883 0.825546
vt 0.552776 0.863750
vt 0.555209 0.863750
vt 0.573640 0.826712
vt 0.573411 0.825396
vt 0.557643 0.859882
vt 0.557643 0.860339
vt 0.573913 0.826693
vt 0.573939 0.825360
vt 0.536665 0.852229
vt 0.536894 0.850913
vt 0.536392 0.852210
vt 0.552776 0.863992
vt 0.555209 0.863992
vt 0.552776 0.864284
vt 0.555209 0.864284
vt 0.535850 0.850933
vt 0.536087 0.852243
vt 0.574218 0.826726
vt 0.574456 0.825416
vt 0.552776 0.864619
vt 0.555209 0.864619
vt 0.574547 0.826811
vt 0.574951 0.825543
vt 0.557643 0.861329
vt 0.557643 0.860828
vt 0.535354 0.851060
vt 0.535758 0.852328
vt 0.557643 0.861823
vt 0.534890 0.851238
vt 0.535422 0.852456
vt 0.552776 0.864978
vt 0.555209 0.864978
vt 0.552776 0.865337
vt 0.555209 0.865337
vt 0.534469 0.851445
vt 0.535099 0.852615
vt 0.574883 0.826939
vt 0.575206 0.827098
vt 0.575837 0.825928
vt 0.575415 0.825721
vt 0.557643 0.862293
vt 0.557643 0.862719
vt 0.575498 0.827270
vt 0.576205 0.826144
vt 0.534100 0.851661
vt 0.534807 0.852787
vt 0.557643 0.863083
vt 0.533795 0.851866
vt 0.534562 0.852951
vt 0.555209 0.865674
vt 0.552776 0.865674
vt 0.552776 0.865964
vt 0.555209 0.865964
vt 0.575743 0.827434
vt 0.576510 0.826349
vt 0.552776 0.866187
vt 0.555209 0.866187
vt 0.575926 0.827570
vt 0.576741 0.826521
vt 0.557643 0.863366
vt 0.576035 0.827659
vt 0.576887 0.826639
vt 0.534379 0.853087
vt 0.533564 0.852038
vt 0.533418 0.852156
vt 0.534270 0.853176
vt 0.552776 0.866323
vt 0.555209 0.866323
s 1
usemtl texture
f 1/1/1 64/2/1 63/3/1 62/4/1 61/5/1 60/6/1 59/7/1 58/8/1 57/9/1 56/10/1 55/11/1 54/12/1 53/13/1 52/14/1 51/15/1 50/16/1 49/17/1 48/18/1 47/19/1 46/20/1 45/21/1 44/22/1 43/23/1 42/24/1 170/25/1 171/26/1 172/27/1 173/28/1 174/29/1 175/30/1 176/31/1 177/32/1 178/33/1 179/34/1 180/35/1 181/36/1 182/37/1 183/38/1 184/39/1 185/40/1 186/41/1 187/42/1 188/43/1 189/44/1 190/45/1 191/46/1 192/47/1 129/48/1 130/49/1 131/50/1 132/51/1 133/52/1 134/53/1 135/54/1 136/55/1 137/56/1 138/57/1 139/58/1 140/59/1 141/60/1 142/61/1 143/62/1 144/63/1 145/64/1 146/65/1 147/66/1 148/67/1 149/68/1 150/69/1 151/70/1 152/71/1 153/72/1 154/73/1 155/74/1 156/75/1 157/76/1 158/77/1 159/78/1 160/79/1 161/80/1 162/81/1 163/82/1 164/83/1 165/84/1 166/85/1 167/86/1 168/87/1 169/88/1 232/89/1 231/90/1 230/91/1 229/92/1 228/93/1 227/94/1 226/95/1 225/96/1 224/97/1 223/98/1 222/99/1 221/100/1 220/101/1 219/102/1 218/103/1 217/104/1 216/105/1 215/106/1 214/107/1 213/108/1 212/109/1 211/110/1 210/111/1 209/112/1 208/113/1 207/114/1 206/115/1 205/116/1 204/117/1 203/118/1 202/119/1 201/120/1 200/121/1 199/122/1 198/123/1 197/124/1 196/125/1 195/126/1 194/127/1 193/128/1 254/129/1 253/130/1 252/131/1 251/132/1 250/133/1 249/134/1 248/135/1 247/136/1 246/137/1 245/138/1 244/139/1 243/140/1 242/141/1 241/142/1 240/143/1 239/144/1 238/145/1 237/146/1 236/147/1 235/148/1 234/149/1 233/150/1 128/151/1 105/152/1 106/153/1 107/154/1 108/155/1 109/156/1 110/157/1 111/158/1 112/159/1 113/160/1 114/161/1 115/162/1 116/163/1 117/164/1 118/165/1 119/166/1 120/167/1 121/168/1 122/169/1 123/170/1 124/171/1 125/172/1 126/173/1 127/174/1 65/175/1 66/176/1 67/177/1 68/178/1 69/179/1 70/180/1 71/181/1 72/182/1 73/183/1 74/184/1 75/185/1 76/186/1 77/187/1 78/188/1 79/189/1 80/190/1 81/191/1 82/192/1 83/193/1 84/194/1 85/195/1 86/196/1 87/197/1 88/198/1 89/199/1 90/200/1 91/201/1 92/202/1 93/203/1 94/204/1 95/205/1 96/206/1 97/207/1 98/208/1 99/209/1 100/210/1 101/211/1 102/212/1 103/213/1 104/214/1 41/215/1 40/216/1 39/217/1 38/218/1 37/219/1 36/220/1 35/221/1 34/222/1 33/223/1 32/224/1 31/225/1 30/226/1 29/227/1 28/228/1 27/229/1 26/230/1 25/231/1 24/232/1 23/233/1 22/234/1 21/235/1 20/236/1 19/237/1 18/238/1 17/239/1 16/240/1 15/241/1 14/242/1 13/243/1 12/244/1 11/245/1 10/246/1 9/247/1 8/248/1 7/249/1 6/250/1 5/251/1 4/252/1 3/253/1 2/254/1
f 256/255/2 1792/256/2 258/257/3 255/258/3
f 256/259/4 255/260/4 259/261/4 261/262/4
f 255/258/3 258/257/3 1657/263/5 257/264/5
f 255/260/4 257/265/4 262/266/4 259/261/4
f 260/267/6 259/261/6 262/266/7 264/268/8
f 259/261/6 260/267/6 274/269/9 261/262/9
f 263/270/10 265/271/10 264/268/8 262/266/7
f 257/265/4 1650/272/4 263/270/4 262/266/4
f 265/273/11 267/274/11 266/275/12 264/276/12
f 264/276/12 266/275/12 269/277/13 260/278/13
f 267/279/14 1655/280/14 268/281/15 266/282/16
f 270/283/17 269/284/17 266/282/16 268/281/15
f 269/284/17 270/283/17 272/285/18 271/286/18
f 260/278/13 269/277/13 271/287/19 274/288/19
f 271/286/20 272/285/20 1794/289/21 273/290/21
f 274/291/22 271/292/22 273/293/23 275/294/23
f 261/262/24 274/269/24 275/295/25 276/296/25
f 276/296/25 275/295/25 277/297/26 278/298/26
f 275/294/23 273/293/23 280/299/27 277/300/27
f 278/298/26 277/297/26 279/301/28 1789/302/28
f 277/300/27 280/299/27 282/303/29 279/304/29
f 273/290/21 1794/289/21 281/305/30 280/306/30
f 280/306/30 281/305/30 283/307/31 282/308/31
f 282/308/31 283/307/31 285/309/32 284/310/32
f 279/304/29 282/303/29 284/311/33 287/312/33
f 284/310/32 285/309/32 1784/313/34 286/314/34
f 287/312/33 284/311/33 286/315/35 289/316/35
f 288/317/36 287/318/36 289/319/37 290/320/37
f 1789/302/28 279/301/28 287/318/36 288/317/36
f 290/320/37 289/319/37 291/321/38 292/322/38
f 289/316/35 286/315/35 294/323/39 291/324/39
f 292/322/38 291/321/38 293/325/40 1779/326/40
f 291/324/39 294/323/39 296/327/41 293/328/41
f 286/314/34 1784/313/34 295/329/42 294/330/42
f 294/330/42 295/329/42 297/331/43 296/332/43
f 296/332/43 297/331/43 299/333/44 298/334/44
f 293/328/41 296/327/41 298/335/45 301/336/45
f 298/334/44 299/333/44 1774/337/46 300/338/46
f 301/336/45 298/335/45 300/339/47 303/340/47
f 302/341/48 301/342/48 303/343/49 304/344/49
f 1779/326/40 293/325/40 301/342/48 302/341/48
f 304/344/49 303/343/49 305/345/50 306/346/50
f 303/340/47 300/339/47 308/347/51 305/348/51
f 306/346/50 305/345/50 307/349/52 1769/350/52
f 305/348/51 308/347/51 310/351/53 307/352/53
f 300/338/46 1774/337/46 309/353/54 308/354/54
f 308/354/54 309/353/54 311/355/55 310/356/55
f 310/356/55 311/355/55 313/357/56 312/358/56
f 307/352/53 310/351/53 312/359/57 315/360/57
f 312/358/56 313/357/56 1764/361/58 314/362/58
f 315/360/57 312/359/57 314/363/59 317/364/59
f 316/365/60 315/366/60 317/367/61 318/368/61
f 1769/350/52 307/349/52 315/366/60 316/365/60
f 318/368/61 317/367/61 319/369/62 320/370/62
f 317/371/59 314/372/59 322/373/63 319/374/63
f 320/370/62 319/369/62 321/375/64 1759/376/64
f 319/374/63 322/373/63 324/377/65 321/378/65
f 314/362/58 1764/361/58 323/379/66 322/380/66
f 322/380/66 323/379/66 325/381/67 324/382/67
f 324/382/67 325/381/67 327/383/68 326/384/68
f 321/378/65 324/377/65 326/385/69 329/386/69
f 326/384/68 327/383/68 1754/387/70 328/388/70
f 329/386/69 326/385/69 328/389/71 331/390/71
f 330/391/72 329/392/72 331/393/73 332/394/73
f 1759/376/64 321/375/64 329/392/72 330/391/72
f 332/395/73 331/390/73 333/396/74 334/397/74
f 331/390/71 328/389/71 336/398/75 333/396/75
f 334/399/74 333/400/74 335/401/76 1749/402/76
f 333/396/75 336/398/75 338/403/77 335/404/77
f 328/389/70 1754/405/70 337/406/78 336/398/78
f 336/407/78 337/408/78 339/409/79 338/410/79
f 338/410/79 339/409/79 341/411/80 340/412/80
f 335/404/77 338/403/77 340/413/81 343/414/81
f 340/412/80 341/411/80 1744/415/82 342/416/82
f 343/414/81 340/413/81 342/417/83 345/418/83
f 344/419/84 343/420/84 345/421/85 346/422/85
f 1749/402/76 335/401/76 343/420/84 344/419/84
f 346/422/85 345/421/85 347/423/86 348/424/86
f 345/418/83 342/417/83 350/425/87 347/426/87
f 348/424/86 347/423/86 349/427/88 1739/428/88
f 347/426/87 350/425/87 352/429/89 349/430/89
f 342/416/82 1744/415/82 351/431/90 350/432/90
f 350/432/90 351/431/90 353/433/91 352/434/91
f 352/434/91 353/433/91 355/435/92 354/436/92
f 349/430/89 352/429/89 354/437/93 357/438/94
f 354/436/95 355/435/95 1734/439/96 356/440/96
f 357/441/97 354/442/98 356/443/99 359/444/99
f 358/445/100 357/446/100 359/447/101 360/448/101
f 1739/428/88 349/427/88 357/446/102 358/445/102
f 360/448/101 359/447/101 361/449/103 362/450/103
f 359/444/99 356/443/99 364/451/104 361/452/104
f 362/450/103 361/449/103 363/453/105 1729/454/105
f 361/452/104 364/451/104 366/455/104 363/456/104
f 356/440/96 1734/439/96 365/457/106 364/458/106
f 364/458/106 365/457/106 367/459/107 366/460/107
f 366/460/107 367/459/107 369/461/108 368/462/108
f 363/456/104 366/455/104 368/463/104 371/464/104
f 368/462/108 369/461/108 1724/465/109 370/466/109
f 371/464/104 368/463/104 370/467/104 373/468/104
f 372/469/110 371/470/110 373/471/111 374/472/111
f 1729/454/105 363/453/105 371/470/110 372/469/110
f 374/472/111 373/471/111 375/473/112 376/474/112
f 373/468/104 370/467/104 378/475/104 375/476/104
f 376/474/112 375/473/112 377/477/113 1719/478/113
f 375/476/104 378/475/104 380/479/104 377/480/104
f 370/466/109 1724/465/109 379/481/114 378/482/114
f 378/482/114 379/481/114 381/483/115 380/484/115
f 380/484/116 381/483/116 383/485/117 382/486/118
f 377/487/119 380/488/119 382/489/120 385/490/120
f 382/486/118 383/485/117 1714/491/121 384/492/122
f 385/490/120 382/489/120 384/493/123 387/494/123
f 386/495/124 385/496/125 387/497/126 388/498/127
f 1719/478/128 377/477/128 385/496/125 386/495/124
f 388/498/127 387/497/126 389/499/129 390/500/129
f 387/494/123 384/493/123 392/501/130 389/502/130
f 390/500/129 389/499/129 391/503/131 1709/504/131
f 389/502/130 392/501/130 394/505/132 391/506/132
f 384/492/122 1714/491/121 393/507/133 392/508/133
f 392/508/133 393/507/133 395/509/134 394/510/134
f 394/510/134 395/509/134 397/511/135 396/512/135
f 391/506/132 394/505/132 396/513/136 399/514/136
f 396/512/135 397/511/135 1704/515/137 398/516/137
f 399/514/136 396/513/136 398/517/138 401/518/138
f 400/519/139 399/520/139 401/521/140 402/522/140
f 1709/504/131 391/503/131 399/520/139 400/519/139
f 402/522/140 401/521/140 403/523/141 404/524/141
f 401/518/138 398/517/138 406/525/142 403/526/142
f 404/524/141 403/523/141 405/527/143 423/528/144
f 403/529/142 406/530/142 408/531/145 405/532/145
f 398/516/137 1704/515/137 407/533/146 406/534/146
f 406/534/146 407/533/146 409/535/147 408/536/148
f 408/536/148 409/535/147 411/537/149 410/538/149
f 405/532/145 408/531/145 410/539/150 413/540/150
f 426/541/151 412/542/152 410/538/153 411/537/153
f 413/543/154 410/544/154 412/545/155 415/546/155
f 415/547/156 417/548/157 414/549/158 413/550/158
f 423/528/144 405/527/143 413/550/159 414/549/159
f 416/551/160 418/552/160 417/548/157 415/547/156
f 415/546/155 412/545/155 429/530/161 416/529/161
f 417/548/4 418/552/4 421/553/4 419/554/4
f 414/549/4 417/548/4 419/554/4 423/528/4
f 419/555/162 422/556/162 424/557/163 420/558/163
f 423/528/4 419/554/4 420/559/4 404/524/4
f 421/556/164 425/560/164 422/561/165 419/557/165
f 409/535/1 407/533/1 424/562/1 422/563/1
f 426/541/1 422/563/1 425/564/1 427/565/1
f 411/537/1 409/535/1 422/563/1 426/541/1
f 427/565/166 429/566/166 412/542/152 426/541/151
f 428/567/167 430/568/167 429/566/166 427/565/166
f 425/564/1 438/569/1 428/567/1 427/565/1
f 416/570/161 429/571/161 430/572/168 432/573/168
f 441/574/169 431/575/169 430/568/167 428/567/167
f 432/573/168 430/572/168 431/576/170 433/577/170
f 433/578/171 435/579/171 434/580/172 432/581/172
f 432/581/172 434/580/172 418/552/160 416/551/160
f 436/582/4 434/580/4 435/579/4 437/583/4
f 421/553/4 418/552/4 434/580/4 436/582/4
f 437/584/173 439/585/173 438/586/174 436/587/174
f 436/587/174 438/586/174 425/588/164 421/589/164
f 438/569/1 439/590/1 441/574/1 428/567/1
f 450/591/175 440/592/175 439/585/173 437/584/173
f 439/590/1 440/593/1 442/594/1 441/574/1
f 442/594/176 444/595/176 431/575/169 441/574/169
f 443/596/177 445/597/177 444/595/176 442/594/176
f 440/593/1 453/598/1 443/596/1 442/594/1
f 446/599/178 444/600/178 445/601/179 447/602/179
f 433/577/170 431/576/170 444/600/178 446/599/178
f 447/603/180 449/604/180 448/605/181 446/606/181
f 446/606/181 448/605/181 435/579/171 433/578/171
f 450/607/4 448/605/4 449/604/4 451/608/4
f 437/583/4 435/579/4 448/605/4 450/607/4
f 451/609/182 453/610/182 440/592/175 450/591/175
f 452/611/183 454/612/183 453/610/182 451/609/182
f 451/608/4 449/604/4 462/613/4 452/614/4
f 453/598/1 454/615/1 456/616/1 443/596/1
f 465/617/184 455/618/184 454/612/183 452/611/183
f 454/615/1 455/619/1 457/620/1 456/616/1
f 457/620/185 459/621/186 458/622/187 456/616/188
f 456/616/188 458/622/187 445/597/177 443/596/177
f 460/623/189 458/624/189 459/625/190 461/626/190
f 447/602/179 445/601/179 458/624/189 460/623/189
f 461/627/191 463/628/192 462/613/193 460/629/194
f 460/629/194 462/613/193 449/604/180 447/603/180
f 452/614/4 462/613/4 463/628/4 465/630/4
f 479/631/195 464/632/195 463/628/192 461/627/191
f 463/628/4 464/632/4 466/633/4 465/630/4
f 466/634/196 468/635/196 455/618/184 465/617/184
f 467/636/197 469/637/197 468/638/197 466/639/197
f 464/632/4 478/640/4 467/641/4 466/633/4
f 470/642/1 468/643/1 469/644/1 472/645/1
f 457/620/1 455/619/1 468/643/1 470/642/1
f 472/645/198 474/646/198 471/647/199 470/642/199
f 470/642/200 471/647/200 459/621/186 457/620/185
f 473/648/201 475/649/201 474/646/198 472/645/198
f 469/644/1 484/650/1 473/648/1 472/645/1
f 476/651/202 474/652/202 475/653/202 477/654/202
f 479/540/202 471/539/202 474/652/202 476/651/202
f 477/655/203 480/656/203 478/640/204 476/657/204
f 476/657/204 478/640/204 464/632/205 479/631/205
f 461/626/190 459/625/190 471/488/206 479/487/206
f 467/641/4 478/640/4 480/656/4 482/658/4
f 491/659/207 481/660/207 480/656/203 477/655/203
f 482/658/4 480/656/4 481/660/4 483/661/4
f 483/662/197 485/663/197 484/664/197 482/665/197
f 482/665/197 484/664/197 469/637/197 467/636/197
f 484/650/1 485/666/1 487/667/1 473/648/1
f 496/668/197 486/669/197 485/663/197 483/662/197
f 485/666/1 486/670/1 488/671/1 487/667/1
f 488/671/208 490/672/208 489/673/209 487/667/209
f 487/667/209 489/673/209 475/649/201 473/648/201
f 491/674/202 489/675/202 490/676/202 492/677/202
f 477/654/202 475/653/202 489/675/202 491/674/202
f 492/678/210 494/679/210 481/660/207 491/659/207
f 493/680/211 495/681/211 494/679/210 492/678/210
f 492/677/202 490/676/202 503/682/202 493/683/202
f 496/684/4 494/679/4 495/681/4 497/685/4
f 483/661/4 481/660/4 494/679/4 496/684/4
f 497/686/197 499/687/197 486/669/197 496/668/197
f 498/688/197 500/689/197 499/687/197 497/686/197
f 497/685/4 495/681/4 508/690/4 498/691/4
f 499/692/1 500/693/1 502/694/1 501/695/1
f 486/670/1 499/692/1 501/695/1 488/671/1
f 502/694/212 504/696/212 503/697/213 501/695/213
f 501/695/213 503/697/213 490/672/208 488/671/208
f 493/683/202 503/682/202 504/698/214 506/699/214
f 515/700/215 505/701/215 504/696/212 502/694/212
f 506/699/214 504/698/214 505/702/216 507/703/217
f 507/704/218 509/705/218 508/690/219 506/706/219
f 506/706/219 508/690/219 495/681/211 493/680/211
f 498/691/4 508/690/4 509/705/4 511/707/4
f 520/708/220 510/709/220 509/705/221 507/704/221
f 511/707/4 509/705/4 510/709/4 512/710/4
f 512/711/222 514/712/222 513/713/223 511/714/223
f 511/715/197 513/716/197 500/689/197 498/688/197
f 513/717/1 514/718/1 516/719/1 515/700/1
f 500/693/1 513/717/1 515/700/1 502/694/1
f 516/719/224 518/720/224 505/701/225 515/700/225
f 517/721/226 519/722/226 518/720/224 516/719/224
f 514/718/1 527/723/1 517/721/1 516/719/1
f 520/724/227 518/725/227 519/726/228 521/727/228
f 507/728/229 505/729/230 518/725/227 520/724/227
f 521/730/231 523/731/231 510/709/220 520/708/220
f 522/732/232 524/733/232 523/731/231 521/730/231
f 521/727/228 519/726/228 532/734/233 522/735/233
f 525/736/4 523/731/4 524/733/4 526/737/4
f 512/710/4 510/709/4 523/731/4 525/736/4
f 526/738/234 528/739/234 527/740/235 525/741/235
f 525/741/235 527/740/235 514/712/222 512/711/222
f 527/723/1 528/742/1 530/743/1 517/721/1
f 539/744/236 529/745/236 528/739/234 526/738/234
f 528/742/1 529/746/1 531/747/1 530/743/1
f 531/747/237 533/748/237 532/749/238 530/743/238
f 530/743/238 532/749/238 519/722/226 517/721/226
f 522/735/233 532/734/233 533/750/239 535/751/239
f 544/752/240 534/753/240 533/748/237 531/747/237
f 535/751/239 533/750/239 534/754/241 536/755/241
f 536/756/242 538/757/242 537/758/243 535/759/243
f 535/759/243 537/758/243 524/733/232 522/732/232
f 539/760/4 537/758/4 538/757/4 540/761/4
f 526/737/4 524/733/4 537/758/4 539/760/4
f 540/762/244 542/763/244 529/745/236 539/744/236
f 541/764/245 543/765/245 542/763/244 540/762/244
f 540/761/4 538/757/4 551/766/4 541/767/4
f 542/768/1 543/769/1 545/770/1 544/752/1
f 529/746/1 542/768/1 544/752/1 531/747/1
f 545/770/246 547/771/246 534/753/240 544/752/240
f 546/772/247 548/773/247 547/774/246 545/775/246
f 543/769/1 556/776/1 546/777/1 545/770/1
f 549/778/248 547/774/248 548/773/249 550/779/249
f 536/755/241 534/754/241 547/774/248 549/778/248
f 550/779/250 552/780/250 551/781/251 549/778/251
f 549/782/251 551/766/251 538/757/242 536/756/242
f 541/767/4 551/766/4 552/783/4 554/784/4
f 563/785/252 553/786/252 552/783/250 550/787/250
f 554/784/4 552/783/4 553/786/4 555/788/4
f 555/789/253 557/790/253 556/791/254 554/792/254
f 554/792/254 556/791/254 543/765/245 541/764/245
f 556/776/1 557/793/1 559/794/1 546/777/1
f 568/795/255 558/796/255 557/790/253 555/789/253
f 557/793/1 558/797/1 560/798/1 559/794/1
f 560/798/256 562/799/256 561/800/257 559/794/257
f 559/794/257 561/800/257 548/801/247 546/777/247
f 563/802/258 561/803/258 562/804/259 564/805/259
f 550/779/249 548/773/249 561/803/258 563/802/258
f 564/806/260 566/807/260 553/786/252 563/785/252
f 565/808/261 567/809/261 566/807/260 564/806/260
f 564/805/259 562/804/259 575/810/262 565/811/262
f 568/812/4 566/807/4 567/809/4 569/813/4
f 555/788/4 553/786/4 566/807/4 568/812/4
f 569/814/263 571/815/263 558/796/255 568/795/255
f 570/816/264 572/817/264 571/815/263 569/814/263
f 569/813/4 567/809/4 580/818/4 570/819/4
f 571/820/1 572/821/1 574/822/1 573/823/1
f 558/797/1 571/820/1 573/823/1 560/798/1
f 574/822/265 576/824/265 575/825/266 573/823/266
f 573/823/266 575/825/266 562/799/256 560/798/256
f 565/811/262 575/810/262 576/826/267 578/827/267
f 587/828/268 577/829/268 576/824/265 574/822/265
f 578/830/267 576/831/267 577/832/269 579/833/269
f 579/834/270 581/835/270 580/818/271 578/836/271
f 578/836/271 580/818/271 567/809/261 565/808/261
f 570/819/4 580/818/4 581/835/4 583/837/4
f 592/838/272 582/839/272 581/835/270 579/834/270
f 583/837/4 581/835/4 582/839/4 584/840/4
f 584/841/273 586/842/273 585/843/274 583/844/274
f 583/844/274 585/843/274 572/845/264 570/846/264
f 585/847/1 586/848/1 588/849/1 587/828/1
f 572/821/1 585/847/1 587/828/1 574/822/1
f 588/849/275 590/850/275 577/829/268 587/828/268
f 589/851/276 591/852/276 590/850/275 588/849/275
f 586/848/1 599/853/1 589/851/1 588/849/1
f 592/854/277 590/855/277 591/856/278 593/857/278
f 579/833/269 577/832/269 590/855/277 592/854/277
f 593/858/279 595/859/279 582/839/272 592/838/272
f 594/860/280 596/861/280 595/859/279 593/858/279
f 593/857/278 591/856/278 604/862/281 594/863/281
f 597/864/4 595/859/4 596/861/4 598/865/4
f 584/840/4 582/839/4 595/859/4 597/864/4
f 598/866/282 600/867/282 599/868/283 597/869/283
f 597/869/283 599/868/283 586/842/273 584/841/273
f 599/853/1 600/870/1 602/871/1 589/851/1
f 611/872/284 601/873/284 600/867/282 598/866/282
f 600/870/1 601/874/1 603/875/1 602/871/1
f 603/875/285 605/876/285 604/877/286 602/871/286
f 602/871/286 604/877/286 591/852/276 589/851/276
f 594/863/281 604/862/281 605/878/287 607/879/287
f 616/880/288 606/881/288 605/876/285 603/875/285
f 607/879/287 605/878/287 606/882/289 608/883/289
f 608/884/290 610/885/290 609/886/291 607/887/291
f 607/887/291 609/886/291 596/861/280 594/860/280
f 611/888/4 609/886/4 610/885/4 612/889/4
f 598/865/4 596/861/4 609/886/4 611/888/4
f 612/890/292 614/891/292 601/873/284 611/872/284
f 613/892/293 615/893/293 614/891/292 612/890/292
f 612/889/4 610/885/4 623/894/4 613/895/4
f 614/896/1 615/897/1 617/898/1 616/880/1
f 601/874/1 614/896/1 616/880/1 603/875/1
f 617/898/294 619/899/294 606/881/288 616/880/288
f 618/900/295 620/901/295 619/899/294 617/898/294
f 615/897/1 628/902/1 618/900/1 617/898/1
f 621/903/296 619/904/296 620/905/297 622/906/297
f 608/883/289 606/882/289 619/904/296 621/903/296
f 622/907/298 624/908/298 623/894/299 621/909/299
f 621/909/299 623/894/299 610/885/290 608/884/290
f 613/895/4 623/894/4 624/908/4 626/910/4
f 635/911/300 625/912/300 624/908/298 622/907/298
f 626/910/4 624/908/4 625/912/4 627/913/4
f 627/914/301 629/915/301 628/916/302 626/917/302
f 626/917/302 628/916/302 615/893/293 613/892/293
f 628/902/1 629/918/1 631/919/1 618/900/1
f 640/920/303 630/921/303 629/915/301 627/914/301
f 629/918/1 630/922/1 632/923/1 631/919/1
f 632/923/304 634/924/304 633/925/305 631/919/305
f 631/919/305 633/925/305 620/901/295 618/900/295
f 635/926/306 633/927/306 634/928/307 636/929/307
f 622/906/297 620/905/297 633/927/306 635/926/306
f 636/930/308 638/931/308 625/912/300 635/911/300
f 637/932/309 639/933/309 638/931/308 636/930/308
f 636/929/307 634/928/307 647/934/310 637/935/310
f 640/936/4 638/931/4 639/933/4 641/937/4
f 627/913/4 625/912/4 638/931/4 640/936/4
f 641/938/311 643/939/311 630/921/303 640/920/303
f 642/940/312 644/941/312 643/939/311 641/938/311
f 641/937/4 639/933/4 652/942/4 642/943/4
f 643/944/1 644/945/1 646/946/1 645/947/1
f 630/922/1 643/944/1 645/947/1 632/923/1
f 646/946/313 648/948/313 647/949/314 645/947/314
f 645/947/314 647/949/314 634/924/304 632/923/304
f 637/935/310 647/934/310 648/950/315 650/951/315
f 659/952/316 649/953/316 648/948/313 646/946/313
f 650/951/315 648/950/315 649/954/317 651/955/317
f 651/956/318 653/957/318 652/942/319 650/958/319
f 650/958/319 652/942/319 639/933/309 637/932/309
f 642/943/4 652/942/4 653/957/4 655/959/4
f 1700/960/320 654/961/320 653/957/321 651/956/321
f 655/959/4 653/957/4 654/961/4 656/962/4
f 656/963/322 658/964/322 657/965/323 655/966/323
f 655/967/324 657/968/324 644/941/312 642/940/312
f 657/969/1 658/970/1 660/971/1 659/952/1
f 644/945/1 657/969/1 659/952/1 646/946/1
f 660/971/325 661/972/325 649/953/326 659/952/326
f 661/972/325 660/971/325 662/973/327 664/974/328
f 658/970/1 665/975/1 662/973/1 660/971/1
f 663/976/329 684/977/329 664/974/328 662/973/327
f 665/975/1 666/978/1 663/976/1 662/973/1
f 668/979/330 666/980/330 665/981/331 667/982/331
f 667/982/331 665/981/331 658/964/322 656/963/322
f 667/983/4 669/984/4 671/985/4 668/986/4
f 656/962/4 654/961/4 669/984/4 667/983/4
f 654/961/320 1700/960/320 670/987/332 669/984/333
f 672/988/334 671/985/334 669/984/333 670/987/332
f 674/989/335 673/990/335 671/991/334 672/992/334
f 668/986/4 671/985/4 673/993/4 676/994/4
f 686/995/336 675/996/336 673/993/335 674/997/335
f 676/994/4 673/993/4 675/996/4 677/998/4
f 677/999/337 679/1000/337 678/1001/338 676/1002/338
f 676/1002/338 678/1001/338 666/980/330 668/979/330
f 678/1003/1 679/1004/1 681/1005/1 680/1006/1
f 666/978/1 678/1003/1 680/1006/1 663/976/1
f 681/1005/339 683/1007/339 682/1008/340 680/1006/340
f 680/1009/340 682/1010/340 684/1011/329 663/1012/329
f 674/989/341 682/1010/341 683/1013/342 686/1014/342
f 672/992/343 684/1011/343 682/1010/341 674/989/341
f 670/1015/344 664/1016/344 684/1011/343 672/992/343
f 695/1017/345 685/1018/345 683/1007/339 681/1005/339
f 686/1014/342 683/1013/342 685/1019/346 687/1020/346
f 687/1021/347 689/1022/347 675/996/336 686/995/336
f 688/1023/348 690/1024/348 689/1022/347 687/1021/347
f 687/1020/346 685/1019/346 698/1025/349 688/1026/349
f 691/1027/4 689/1022/4 690/1024/4 692/1028/4
f 677/998/4 675/996/4 689/1022/4 691/1027/4
f 692/1029/350 694/1030/350 693/1031/351 691/1032/351
f 691/1032/351 693/1031/351 679/1000/337 677/999/337
f 693/1033/1 694/1034/1 696/1035/1 695/1017/1
f 679/1004/1 693/1033/1 695/1017/1 681/1005/1
f 696/1035/352 698/1036/352 685/1018/345 695/1017/345
f 697/1037/353 699/1038/353 698/1036/352 696/1035/352
f 694/1034/1 707/1039/1 697/1037/1 696/1035/1
f 688/1026/349 698/1025/349 699/1040/354 701/1041/354
f 710/1042/355 700/1043/355 699/1038/353 697/1037/353
f 701/1041/354 699/1040/354 700/1044/356 702/1045/356
f 702/1046/357 704/1047/357 703/1048/358 701/1049/358
f 701/1049/358 703/1048/358 690/1024/348 688/1023/348
f 705/1050/4 703/1048/4 704/1047/4 706/1051/4
f 692/1028/4 690/1024/4 703/1048/4 705/1050/4
f 706/1052/359 708/1053/359 707/1054/360 705/1055/360
f 705/1055/360 707/1054/360 694/1030/350 692/1029/350
f 707/1039/1 708/1056/1 710/1042/1 697/1037/1
f 719/1057/361 709/1058/361 708/1059/359 706/1060/359
f 708/1056/1 709/1061/1 711/1062/1 710/1042/1
f 711/1062/362 713/1063/362 700/1043/355 710/1042/355
f 712/1064/363 714/1065/363 713/1063/362 711/1062/362
f 709/1061/1 722/1066/1 712/1064/1 711/1062/1
f 715/1067/364 713/1068/364 714/1069/365 716/1070/365
f 702/1071/356 700/1072/356 713/1068/364 715/1067/364
f 716/1073/366 718/1074/366 717/1075/367 715/1076/367
f 715/1076/367 717/1075/367 704/1047/357 702/1046/357
f 719/1077/4 717/1075/4 718/1074/4 720/1078/4
f 706/1051/4 704/1047/4 717/1075/4 719/1077/4
f 720/1079/368 722/1080/368 709/1058/361 719/1057/361
f 720/1078/4 718/1074/4 731/1081/4 721/1082/4
f 721/1083/369 723/1084/369 722/1080/368 720/1079/368
f 722/1066/1 723/1085/1 725/1086/1 712/1064/1
f 734/1087/370 724/1088/370 723/1084/369 721/1083/369
f 723/1085/1 724/1089/1 726/1090/1 725/1086/1
f 726/1090/371 728/1091/371 727/1092/372 725/1086/372
f 725/1086/372 727/1092/372 714/1065/363 712/1064/363
f 729/1093/373 727/1094/373 728/1095/374 730/1096/374
f 716/1070/365 714/1069/365 727/1094/373 729/1093/373
f 730/1097/375 732/1098/375 731/1081/376 729/1099/376
f 729/1099/376 731/1081/376 718/1074/366 716/1073/366
f 721/1082/4 731/1081/4 732/1098/4 734/1100/4
f 743/1101/377 733/1102/377 732/1103/375 730/1096/375
f 734/1100/4 732/1098/4 733/1104/4 735/1105/4
f 735/1106/378 737/1107/378 724/1088/370 734/1087/370
f 735/1105/4 733/1104/4 746/1108/4 736/1109/4
f 736/1110/379 738/1111/379 737/1107/378 735/1106/378
f 737/1112/1 738/1113/1 740/1114/1 739/1115/1
f 724/1089/1 737/1112/1 739/1115/1 726/1090/1
f 740/1114/380 742/1116/380 741/1117/381 739/1115/381
f 739/1118/381 741/1119/381 728/1095/371 726/1120/371
f 743/1101/382 741/1119/382 742/1121/383 744/1122/383
f 730/1096/374 728/1095/374 741/1119/382 743/1101/382
f 744/1116/384 746/1108/384 733/1104/377 743/1123/377
f 745/1124/385 747/1125/385 746/1108/384 744/1116/384
f 744/1122/383 742/1121/383 755/1126/386 745/1127/386
f 736/1109/4 746/1108/4 747/1125/4 749/1128/4
f 758/1129/387 748/1130/387 747/1125/385 745/1124/385
f 749/1128/4 747/1125/4 748/1130/4 750/1131/4
f 750/1132/388 752/1133/388 751/1134/389 749/1135/389
f 749/1135/389 751/1134/389 738/1111/379 736/1110/379
f 751/1136/1 752/1137/1 754/1138/1 753/1139/1
f 738/1113/1 751/1136/1 753/1139/1 740/1114/1
f 754/1138/390 756/1140/390 755/1124/391 753/1139/391
f 753/1139/391 755/1124/391 742/1116/380 740/1114/380
f 745/1127/386 755/1126/386 756/1141/392 758/1142/392
f 767/1143/393 757/1144/393 756/1140/390 754/1138/390
f 758/1142/392 756/1141/392 757/1145/394 759/1146/394
f 759/1147/395 761/1148/395 748/1130/387 758/1129/387
f 760/1149/396 762/1150/396 761/1148/395 759/1147/395
f 759/1146/394 757/1145/394 770/1151/394 760/1152/394
f 763/1153/4 761/1148/4 762/1150/4 764/1154/4
f 750/1131/4 748/1130/4 761/1148/4 763/1153/4
f 764/1155/397 766/1156/397 765/1157/397 763/1158/397
f 763/1158/397 765/1157/397 752/1133/388 750/1132/388
f 765/1159/1 766/1160/1 768/1161/1 767/1143/1
f 752/1137/1 765/1159/1 767/1143/1 754/1138/1
f 768/1161/398 770/1162/398 757/1144/393 767/1143/393
f 769/1163/393 771/1164/393 770/1162/398 768/1161/398
f 766/1160/1 779/1165/1 769/1163/1 768/1161/1
f 760/1152/394 770/1151/394 771/1166/394 773/1167/394
f 782/1168/390 772/1169/390 771/1164/393 769/1163/393
f 773/1167/394 771/1166/394 772/1170/399 774/1171/399
f 774/1172/387 776/1173/387 775/1174/395 773/1175/395
f 773/1175/395 775/1174/395 762/1150/396 760/1149/396
f 777/1176/4 775/1174/4 776/1173/4 778/1177/4
f 764/1154/4 762/1150/4 775/1174/4 777/1176/4
f 778/1178/388 780/1179/388 779/1180/397 777/1181/397
f 777/1181/397 779/1180/397 766/1156/397 764/1155/397
f 779/1165/1 780/1182/1 782/1168/1 769/1163/1
f 791/1183/389 781/1184/389 780/1179/388 778/1178/388
f 780/1182/1 781/1185/1 783/1186/1 782/1168/1
f 783/1186/391 785/1187/391 772/1169/390 782/1168/390
f 784/1188/400 786/1189/400 785/1187/391 783/1186/391
f 781/1185/1 794/1190/1 784/1188/1 783/1186/1
f 787/1191/386 785/1192/386 786/1193/383 788/1194/383
f 774/1171/399 772/1170/399 785/1192/386 787/1191/386
f 788/1195/401 790/1196/401 789/1197/385 787/1198/385
f 787/1198/385 789/1197/385 776/1173/387 774/1172/387
f 791/1199/4 789/1197/4 790/1196/4 792/1200/4
f 778/1177/4 776/1173/4 789/1197/4 791/1199/4
f 792/1201/379 794/1202/379 781/1184/389 791/1183/389
f 792/1200/4 790/1196/4 1699/1203/4 793/1204/4
f 793/1205/379 795/1206/379 794/1202/379 792/1201/379
f 794/1190/1 795/1207/1 797/1208/1 784/1188/1
f 807/1209/402 796/1210/402 795/1206/379 793/1205/379
f 797/1208/1 795/1207/1 796/1211/1 799/1212/1
f 798/1213/380 797/1208/380 799/1212/391 800/1214/391
f 797/1208/380 798/1213/380 786/1189/400 784/1188/400
f 800/1214/391 799/1212/391 801/1215/390 802/1216/390
f 804/1217/1 801/1215/1 799/1212/1 796/1211/1
f 802/1216/390 801/1215/390 803/1218/380 1696/1219/380
f 805/1220/1 803/1218/1 801/1215/1 804/1217/1
f 806/1221/402 804/1222/402 796/1210/402 807/1209/402
f 808/1223/403 805/1224/403 804/1222/402 806/1221/402
f 806/1225/4 807/1226/4 810/1227/4 809/1228/4
f 808/1229/4 806/1225/4 809/1228/4 812/1230/4
f 810/1227/385 1697/1231/385 811/1232/387 809/1228/387
f 809/1228/387 811/1232/387 813/1233/384 812/1230/384
f 812/1230/384 813/1233/384 815/1234/401 814/1235/401
f 817/1236/4 808/1229/4 812/1230/4 814/1235/4
f 814/1235/401 815/1234/401 1695/1237/404 816/1238/404
f 818/1239/4 817/1236/4 814/1235/4 816/1238/4
f 817/1240/405 819/1241/405 805/1224/403 808/1223/403
f 818/1242/406 820/1243/406 819/1241/405 817/1240/405
f 819/1244/1 821/1245/1 803/1218/1 805/1220/1
f 820/1246/1 823/1247/1 821/1245/1 819/1244/1
f 822/1248/400 821/1245/400 823/1247/407 824/1249/407
f 1696/1219/380 803/1218/380 821/1245/400 822/1248/400
f 824/1249/407 823/1247/407 825/1250/408 826/1251/408
f 828/1252/1 825/1250/1 823/1247/1 820/1246/1
f 826/1251/408 825/1250/408 827/1253/407 1694/1254/407
f 829/1255/1 827/1253/1 825/1250/1 828/1252/1
f 830/1256/406 828/1257/406 820/1243/406 818/1242/406
f 831/1258/406 829/1259/406 828/1257/406 830/1256/406
f 830/1260/4 818/1239/4 816/1238/4 832/1261/4
f 831/1262/4 830/1260/4 832/1261/4 834/1263/4
f 816/1238/404 1695/1237/404 833/1264/409 832/1261/409
f 832/1261/409 833/1264/409 835/1265/404 834/1263/404
f 834/1263/404 835/1265/404 837/1266/401 836/1267/401
f 839/1268/4 831/1262/4 834/1263/4 836/1267/4
f 836/1267/401 837/1266/401 1693/1269/384 838/1270/384
f 840/1271/4 839/1268/4 836/1267/4 838/1270/4
f 839/1272/405 841/1273/405 829/1259/406 831/1258/406
f 840/1274/403 842/1275/403 841/1273/405 839/1272/405
f 841/1276/1 843/1277/1 827/1253/1 829/1255/1
f 842/1278/1 845/1279/1 843/1277/1 841/1276/1
f 844/1280/400 843/1277/400 845/1279/380 846/1269/380
f 1694/1254/407 827/1253/407 843/1277/400 844/1280/400
f 846/1269/380 845/1279/380 847/1281/391 848/1282/391
f 850/1283/1 847/1281/1 845/1279/1 842/1278/1
f 848/1282/391 847/1281/391 849/1284/410 1692/1285/410
f 851/1286/1 849/1284/1 847/1281/1 850/1283/1
f 852/1287/402 850/1288/402 842/1275/403 840/1274/403
f 853/1289/411 851/1290/411 850/1288/402 852/1287/402
f 852/1291/4 840/1271/4 838/1270/4 854/1292/4
f 853/1293/4 852/1291/4 854/1292/4 856/1294/4
f 838/1270/384 1693/1269/384 855/1282/385 854/1292/385
f 854/1292/385 855/1282/385 857/1295/412 856/1294/412
f 856/1296/412 857/1297/412 859/1298/413 858/1299/413
f 861/1300/4 853/1293/4 856/1294/4 858/1301/4
f 858/1301/413 859/1302/413 1691/1303/414 860/1304/414
f 862/1305/4 861/1300/4 858/1301/4 860/1304/4
f 861/1306/415 863/1307/415 851/1290/411 853/1289/411
f 862/1308/416 864/1309/416 863/1307/415 861/1306/415
f 863/1310/1 865/1311/1 849/1284/1 851/1286/1
f 864/1312/1 867/1313/1 865/1311/1 863/1310/1
f 866/1314/417 865/1311/417 867/1313/418 868/1315/418
f 1692/1316/410 849/1317/410 865/1318/417 866/1319/417
f 868/1315/418 867/1313/418 869/1320/419 870/1321/419
f 872/1322/1 869/1320/1 867/1313/1 864/1312/1
f 870/1321/419 869/1320/419 871/1323/420 1690/1324/420
f 873/1325/1 871/1323/1 869/1320/1 872/1322/1
f 874/1326/421 872/1327/421 864/1309/416 862/1308/416
f 875/1328/422 873/1329/422 872/1327/421 874/1326/421
f 874/1330/4 862/1305/4 860/1304/4 876/1331/4
f 875/1332/4 874/1330/4 876/1331/4 878/1333/4
f 860/1304/414 1691/1303/414 877/1334/423 876/1331/423
f 876/1331/423 877/1334/423 879/1335/424 878/1333/424
f 878/1333/424 879/1335/424 881/1336/425 880/1337/425
f 883/1338/4 875/1332/4 878/1333/4 880/1337/4
f 880/1337/425 881/1336/425 1689/1339/426 882/1340/426
f 884/1341/4 883/1338/4 880/1337/4 882/1340/4
f 883/1342/427 885/966/427 873/1329/422 875/1328/422
f 884/1343/428 886/1344/428 885/1053/427 883/1052/427
f 885/1345/1 887/1346/1 871/1323/1 873/1325/1
f 886/1347/1 889/1348/1 887/1346/1 885/1345/1
f 888/1349/429 887/1346/429 889/1348/430 890/1350/430
f 1690/1324/420 871/1323/420 887/1346/429 888/1349/429
f 890/1350/430 889/1348/430 891/1351/431 892/1352/431
f 894/1353/1 891/1351/1 889/1348/1 886/1347/1
f 892/1352/431 891/1351/431 893/1354/432 1688/1355/432
f 895/1356/1 893/1354/1 891/1351/1 894/1353/1
f 896/1357/433 894/1358/433 886/1344/428 884/1343/428
f 897/1359/434 895/1360/434 894/1358/433 896/1357/433
f 896/1361/4 884/1341/4 882/1340/4 898/1362/4
f 897/1363/4 896/1361/4 898/1362/4 900/1364/4
f 882/1340/426 1689/1339/426 899/1365/435 898/1362/435
f 898/1362/435 899/1365/435 901/1366/436 900/1364/436
f 900/1364/436 901/1366/436 903/1367/437 902/1368/437
f 905/1369/4 897/1363/4 900/1364/4 902/1368/4
f 902/1368/437 903/1367/437 1687/1370/438 904/1371/438
f 906/1372/4 905/1369/4 902/1368/4 904/1371/4
f 905/1373/439 907/1374/439 895/1360/434 897/1359/434
f 906/1375/440 908/1376/440 907/1374/439 905/1373/439
f 907/1377/1 909/1378/1 893/1354/1 895/1356/1
f 908/1379/1 911/1380/1 909/1378/1 907/1377/1
f 910/1381/441 909/1378/441 911/1380/442 912/1382/442
f 1688/1355/432 893/1354/432 909/1378/441 910/1381/441
f 912/1383/442 911/1384/442 913/1385/443 914/1386/443
f 916/1387/1 913/1388/1 911/1380/1 908/1379/1
f 914/1389/443 913/1388/443 915/1390/444 1686/1391/445
f 917/1392/1 915/1390/1 913/1388/1 916/1387/1
f 918/1393/11 916/1394/11 908/1376/440 906/1375/440
f 919/1395/12 917/1396/12 916/1394/11 918/1393/11
f 918/1397/4 906/1372/4 904/1371/4 920/1398/4
f 919/1399/4 918/1397/4 920/1398/4 922/1400/4
f 904/1401/438 1687/1402/438 921/1403/446 920/1404/446
f 920/1398/446 921/1405/446 923/1406/447 922/1400/448
f 925/1407/449 924/1408/450 922/1400/448 923/1406/447
f 927/1409/4 919/1399/4 922/1400/4 924/1408/4
f 924/1408/450 925/1407/449 1685/1410/451 926/1411/451
f 928/1412/4 927/1409/4 924/1408/4 926/1411/4
f 928/1413/19 930/1414/19 929/1415/13 927/1416/13
f 927/1416/13 929/1415/13 917/1396/12 919/1395/12
f 930/1417/1 933/1418/1 931/1419/1 929/1420/1
f 929/1420/1 931/1419/1 915/1390/1 917/1392/1
f 931/1419/452 932/1421/453 1686/1391/445 915/1390/444
f 932/1421/453 931/1419/452 933/1418/454 934/1422/454
f 934/1422/455 933/1418/455 935/1423/456 936/1424/456
f 938/1425/1 935/1423/1 933/1418/1 930/1417/1
f 936/1424/456 935/1423/456 937/1426/457 1684/1427/457
f 939/1428/1 937/1426/1 935/1423/1 938/1425/1
f 940/1429/458 938/1430/458 930/1431/22 928/1432/22
f 941/1433/459 939/1434/459 938/1430/458 940/1429/458
f 940/1435/4 928/1412/4 926/1411/4 942/1436/4
f 941/1437/4 940/1435/4 942/1436/4 944/1438/4
f 926/1411/460 1685/1410/460 943/1439/461 942/1436/461
f 942/1436/461 943/1439/461 945/1440/462 944/1438/462
f 944/1438/462 945/1440/462 947/1441/463 946/1442/463
f 949/1443/4 941/1437/4 944/1438/4 946/1442/4
f 946/1442/463 947/1441/463 1683/1444/464 948/1445/464
f 950/1446/4 949/1443/4 946/1442/4 948/1445/4
f 949/1447/29 951/1448/29 939/1434/459 941/1433/459
f 950/1449/33 952/1450/33 951/1448/29 949/1447/29
f 951/1451/1 953/1452/1 937/1426/1 939/1428/1
f 952/1453/1 955/1454/1 953/1452/1 951/1451/1
f 954/1455/465 953/1452/465 955/1454/466 956/1456/466
f 1684/1427/457 937/1426/457 953/1452/465 954/1455/465
f 956/1456/466 955/1454/466 957/1457/467 958/1458/467
f 960/1459/1 957/1457/1 955/1454/1 952/1453/1
f 958/1458/467 957/1457/467 959/1460/468 1682/1461/468
f 961/1462/1 959/1460/1 957/1457/1 960/1459/1
f 962/1463/35 960/1464/35 952/1450/33 950/1449/33
f 963/1465/469 961/1466/469 960/1464/35 962/1463/35
f 962/1467/4 950/1446/4 948/1445/4 964/1468/4
f 963/1469/4 962/1467/4 964/1468/4 966/1470/4
f 948/1445/464 1683/1444/464 965/1471/470 964/1468/470
f 964/1468/470 965/1471/470 967/1472/471 966/1470/471
f 966/1470/471 967/1472/471 969/1473/472 968/1474/472
f 971/1475/4 963/1469/4 966/1470/4 968/1474/4
f 968/1474/472 969/1473/472 1681/1476/473 970/1477/473
f 972/1478/4 971/1475/4 968/1474/4 970/1477/4
f 971/1479/41 973/1480/41 961/1466/469 963/1465/469
f 972/1481/45 974/1482/45 973/1480/41 971/1479/41
f 973/1483/1 975/1484/1 959/1460/1 961/1462/1
f 974/1485/1 977/1486/1 975/1484/1 973/1483/1
f 976/1487/474 975/1484/474 977/1486/475 978/1488/475
f 1682/1461/468 959/1460/468 975/1484/474 976/1487/474
f 978/1488/475 977/1486/475 979/1489/476 980/1490/476
f 982/1491/1 979/1489/1 977/1486/1 974/1485/1
f 980/1490/476 979/1489/476 981/1492/477 1680/1493/477
f 983/1494/1 981/1492/1 979/1489/1 982/1491/1
f 984/1495/47 982/1496/47 974/1482/45 972/1481/45
f 985/1497/51 983/1498/51 982/1496/47 984/1495/47
f 984/1499/4 972/1478/4 970/1477/4 986/1500/4
f 985/1501/4 984/1499/4 986/1500/4 988/1502/4
f 970/1477/473 1681/1476/473 987/1503/478 986/1500/478
f 986/1500/478 987/1503/478 989/1504/479 988/1502/479
f 988/1502/479 989/1504/479 991/1505/480 990/1506/480
f 993/1507/4 985/1501/4 988/1502/4 990/1506/4
f 990/1506/480 991/1505/480 1679/1508/481 992/1509/481
f 994/1510/4 993/1507/4 990/1506/4 992/1509/4
f 993/1511/53 995/1512/53 983/1498/51 985/1497/51
f 994/1513/57 996/1514/57 995/1512/53 993/1511/53
f 995/1515/1 997/1516/1 981/1492/1 983/1494/1
f 996/1517/1 999/1518/1 997/1516/1 995/1515/1
f 998/1519/482 997/1516/482 999/1518/483 1000/1520/483
f 1680/1493/477 981/1492/477 997/1516/482 998/1519/482
f 1000/1520/483 999/1518/483 1001/1521/484 1002/1522/484
f 1004/1523/1 1001/1521/1 999/1518/1 996/1517/1
f 1002/1522/484 1001/1521/484 1003/1524/485 1678/1525/485
f 1005/1526/1 1003/1524/1 1001/1521/1 1004/1523/1
f 1006/846/486 1004/845/486 996/1514/57 994/1513/57
f 1007/1527/63 1005/1528/63 1004/817/486 1006/816/486
f 1006/1529/4 994/1510/4 992/1509/4 1008/1530/4
f 1007/1531/4 1006/1529/4 1008/1530/4 1010/1532/4
f 992/1509/481 1679/1508/481 1009/1533/487 1008/1530/487
f 1008/1530/487 1009/1533/487 1011/1534/488 1010/1532/488
f 1010/1532/488 1011/1534/488 1013/1535/489 1012/1536/489
f 1015/1537/4 1007/1531/4 1010/1532/4 1012/1536/4
f 1012/1536/489 1013/1535/489 1677/1538/490 1014/1539/490
f 1016/1540/4 1015/1537/4 1012/1536/4 1014/1539/4
f 1015/1541/65 1017/1542/65 1005/1528/63 1007/1527/63
f 1016/1543/69 1018/1544/69 1017/1542/65 1015/1541/65
f 1017/1545/1 1019/1546/1 1003/1524/1 1005/1526/1
f 1018/1547/1 1021/1548/1 1019/1546/1 1017/1545/1
f 1020/1549/491 1019/1546/491 1021/1548/492 1022/1550/492
f 1678/1525/485 1003/1524/485 1019/1546/491 1020/1549/491
f 1022/1550/492 1021/1548/492 1023/1551/493 1024/1552/493
f 1026/1553/1 1023/1551/1 1021/1548/1 1018/1547/1
f 1024/1554/493 1023/1555/493 1025/1556/494 1676/1557/494
f 1027/1558/1 1025/1559/1 1023/1551/1 1026/1553/1
f 1028/1560/71 1026/1561/71 1018/1544/69 1016/1543/69
f 1029/1562/75 1027/1563/75 1026/1561/71 1028/1560/71
f 1028/1564/4 1016/1540/4 1014/1539/4 1030/1565/4
f 1029/1566/4 1028/1564/4 1030/1565/4 1032/1567/4
f 1014/1539/490 1677/1538/490 1031/1568/495 1030/1565/495
f 1030/1569/495 1031/1570/495 1033/1571/496 1032/1572/496
f 1032/1567/496 1033/1573/496 1035/1574/497 1034/1575/497
f 1037/1576/4 1029/1566/4 1032/1567/4 1034/1575/4
f 1034/1575/497 1035/1574/497 1675/1577/498 1036/1578/498
f 1038/1579/4 1037/1576/4 1034/1575/4 1036/1578/4
f 1037/1580/77 1039/1581/77 1027/1563/75 1029/1562/75
f 1038/1582/81 1040/1583/81 1039/1581/77 1037/1580/77
f 1039/1584/1 1041/1585/1 1025/1559/1 1027/1558/1
f 1040/1586/1 1043/1587/1 1041/1585/1 1039/1584/1
f 1042/1588/499 1041/1585/499 1043/1587/500 1044/1589/500
f 1676/1590/494 1025/1559/494 1041/1585/499 1042/1588/499
f 1044/1589/500 1043/1587/500 1045/1591/501 1046/1592/501
f 1048/1593/1 1045/1591/1 1043/1587/1 1040/1586/1
f 1046/1592/501 1045/1591/501 1047/1594/502 1674/1595/502
f 1049/1596/1 1047/1594/1 1045/1591/1 1048/1593/1
f 1050/1597/83 1048/1598/83 1040/1583/81 1038/1582/81
f 1051/1599/503 1049/1600/503 1048/1598/83 1050/1597/83
f 1050/1601/4 1038/1579/4 1036/1578/4 1052/1602/4
f 1051/1603/4 1050/1601/4 1052/1602/4 1054/1604/4
f 1036/1578/498 1675/1577/498 1053/1605/504 1052/1602/504
f 1052/1602/504 1053/1605/504 1055/1606/505 1054/1604/505
f 1054/1604/505 1055/1606/505 1057/1607/506 1056/1608/506
f 1059/1609/4 1051/1603/4 1054/1604/4 1056/1608/4
f 1056/1608/506 1057/1607/506 1673/1610/507 1058/1611/507
f 1060/1612/4 1059/1609/4 1056/1608/4 1058/1611/4
f 1059/1613/508 1061/1614/508 1049/1600/503 1051/1599/503
f 1060/1615/509 1062/1616/509 1061/1614/508 1059/1613/508
f 1061/1617/1 1063/1618/1 1047/1594/1 1049/1596/1
f 1062/1619/1 1065/1620/1 1063/1618/1 1061/1617/1
f 1064/1621/510 1063/1618/510 1065/1620/511 1066/1622/511
f 1674/1595/502 1047/1594/502 1063/1618/510 1064/1621/510
f 1066/1622/512 1065/1620/512 1067/1623/513 1068/1624/513
f 1070/1625/1 1067/1623/1 1065/1620/1 1062/1619/1
f 1068/1624/513 1067/1623/513 1069/1626/514 1672/1627/514
f 1071/1628/1 1069/1626/1 1067/1623/1 1070/1625/1
f 1072/1629/104 1070/1630/104 1062/955/104 1060/1631/104
f 1073/1632/104 1071/1633/104 1070/1630/104 1072/1629/104
f 1072/1634/4 1060/1612/4 1058/1611/4 1074/1635/4
f 1073/1636/4 1072/1634/4 1074/1635/4 1076/1637/4
f 1058/1611/515 1673/1610/515 1075/1638/516 1074/1635/516
f 1074/1635/516 1075/1638/516 1077/1639/517 1076/1637/517
f 1076/1637/517 1077/1639/517 1079/1640/518 1078/1641/518
f 1081/1642/4 1073/1636/4 1076/1637/4 1078/1641/4
f 1078/1641/518 1079/1640/518 1671/1643/519 1080/1644/520
f 1082/1645/4 1081/1642/4 1078/1641/4 1080/1644/4
f 1081/1646/104 1083/1647/104 1071/1633/104 1073/1632/104
f 1082/1648/104 1084/1649/104 1083/1647/104 1081/1646/104
f 1083/1650/1 1085/1651/1 1069/1626/1 1071/1628/1
f 1084/1652/1 1087/1653/1 1085/1651/1 1083/1650/1
f 1086/1654/521 1085/1651/521 1087/1653/522 1088/1655/523
f 1672/1627/514 1069/1626/514 1085/1651/521 1086/1654/521
f 1088/1655/523 1087/1653/522 1089/1656/524 1090/1657/524
f 1092/1658/1 1089/1656/1 1087/1653/1 1084/1652/1
f 1090/1657/524 1089/1656/524 1091/1659/525 1670/1660/525
f 1093/1661/1 1091/1659/1 1089/1656/1 1092/1658/1
f 1094/1662/104 1092/1663/104 1084/1649/104 1082/1648/104
f 1095/1664/104 1093/1665/104 1092/1663/104 1094/1662/104
f 1094/1666/4 1082/1645/4 1080/1644/4 1096/1667/4
f 1095/1668/4 1094/1666/4 1096/1667/4 1098/1669/4
f 1080/1644/520 1671/1643/519 1097/1670/526 1096/1667/526
f 1096/1667/526 1097/1670/526 1099/1671/527 1098/1669/527
f 1098/1669/527 1099/1671/527 1101/1672/528 1100/1673/528
f 1100/1673/4 1103/1674/4 1095/1668/4 1098/1669/4
f 1100/1673/529 1101/1672/529 1669/1675/530 1102/1676/531
f 1102/1676/4 1104/1677/4 1103/1674/4 1100/1673/4
f 1103/1678/104 1105/1679/104 1093/1665/104 1095/1664/104
f 1104/1680/532 1106/1681/532 1105/635/533 1103/634/533
f 1107/1682/1 1091/1659/1 1093/1661/1 1105/1683/1
f 1109/1684/1 1107/1682/1 1105/1683/1 1106/1685/1
f 1670/1660/525 1091/1659/525 1107/1682/534 1108/1686/534
f 1108/1686/535 1107/1682/535 1109/1684/536 1110/1687/537
f 1110/1687/537 1109/1684/536 1111/1688/538 1112/1689/539
f 1114/1690/1 1111/1688/1 1109/1684/1 1106/1685/1
f 1112/1689/539 1111/1688/538 1113/1691/540 1668/1692/540
f 1115/1693/1 1113/1691/1 1111/1688/1 1114/1690/1
f 1116/1694/123 1114/1695/123 1106/1681/532 1104/1680/532
f 1117/1696/130 1115/1697/130 1114/1695/123 1116/1694/123
f 1116/1698/4 1104/1677/4 1102/1676/4 1118/1699/4
f 1117/1700/4 1116/1698/4 1118/1699/4 1120/1701/4
f 1102/1676/531 1669/1675/530 1119/1702/541 1118/1699/542
f 1118/1699/542 1119/1702/541 1121/1703/543 1120/1701/543
f 1120/1701/543 1121/1703/543 1123/1704/544 1122/1705/544
f 1125/1706/4 1117/1700/4 1120/1701/4 1122/1705/4
f 1122/1705/544 1123/1704/544 1667/1707/545 1124/1708/545
f 1126/1709/4 1125/1706/4 1122/1705/4 1124/1708/4
f 1125/1710/132 1127/1711/132 1115/1697/130 1117/1696/130
f 1126/1712/136 1128/1713/136 1127/1711/132 1125/1710/132
f 1127/1714/1 1129/1715/1 1113/1691/1 1115/1693/1
f 1128/1716/1 1131/1717/1 1129/1715/1 1127/1714/1
f 1130/1718/546 1129/1715/546 1131/1717/547 1132/1719/547
f 1668/1692/540 1113/1691/540 1129/1715/546 1130/1718/546
f 1132/1719/547 1131/1717/547 1133/1720/548 1134/1721/548
f 1136/1722/1 1133/1720/1 1131/1717/1 1128/1716/1
f 1134/1721/548 1133/1720/548 1135/1723/549 1173/1724/549
f 1137/1725/1 1135/1723/1 1133/1720/1 1136/1722/1
f 1138/1726/138 1136/1727/138 1128/1713/136 1126/1712/136
f 1139/1728/550 1137/1729/550 1136/1727/138 1138/1726/138
f 1138/1730/4 1126/1709/4 1124/1708/4 1140/1731/4
f 1139/1732/4 1138/1730/4 1140/1731/4 1142/1733/4
f 1124/1708/545 1667/1707/545 1141/1734/551 1140/1731/551
f 1140/1731/551 1141/1734/551 1143/1735/552 1142/1733/552
f 1142/1733/552 1143/1735/552 1145/1736/553 1144/1737/554
f 1144/1737/4 1147/1738/4 1139/1732/4 1142/1733/4
f 1174/1739/555 1146/1740/555 1144/1737/554 1145/1736/553
f 1150/1741/4 1147/1738/4 1144/1737/4 1146/1740/4
f 1148/560/556 1161/1742/556 1149/1743/557 1147/561/557
f 1150/1741/4 1152/1744/4 1148/1745/4 1147/1738/4
f 1147/1746/558 1149/1747/558 1137/1748/550 1139/1749/550
f 1146/1740/559 1174/1739/559 1151/1750/560 1150/1741/561
f 1153/1751/562 1152/1744/562 1150/1741/561 1151/1750/560
f 1155/1752/563 1154/1753/563 1152/1744/562 1153/1751/562
f 1148/1745/4 1152/1744/4 1154/1753/4 1157/1754/4
f 1177/1755/564 1156/1756/564 1154/1753/563 1155/1752/563
f 1157/1754/4 1154/1753/4 1156/1756/4 1158/1757/4
f 1158/1758/170 1160/1759/170 1159/1760/168 1157/1761/168
f 1157/1761/168 1159/1760/168 1161/1729/556 1148/1728/556
f 1159/1762/1 1160/1763/1 1163/1764/1 1162/1765/1
f 1161/1766/1 1159/1762/1 1162/1765/1 1165/1767/1
f 1163/1764/565 1175/1768/565 1164/1769/566 1162/1765/566
f 1162/1765/566 1164/1769/566 1166/1770/567 1165/1767/567
f 1165/1767/567 1166/1770/567 1168/1771/568 1167/1772/569
f 1167/1772/1 1149/1773/1 1161/1766/1 1165/1767/1
f 1170/1774/570 1169/1775/570 1167/1772/569 1168/1771/568
f 1167/1772/1 1169/1775/1 1171/1776/1 1149/1773/1
f 1169/1775/571 1170/1774/571 1172/1777/572 1171/1776/573
f 1173/1724/549 1135/1723/549 1171/1776/573 1172/1777/572
f 1171/1776/1 1135/1723/1 1137/1725/1 1149/1773/1
f 1145/1778/574 1172/1779/574 1170/544/575 1174/543/575
f 1143/1780/576 1173/1781/576 1172/1779/574 1145/1778/574
f 1141/1782/577 1134/1783/577 1173/571/576 1143/570/576
f 1174/555/578 1170/1784/578 1168/1785/579 1151/1786/579
f 1151/1786/579 1168/1785/579 1166/1781/580 1153/1780/580
f 1153/1787/580 1166/1788/580 1164/1789/174 1155/1790/174
f 1155/1790/174 1164/1789/174 1175/1791/173 1177/1792/173
f 1186/1793/581 1176/1794/581 1175/1768/565 1163/1764/565
f 1177/1792/173 1175/1791/173 1176/1795/175 1178/1796/175
f 1178/1797/582 1180/1798/582 1156/1756/564 1177/1755/564
f 1179/1799/583 1181/1800/583 1180/1798/582 1178/1797/582
f 1178/1796/175 1176/1795/175 1189/1801/182 1179/1802/182
f 1182/1803/4 1180/1798/4 1181/1800/4 1183/1804/4
f 1158/1757/4 1156/1756/4 1180/1798/4 1182/1803/4
f 1183/1805/179 1185/1806/179 1184/1807/178 1182/1808/178
f 1182/1808/178 1184/1807/178 1160/1759/170 1158/1758/170
f 1184/1809/1 1185/1810/1 1187/1811/1 1186/1793/1
f 1160/1763/1 1184/1809/1 1186/1793/1 1163/1764/1
f 1187/1811/584 1189/1812/584 1176/1794/581 1186/1793/581
f 1188/1813/585 1190/1814/586 1189/1812/584 1187/1811/584
f 1185/1810/1 1198/1815/1 1188/1813/1 1187/1811/1
f 1179/1802/182 1189/1801/182 1190/1816/183 1192/1817/183
f 1201/1818/587 1191/1819/588 1190/1814/586 1188/1813/585
f 1192/1817/183 1190/1816/183 1191/1820/589 1193/1821/589
f 1193/1822/590 1195/1823/591 1194/1824/592 1192/1825/593
f 1192/1825/593 1194/1824/592 1181/1800/583 1179/1799/583
f 1196/1826/4 1194/1824/4 1195/1823/4 1197/1827/4
f 1183/1804/4 1181/1800/4 1194/1824/4 1196/1826/4
f 1197/1828/594 1199/1829/594 1198/1830/189 1196/1831/189
f 1196/1831/189 1198/1830/189 1185/1806/179 1183/1805/179
f 1198/1815/1 1199/1832/1 1201/1818/1 1188/1813/1
f 1211/1833/595 1200/1834/595 1199/1829/594 1197/1828/594
f 1201/1818/1 1199/1832/1 1200/1835/1 1202/1836/1
f 1202/1836/596 1203/1837/596 1191/1819/588 1201/1818/587
f 1204/1838/597 1206/1839/597 1203/1837/598 1202/1836/598
f 1202/1836/1 1200/1835/1 1207/1840/1 1204/1838/1
f 1205/1841/599 1229/1842/599 1206/1839/597 1204/1838/597
f 1207/1840/1 1208/1843/1 1205/1841/1 1204/1838/1
f 1210/1844/202 1208/1845/202 1207/1846/202 1209/1847/202
f 1209/1847/202 1207/1846/202 1200/1679/202 1211/1678/202
f 1209/1848/4 1212/1849/4 1214/1850/4 1210/1851/4
f 1215/1852/4 1212/1849/4 1209/1848/4 1211/1853/4
f 1213/1854/600 1212/1849/600 1215/1852/601 1216/1855/601
f 1217/1856/602 1214/1850/602 1212/1849/600 1213/1854/600
f 1216/1855/603 1215/1852/603 1195/1823/591 1193/1822/590
f 1195/1823/4 1215/1852/4 1211/1853/4 1197/1827/4
f 1193/1821/589 1191/1820/589 1203/1746/604 1216/1857/604
f 1216/1858/197 1203/1859/197 1206/1860/197 1213/1861/197
f 1219/1862/605 1218/1863/606 1214/1850/602 1217/1856/602
f 1210/1851/4 1214/1850/4 1218/1863/4 1221/1864/4
f 1231/1865/607 1220/1866/607 1218/1863/606 1219/1862/605
f 1221/1864/4 1218/1863/4 1220/1866/4 1222/1867/4
f 1222/1868/202 1224/1869/202 1223/1870/202 1221/1871/202
f 1221/1871/202 1223/1870/202 1208/1845/202 1210/1844/202
f 1223/1872/1 1224/1873/1 1226/1874/1 1225/1875/1
f 1208/1843/1 1223/1872/1 1225/1875/1 1205/1841/1
f 1226/1874/608 1228/1876/608 1227/1877/609 1225/1875/610
f 1225/1875/610 1227/1877/609 1229/1842/599 1205/1841/599
f 1219/1878/197 1227/1879/197 1228/1880/197 1231/1881/197
f 1217/1882/197 1229/1883/197 1227/1879/197 1219/1878/197
f 1213/1861/197 1206/1860/197 1229/1883/197 1217/1882/197
f 1240/1884/611 1230/1885/611 1228/1876/608 1226/1874/608
f 1231/1881/197 1228/1880/197 1230/1886/197 1232/1887/197
f 1232/1888/612 1234/1889/612 1220/1866/607 1231/1865/607
f 1233/1890/613 1235/1891/613 1234/1889/612 1232/1888/612
f 1232/1887/197 1230/1886/197 1243/1892/614 1233/1893/614
f 1236/1894/4 1234/1889/4 1235/1891/4 1237/1895/4
f 1222/1867/4 1220/1866/4 1234/1889/4 1236/1894/4
f 1237/1896/202 1239/1897/202 1238/1898/202 1236/1899/202
f 1236/1899/202 1238/1898/202 1224/1869/202 1222/1868/202
f 1238/1900/1 1239/1901/1 1241/1902/1 1240/1884/1
f 1224/1873/1 1238/1900/1 1240/1884/1 1226/1874/1
f 1241/1902/615 1243/1903/615 1230/1885/611 1240/1884/611
f 1242/1904/616 1244/1905/616 1243/1903/615 1241/1902/615
f 1239/1901/1 1252/1906/1 1242/1904/1 1241/1902/1
f 1233/1893/614 1243/1892/614 1244/442/617 1246/441/618
f 1255/1907/619 1245/1908/619 1244/1905/620 1242/1904/620
f 1246/1909/621 1244/1910/621 1245/1911/222 1247/1912/222
f 1247/1913/622 1249/1914/622 1248/1915/623 1246/1916/623
f 1246/1916/624 1248/1915/624 1235/1891/613 1233/1890/613
f 1250/1917/4 1248/1915/4 1249/1914/4 1251/1918/4
f 1237/1895/4 1235/1891/4 1248/1915/4 1250/1917/4
f 1251/1919/625 1253/1920/625 1252/1616/626 1250/1615/626
f 1250/639/202 1252/638/202 1239/1897/202 1237/1896/202
f 1252/1906/1 1253/1921/1 1255/1907/1 1242/1904/1
f 1264/1922/627 1254/1923/627 1253/1920/625 1251/1919/625
f 1253/1921/1 1254/1924/1 1256/1925/1 1255/1907/1
f 1256/1925/628 1258/1926/628 1245/1908/619 1255/1907/619
f 1257/1927/629 1259/1928/629 1258/1926/628 1256/1925/628
f 1254/1924/1 1267/1929/1 1257/1927/1 1256/1925/1
f 1260/1930/630 1258/1931/630 1259/1932/234 1261/1933/234
f 1247/1912/222 1245/1911/222 1258/1931/630 1260/1930/630
f 1261/1934/631 1263/1935/631 1262/1936/632 1260/1937/632
f 1260/1937/632 1262/1936/632 1249/1914/622 1247/1913/622
f 1264/1938/4 1262/1936/4 1263/1935/4 1265/1939/4
f 1251/1918/4 1249/1914/4 1262/1936/4 1264/1938/4
f 1265/1940/233 1267/1941/233 1254/1923/627 1264/1922/627
f 1266/1942/239 1268/1943/239 1267/1941/233 1265/1940/233
f 1265/1939/4 1263/1935/4 1276/1944/4 1266/1945/4
f 1267/1929/1 1268/1946/1 1270/1947/1 1257/1927/1
f 1279/1948/241 1269/1949/241 1268/1943/239 1266/1942/239
f 1268/1946/1 1269/1950/1 1271/1951/1 1270/1947/1
f 1271/1951/633 1273/1952/633 1272/1953/634 1270/1947/634
f 1270/1947/634 1272/1953/634 1259/1928/629 1257/1927/629
f 1274/1954/236 1272/1955/236 1273/1956/244 1275/1957/244
f 1261/1933/234 1259/1932/234 1272/1955/236 1274/1954/236
f 1275/1958/635 1277/1959/635 1276/1944/636 1274/1960/636
f 1274/1960/636 1276/1944/636 1263/1935/631 1261/1934/631
f 1266/1945/4 1276/1944/4 1277/1959/4 1279/1961/4
f 1288/1962/637 1278/1963/637 1277/1959/635 1275/1958/635
f 1279/1961/4 1277/1959/4 1278/1963/4 1280/1964/4
f 1280/1965/248 1282/1966/248 1269/1949/241 1279/1948/241
f 1281/1967/249 1283/1968/249 1282/1966/248 1280/1965/248
f 1280/1964/4 1278/1963/4 1291/1969/4 1281/1970/4
f 1282/1971/1 1283/1972/1 1285/1973/1 1284/1974/1
f 1269/1950/1 1282/1971/1 1284/1974/1 1271/1951/1
f 1285/1975/638 1287/1976/638 1286/1977/639 1284/1978/639
f 1284/1974/639 1286/1979/639 1273/1952/633 1271/1951/633
f 1288/1980/245 1286/1977/245 1287/1976/254 1289/1981/254
f 1275/1957/244 1273/1956/244 1286/1977/245 1288/1980/245
f 1289/1981/640 1291/1982/640 1278/1983/637 1288/1980/637
f 1290/1984/641 1292/1985/641 1291/1969/640 1289/1986/640
f 1289/1981/254 1287/1976/254 1300/1987/253 1290/1988/253
f 1281/1970/4 1291/1969/4 1292/1985/4 1294/1989/4
f 1303/1990/642 1293/1991/642 1292/1985/641 1290/1984/641
f 1294/1989/4 1292/1985/4 1293/1991/4 1295/1992/4
f 1295/1993/259 1297/1994/259 1296/1995/258 1294/1996/258
f 1294/1996/258 1296/1995/258 1283/1968/249 1281/1967/249
f 1296/1997/1 1297/1998/1 1299/1999/1 1298/2000/1
f 1283/1972/1 1296/1997/1 1298/2000/1 1285/1973/1
f 1299/1999/643 1301/2001/643 1300/2002/644 1298/2000/644
f 1298/2000/644 1300/2002/644 1287/2003/638 1285/1973/638
f 1290/1988/253 1300/1987/253 1301/2004/255 1303/2005/255
f 1312/2006/645 1302/2007/645 1301/2001/643 1299/1999/643
f 1303/2005/255 1301/2004/255 1302/2008/263 1304/2009/263
f 1304/2010/646 1306/2011/646 1293/1991/642 1303/1990/642
f 1305/2012/647 1307/2013/647 1306/2011/646 1304/2010/646
f 1304/2009/263 1302/2008/263 1315/2014/648 1305/2015/648
f 1308/2016/4 1306/2011/4 1307/2013/4 1309/2017/4
f 1295/1992/4 1293/1991/4 1306/2011/4 1308/2016/4
f 1309/2018/649 1311/2019/649 1310/2020/262 1308/2021/262
f 1308/2021/262 1310/2020/262 1297/1994/259 1295/1993/259
f 1310/2022/1 1311/2023/1 1313/2024/1 1312/2006/1
f 1297/1998/1 1310/2022/1 1312/2006/1 1299/1999/1
f 1313/2024/650 1315/2025/650 1302/2007/645 1312/2006/645
f 1314/2026/651 1316/2027/651 1315/2025/650 1313/2024/650
f 1311/2023/1 1324/2028/1 1314/2026/1 1313/2024/1
f 1305/364/648 1315/363/648 1316/2029/274 1318/2030/274
f 1327/2031/652 1317/2032/652 1316/2027/651 1314/2026/651
f 1318/2030/274 1316/2029/274 1317/2033/273 1319/2034/273
f 1319/2035/653 1321/2036/653 1320/2037/654 1318/2038/654
f 1318/2038/654 1320/2037/654 1307/2013/647 1305/2012/647
f 1322/2039/4 1320/2037/4 1321/2036/4 1323/2040/4
f 1309/2017/4 1307/2013/4 1320/2037/4 1322/2039/4
f 1323/2041/277 1325/2042/277 1324/2043/269 1322/2044/269
f 1322/2044/269 1324/2043/269 1311/2045/649 1309/635/649
f 1324/2028/1 1325/2046/1 1327/2031/1 1314/2026/1
f 1336/2047/278 1326/2048/278 1325/2042/277 1323/2041/277
f 1325/2046/1 1326/2049/1 1328/2050/1 1327/2031/1
f 1328/2050/655 1330/2051/655 1317/2032/652 1327/2031/652
f 1329/2052/656 1331/2053/656 1330/2051/655 1328/2050/655
f 1326/2049/1 1339/2054/1 1329/2052/1 1328/2050/1
f 1332/2055/283 1330/2056/283 1331/2057/282 1333/2058/282
f 1319/2034/273 1317/2033/273 1330/2056/283 1332/2055/283
f 1333/2059/657 1335/2060/657 1334/2061/658 1332/2062/658
f 1332/2062/658 1334/2061/658 1321/2036/653 1319/2035/653
f 1336/2063/4 1334/2061/4 1335/2060/4 1337/2064/4
f 1323/2040/4 1321/2036/4 1334/2061/4 1336/2063/4
f 1337/2065/281 1339/2066/281 1326/2048/278 1336/2047/278
f 1338/2067/287 1340/2068/287 1339/2066/281 1337/2065/281
f 1337/2064/4 1335/2060/4 1348/2069/4 1338/2070/4
f 1339/2054/1 1340/2071/1 1342/2072/1 1329/2052/1
f 1351/2073/289 1341/2074/289 1340/2068/287 1338/2067/287
f 1340/2071/1 1341/2075/1 1343/2076/1 1342/2072/1
f 1343/2076/659 1345/2077/659 1344/2078/660 1342/2072/660
f 1342/2072/660 1344/2078/660 1331/2053/656 1329/2052/656
f 1346/2079/284 1344/2080/284 1345/2081/292 1347/2082/292
f 1333/2058/282 1331/2057/282 1344/2080/284 1346/2079/284
f 1347/2083/661 1349/2084/661 1348/2069/662 1346/2085/662
f 1346/2085/662 1348/2069/662 1335/2060/657 1333/2059/657
f 1338/2070/4 1348/2069/4 1349/2084/4 1351/2086/4
f 1360/2087/663 1350/2088/663 1349/2084/661 1347/2083/661
f 1351/2086/4 1349/2084/4 1350/2088/4 1352/2089/4
f 1352/2090/664 1354/2091/664 1341/2074/289 1351/2073/289
f 1353/2092/297 1355/2093/297 1354/2091/664 1352/2090/664
f 1352/2089/4 1350/2088/4 1363/2094/4 1353/2095/4
f 1354/2096/1 1355/2097/1 1357/2098/1 1356/2099/1
f 1341/2075/1 1354/2096/1 1356/2099/1 1343/2076/1
f 1357/2098/665 1359/2100/665 1358/2101/666 1356/2099/666
f 1356/2099/666 1358/2101/666 1345/2077/659 1343/2076/659
f 1360/2102/667 1358/2103/667 1359/2104/302 1361/2105/302
f 1347/2082/292 1345/2081/292 1358/2103/667 1360/2102/667
f 1361/2106/668 1363/2094/668 1350/2088/663 1360/2087/663
f 1362/2107/669 1364/2108/669 1363/2094/668 1361/2106/668
f 1361/2105/302 1359/2104/302 1372/2109/301 1362/2110/301
f 1353/2095/4 1363/2094/4 1364/2108/4 1366/2111/4
f 1375/2112/670 1365/2113/670 1364/2108/669 1362/2107/669
f 1366/2111/4 1364/2108/4 1365/2113/4 1367/2114/4
f 1367/2115/307 1369/2116/307 1368/2117/306 1366/2118/306
f 1366/2118/306 1368/2117/306 1355/2093/297 1353/2092/297
f 1368/2119/1 1369/2120/1 1371/2121/1 1370/2122/1
f 1355/2097/1 1368/2119/1 1370/2122/1 1357/2098/1
f 1371/2121/671 1373/2123/671 1372/2124/672 1370/2122/672
f 1370/2122/672 1372/2124/672 1359/2100/665 1357/2098/665
f 1362/2110/301 1372/2109/301 1373/2125/303 1375/2126/303
f 1384/2127/673 1374/2128/673 1373/2123/671 1371/2121/671
f 1375/2126/303 1373/2125/303 1374/2129/311 1376/2130/311
f 1376/2131/674 1378/2132/674 1365/2113/670 1375/2112/670
f 1377/2133/675 1379/2134/675 1378/2132/674 1376/2131/674
f 1376/2130/311 1374/2129/311 1387/2135/676 1377/2136/676
f 1380/2137/4 1378/2132/4 1379/2134/4 1381/2138/4
f 1367/2114/4 1365/2113/4 1378/2132/4 1380/2137/4
f 1381/2139/677 1383/2140/677 1382/2141/678 1380/2142/678
f 1380/2142/678 1382/2141/678 1369/2116/307 1367/2115/307
f 1382/2143/1 1383/2144/1 1385/2145/1 1384/2127/1
f 1369/2120/1 1382/2143/1 1384/2127/1 1371/2121/1
f 1385/2145/679 1387/2146/679 1374/2128/673 1384/2127/673
f 1386/2147/680 1388/2148/680 1387/2146/679 1385/2145/679
f 1383/2144/1 1396/2149/1 1386/2147/1 1385/2145/1
f 1377/2136/676 1387/2135/676 1388/2150/324 1390/1053/324
f 1399/2151/681 1389/2152/682 1388/2148/683 1386/2147/683
f 1390/2153/684 1388/2154/684 1389/2155/685 1391/2156/685
f 1391/2157/686 1393/2158/687 1392/2159/688 1390/2160/688
f 1390/2160/689 1392/2159/689 1379/2134/675 1377/2133/675
f 1394/2161/4 1392/2159/4 1393/2158/4 1395/2162/4
f 1381/2138/4 1379/2134/4 1392/2159/4 1394/2161/4
f 1395/2163/690 1397/2164/690 1396/1414/691 1394/1413/691
f 1394/1432/317 1396/1431/317 1383/2140/677 1381/2139/677
f 1396/2149/1 1397/2165/1 1399/2151/1 1386/2147/1
f 1408/2166/344 1398/2167/344 1397/2164/690 1395/2163/690
f 1397/2165/1 1398/2168/1 1400/2169/1 1399/2151/1
f 1389/2152/682 1399/2151/681 1400/2169/692 1402/2170/693
f 1401/2171/694 1403/2172/694 1402/2170/693 1400/2169/692
f 1398/2168/1 1411/2173/1 1401/2171/1 1400/2169/1
f 1404/2174/331 1402/2175/331 1403/2176/330 1405/2177/330
f 1391/2156/685 1389/2155/685 1402/2175/331 1404/2174/331
f 1405/2178/695 1407/2179/695 1406/2180/696 1404/2181/697
f 1393/2158/687 1391/2157/686 1404/2181/697 1406/2180/696
f 1408/2182/4 1406/2180/4 1407/2179/4 1409/2183/4
f 1395/2162/4 1393/2158/4 1406/2180/4 1408/2182/4
f 1409/2184/343 1411/2185/343 1398/2167/344 1408/2166/344
f 1409/2183/4 1407/2179/4 1420/2186/4 1410/2187/4
f 1410/2188/341 1412/2189/341 1411/2185/343 1409/2184/343
f 1411/2173/1 1412/2190/1 1414/2191/1 1401/2171/1
f 1423/2192/342 1413/2193/342 1412/2189/341 1410/2188/341
f 1412/2190/1 1413/2194/1 1415/2195/1 1414/2191/1
f 1415/2195/698 1417/2196/698 1416/2197/699 1414/2191/699
f 1414/2198/699 1416/2199/699 1403/2176/694 1401/2200/694
f 1418/2201/700 1416/2199/700 1417/2202/337 1419/2203/337
f 1405/2177/330 1403/2176/330 1416/2199/700 1418/2201/700
f 1419/2204/701 1421/2205/701 1420/2186/702 1418/2206/702
f 1418/2201/702 1420/2207/702 1407/2208/695 1405/2177/695
f 1410/2187/4 1420/2186/4 1421/2205/4 1423/2209/4
f 1432/2210/703 1422/2211/703 1421/2205/701 1419/2204/701
f 1423/2209/4 1421/2205/4 1422/2211/4 1424/2212/4
f 1424/2213/346 1426/2214/346 1413/2193/342 1423/2192/342
f 1424/2212/4 1422/2211/4 1435/2215/4 1425/2216/4
f 1425/2217/349 1427/2218/349 1426/2214/346 1424/2213/346
f 1426/2219/1 1427/2220/1 1429/2221/1 1428/2222/1
f 1413/2194/1 1426/2219/1 1428/2222/1 1415/2195/1
f 1429/2221/704 1431/2223/704 1430/2224/705 1428/2222/705
f 1428/2222/705 1430/2224/705 1417/2196/698 1415/2195/698
f 1432/2225/706 1430/2226/706 1431/2227/350 1433/2228/350
f 1419/2203/337 1417/2202/337 1430/2226/706 1432/2225/706
f 1433/2229/707 1435/2215/707 1422/2211/703 1432/2210/703
f 1434/2230/708 1436/2231/708 1435/2215/707 1433/2229/707
f 1433/2228/350 1431/2227/350 1444/2232/360 1434/2233/360
f 1425/2216/4 1435/2215/4 1436/2231/4 1438/2234/4
f 1447/2235/709 1437/2236/709 1436/2231/708 1434/2230/708
f 1438/2234/4 1436/2231/4 1437/2236/4 1439/2237/4
f 1439/1631/356 1441/955/356 1440/2238/354 1438/2239/354
f 1438/2239/354 1440/2238/354 1427/2218/349 1425/2217/349
f 1440/2240/1 1441/2241/1 1443/2242/1 1442/2243/1
f 1427/2220/1 1440/2240/1 1442/2243/1 1429/2221/1
f 1443/2242/710 1445/2244/710 1444/2245/711 1442/2243/711
f 1442/2243/711 1444/2245/711 1431/2223/704 1429/2221/704
f 1434/2233/360 1444/2232/360 1445/2246/359 1447/2247/359
f 1456/2248/712 1446/2249/712 1445/2244/710 1443/2242/710
f 1447/2250/359 1445/2251/359 1446/2252/713 1448/2253/713
f 1448/2254/714 1450/2255/714 1437/2236/709 1447/2235/709
f 1449/2256/715 1451/2257/715 1450/2255/714 1448/2254/714
f 1448/2253/713 1446/2252/713 1459/2258/368 1449/2259/368
f 1452/2260/4 1450/2255/4 1451/2257/4 1453/2261/4
f 1439/2237/4 1437/2236/4 1450/2255/4 1452/2260/4
f 1453/1080/365 1455/2262/365 1454/2263/716 1452/1058/716
f 1452/1058/716 1454/2263/716 1441/526/356 1439/1059/356
f 1454/2264/1 1455/2265/1 1457/2266/1 1456/2248/1
f 1441/2241/1 1454/2264/1 1456/2248/1 1443/2242/1
f 1457/2266/717 1459/2267/717 1446/2249/712 1456/2248/712
f 1458/2268/718 1460/2269/718 1459/2267/717 1457/2266/717
f 1455/2265/1 1468/2270/1 1458/2268/1 1457/2266/1
f 1449/2259/368 1459/2258/368 1460/2271/369 1462/2272/369
f 1471/2273/719 1461/2274/719 1460/2269/718 1458/2268/718
f 1462/2272/369 1460/2271/369 1461/2275/370 1463/2276/370
f 1463/2277/720 1465/2278/720 1464/2279/721 1462/2280/721
f 1462/2280/721 1464/2279/721 1451/2257/715 1449/2256/715
f 1466/2281/4 1464/2279/4 1465/2278/4 1467/2282/4
f 1453/2261/4 1451/2257/4 1464/2279/4 1466/2281/4
f 1467/1088/374 1469/2283/374 1468/2284/373 1466/1084/373
f 1466/1084/373 1468/2284/373 1455/2262/365 1453/1080/365
f 1468/2270/1 1469/2285/1 1471/2273/1 1458/2268/1
f 1480/1107/382 1470/2286/382 1469/2283/374 1467/1088/374
f 1469/2285/1 1470/2287/1 1472/2288/1 1471/2273/1
f 1472/2289/722 1474/2290/722 1461/2275/719 1471/2291/719
f 1473/2292/723 1475/2293/723 1474/2294/722 1472/2288/722
f 1470/2287/1 1483/2295/1 1473/2292/1 1472/2288/1
f 1476/2296/378 1474/2290/378 1475/2297/379 1477/2298/379
f 1463/2276/370 1461/2275/370 1474/2290/378 1476/2296/378
f 1477/2299/724 1479/2300/724 1478/2301/725 1476/2302/725
f 1476/2296/725 1478/1118/725 1465/1120/720 1463/2276/720
f 1480/2303/4 1478/2301/4 1479/2300/4 1481/2304/4
f 1467/2282/4 1465/2278/4 1478/2301/4 1480/2303/4
f 1481/1111/383 1483/2305/383 1470/2286/382 1480/1107/382
f 1481/2304/4 1479/2300/4 1492/2306/4 1482/2307/4
f 1482/1134/386 1484/2308/386 1483/2305/383 1481/1111/383
f 1483/2295/1 1484/2309/1 1486/2310/1 1473/2292/1
f 1495/1133/399 1485/2311/399 1484/2308/386 1482/1134/386
f 1484/2309/1 1485/2312/1 1487/2313/1 1486/2310/1
f 1487/2313/726 1489/2314/726 1488/2315/727 1486/2310/727
f 1486/2310/727 1488/2315/727 1475/2293/723 1473/2292/723
f 1490/2316/389 1488/2317/389 1489/2318/728 1491/2319/728
f 1477/2298/379 1475/2297/379 1488/2317/389 1490/2316/389
f 1491/2320/729 1493/2321/729 1492/2306/730 1490/2322/730
f 1490/2322/730 1492/2306/730 1479/2300/724 1477/2299/724
f 1482/2307/4 1492/2306/4 1493/2321/4 1495/2323/4
f 1504/2324/731 1494/2325/731 1493/2321/729 1491/2320/729
f 1495/2323/4 1493/2321/4 1494/2325/4 1496/2326/4
f 1496/1157/394 1498/2327/394 1485/2311/399 1495/1133/399
f 1496/2326/4 1494/2325/4 1507/2328/4 1497/2329/4
f 1497/1156/394 1499/2330/394 1498/2327/394 1496/1157/394
f 1498/2331/1 1499/2332/1 1501/2333/1 1500/2334/1
f 1485/2312/1 1498/2331/1 1500/2334/1 1487/2313/1
f 1501/2333/732 1503/2335/732 1502/2336/733 1500/2334/733
f 1500/2334/733 1502/2336/733 1489/2314/726 1487/2313/726
f 1504/2337/397 1502/2338/397 1503/2339/397 1505/2340/397
f 1491/2319/728 1489/2318/728 1502/2338/397 1504/2337/397
f 1505/2341/734 1507/2328/734 1494/2325/731 1504/2324/731
f 1506/2342/731 1508/2343/731 1507/2328/734 1505/2341/734
f 1505/2340/397 1503/2339/397 1516/2344/397 1506/2345/397
f 1497/2329/4 1507/2328/4 1508/2343/4 1510/2346/4
f 1519/2347/729 1509/2348/729 1508/2343/731 1506/2342/731
f 1510/2346/4 1508/2343/4 1509/2348/4 1511/2349/4
f 1511/1179/399 1513/2350/399 1512/2351/394 1510/1180/394
f 1510/1180/394 1512/2351/394 1499/2330/394 1497/1156/394
f 1512/2352/1 1513/2353/1 1515/2354/1 1514/2355/1
f 1499/2332/1 1512/2352/1 1514/2355/1 1501/2333/1
f 1515/2354/726 1517/2356/726 1516/2357/733 1514/2355/733
f 1514/2355/733 1516/2357/733 1503/2335/732 1501/2333/732
f 1506/2345/397 1516/2344/397 1517/2358/388 1519/2359/388
f 1528/2360/727 1518/2361/727 1517/2356/726 1515/2354/726
f 1519/2359/388 1517/2358/388 1518/2362/389 1520/2363/389
f 1520/2364/730 1522/2365/730 1509/2348/729 1519/2347/729
f 1521/2366/735 1523/2367/735 1522/2365/730 1520/2364/730
f 1520/2363/389 1518/2362/389 1531/2368/379 1521/2369/379
f 1524/2370/4 1522/2365/4 1523/2367/4 1525/2371/4
f 1511/2349/4 1509/2348/4 1522/2365/4 1524/2370/4
f 1525/1202/383 1527/2372/383 1526/2373/386 1524/1184/386
f 1524/1184/386 1526/2373/386 1513/2350/399 1511/1179/399
f 1526/2374/1 1527/2375/1 1529/2376/1 1528/2360/1
f 1513/2353/1 1526/2374/1 1528/2360/1 1515/2354/1
f 1529/2376/736 1531/2377/736 1518/2361/727 1528/2360/727
f 1530/2378/723 1532/2379/723 1531/2377/736 1529/2376/736
f 1527/2375/1 1540/2380/1 1530/2378/1 1529/2376/1
f 1521/2369/379 1531/2368/379 1532/2381/379 1534/2382/379
f 1543/2383/727 1533/2384/727 1532/2379/723 1530/2378/723
f 1534/2382/379 1532/2381/379 1533/2385/402 1535/2386/402
f 1535/2387/730 1537/2388/730 1536/2389/724 1534/2390/724
f 1534/2390/724 1536/2389/724 1523/2367/735 1521/2366/735
f 1537/2388/4 1539/2391/4 1538/2392/4 1536/2389/4
f 1525/2371/4 1523/2367/4 1536/2389/4 1538/2392/4
f 1539/1210/737 1541/2393/737 1540/2394/383 1538/1206/383
f 1538/1206/383 1540/2394/383 1527/2372/383 1525/1202/383
f 1543/2383/1 1530/2378/1 1540/2380/1 1541/2395/1
f 1552/1222/737 1542/2396/737 1541/2393/737 1539/1210/737
f 1542/2397/1 1544/2398/1 1543/2383/1 1541/2395/1
f 1533/2384/727 1543/2383/727 1544/2398/726 1545/2399/726
f 1545/2399/726 1544/2398/726 1546/2400/723 1547/2401/723
f 1549/2402/1 1546/2400/1 1544/2398/1 1542/2397/1
f 1547/2401/723 1546/2400/723 1548/2403/736 1665/2404/736
f 1550/2405/1 1548/2403/1 1546/2400/1 1549/2402/1
f 1551/1224/738 1549/2406/738 1542/2396/737 1552/1222/737
f 1553/1241/739 1550/2407/739 1549/2406/738 1551/1224/738
f 1551/2408/4 1552/2409/4 1555/2410/4 1554/2411/4
f 1553/2412/4 1551/2408/4 1554/2411/4 1557/2413/4
f 1555/2410/729 1666/2414/729 1556/2415/724 1554/2411/724
f 1554/2411/724 1556/2415/724 1558/2416/735 1557/2413/735
f 1557/2413/735 1558/2416/735 1560/2417/740 1559/2418/740
f 1562/2419/4 1553/2412/4 1557/2413/4 1559/2418/4
f 1559/2418/740 1560/2417/740 1664/2420/741 1561/2421/741
f 1563/2422/4 1562/2419/4 1559/2418/4 1561/2421/4
f 1562/1243/742 1564/2423/742 1550/2407/739 1553/1241/739
f 1563/1257/742 1565/2424/742 1564/2423/742 1562/1243/742
f 1564/2425/1 1566/2426/1 1548/2403/1 1550/2405/1
f 1565/2427/1 1568/2428/1 1566/2426/1 1564/2425/1
f 1567/2429/743 1566/2426/743 1568/2428/744 1569/2430/744
f 1665/2404/736 1548/2403/736 1566/2426/743 1567/2429/743
f 1569/2430/744 1568/2428/744 1570/2431/743 1571/2432/743
f 1573/2433/1 1570/2431/1 1568/2428/1 1565/2427/1
f 1571/2432/743 1570/2431/743 1572/2434/736 1663/2435/736
f 1574/2436/1 1572/2434/1 1570/2431/1 1573/2433/1
f 1575/1259/742 1573/2437/742 1565/2424/742 1563/1257/742
f 1576/1273/739 1574/2438/739 1573/2437/742 1575/1259/742
f 1575/2439/4 1563/2422/4 1561/2421/4 1577/2440/4
f 1576/2441/4 1575/2439/4 1577/2440/4 1579/2442/4
f 1561/2421/741 1664/2420/741 1578/2443/740 1577/2440/740
f 1577/2440/740 1578/2443/740 1580/2444/735 1579/2442/735
f 1579/2442/735 1580/2444/735 1582/2445/724 1581/2446/724
f 1584/2447/4 1576/2441/4 1579/2442/4 1581/2446/4
f 1581/2446/724 1582/2445/724 1662/2448/730 1583/2449/730
f 1585/2450/4 1584/2447/4 1581/2446/4 1583/2449/4
f 1584/1275/738 1586/2451/738 1574/2438/739 1576/1273/739
f 1585/1288/737 1587/2452/737 1586/2451/738 1584/1275/738
f 1586/2453/1 1588/2454/1 1572/2434/1 1574/2436/1
f 1587/2455/1 1590/2456/1 1588/2454/1 1586/2453/1
f 1589/2457/723 1588/2454/723 1590/2456/727 1591/2458/727
f 1663/2435/736 1572/2434/736 1588/2454/723 1589/2457/723
f 1591/2458/727 1590/2456/727 1592/2459/745 1593/2460/745
f 1595/2461/1 1592/2459/1 1590/2456/1 1587/2455/1
f 1593/2462/745 1592/2463/745 1594/2464/746 1661/2465/746
f 1596/2466/1 1594/2467/1 1592/2459/1 1595/2461/1
f 1597/1290/747 1595/2468/747 1587/2452/737 1585/1288/737
f 1598/1307/748 1596/2469/748 1595/2468/747 1597/1290/747
f 1597/2470/4 1585/2450/4 1583/2449/4 1599/2471/4
f 1598/2472/4 1597/2470/4 1599/2471/4 1601/2473/4
f 1583/2449/730 1662/2448/730 1600/2474/749 1599/2471/749
f 1599/1317/749 1600/2475/749 1602/2476/750 1601/1318/750
f 1601/2473/750 1602/2477/750 1604/2478/751 1603/2479/751
f 1606/2480/4 1598/2472/4 1601/2473/4 1603/2479/4
f 1603/2479/751 1604/2478/751 1660/2481/752 1605/2482/752
f 1607/2483/4 1606/2480/4 1603/2479/4 1605/2482/4
f 1606/1309/753 1608/2484/753 1596/2469/748 1598/1307/748
f 1607/1327/754 1609/2485/754 1608/2484/753 1606/1309/753
f 1608/2486/1 1610/2487/1 1594/2467/1 1596/2466/1
f 1609/2488/1 1612/2489/1 1610/2487/1 1608/2486/1
f 1611/2490/755 1610/2487/755 1612/2489/756 1613/2491/756
f 1661/2492/746 1594/2467/746 1610/2487/755 1611/2490/755
f 1613/2491/756 1612/2489/756 1614/2493/757 1615/2494/757
f 1617/2495/1 1614/2493/1 1612/2489/1 1609/2488/1
f 1615/2494/757 1614/2493/757 1616/2496/758 1659/2497/758
f 1618/2498/1 1616/2496/1 1614/2493/1 1617/2495/1
f 1619/1329/759 1617/2499/759 1609/2485/754 1607/1327/754
f 1620/966/760 1618/965/760 1617/2499/759 1619/1329/759
f 1619/2500/4 1607/2483/4 1605/2482/4 1621/2501/4
f 1620/2502/4 1619/2500/4 1621/2501/4 1623/2503/4
f 1605/2482/752 1660/2481/752 1622/2504/761 1621/2501/761
f 1621/2501/761 1622/2504/761 1624/2505/762 1623/2503/762
f 1623/2503/762 1624/2505/762 1626/2506/763 1625/2507/763
f 1628/2508/4 1620/2502/4 1623/2503/4 1625/2507/4
f 1625/2507/763 1626/2506/763 1658/2509/764 1627/2510/764
f 1629/2511/4 1628/2508/4 1625/2507/4 1627/2510/4
f 1628/2512/765 1630/2513/765 1618/2019/760 1620/2018/760
f 1629/2514/766 1631/2515/766 1630/2513/765 1628/2512/765
f 1630/2516/1 1632/2517/1 1616/2496/1 1618/2498/1
f 1631/2518/1 1634/2519/1 1632/2517/1 1630/2516/1
f 1633/2520/767 1632/2517/767 1634/2519/768 1635/2521/768
f 1659/2497/758 1616/2496/758 1632/2517/767 1633/2520/767
f 1635/2521/768 1634/2519/768 1636/2522/769 1637/2523/769
f 1639/2524/1 1636/2522/1 1634/2519/1 1631/2518/1
f 1637/2523/769 1636/2522/769 1638/2525/770 1656/2526/770
f 1640/2527/1 1638/2525/1 1636/2522/1 1639/2524/1
f 1641/2528/771 1639/2529/771 1631/2515/766 1629/2514/766
f 1642/2530/772 1640/2531/772 1639/2529/771 1641/2528/771
f 1641/2532/4 1629/2511/4 1627/2510/4 1643/2533/4
f 1642/2534/4 1641/2532/4 1643/2533/4 1645/2535/4
f 1627/2510/764 1658/2509/764 1644/2536/773 1643/2533/773
f 1643/2533/773 1644/2536/773 1646/2537/774 1645/2535/774
f 1645/2535/774 1646/2537/774 1648/2538/775 1647/2539/775
f 1649/2540/4 1642/2534/4 1645/2535/4 1647/2539/4
f 1647/2541/775 1648/2542/775 265/273/10 263/2543/10
f 1650/272/4 1649/2540/4 1647/2539/4 263/270/4
f 1649/2544/776 1651/2545/776 1640/2531/772 1642/2530/772
f 1650/2546/777 1652/2547/777 1651/2545/776 1649/2544/776
f 1651/2548/1 1653/2549/1 1638/2525/1 1640/2527/1
f 1652/2550/1 1655/280/1 1653/2549/1 1651/2548/1
f 1654/2551/778 1653/2552/778 1655/2553/14 267/274/14
f 1656/2526/770 1638/2525/770 1653/2549/778 1654/2554/778
f 1657/2555/1 268/281/1 1655/280/1 1652/2550/1
f 1646/2556/439 1656/2557/439 1654/2551/440 1648/2542/440
f 1648/2542/440 1654/2551/440 267/274/11 265/273/11
f 1644/2558/434 1637/2559/434 1656/2557/439 1646/2556/439
f 257/264/5 1657/263/5 1652/2547/777 1650/2546/777
f 258/2560/1 270/283/1 268/281/1 1657/2555/1
f 1658/2561/433 1635/2562/433 1637/2559/434 1644/2558/434
f 1626/2563/428 1633/2564/428 1635/2562/433 1658/2561/433
f 1624/2565/427 1659/2566/427 1633/2564/428 1626/2563/428
f 1622/2567/779 1615/2568/779 1659/2569/427 1624/2570/427
f 1660/2571/421 1613/2572/421 1615/2568/779 1622/2567/779
f 1604/2573/416 1611/2574/416 1613/2572/421 1660/2571/421
f 1602/2476/415 1661/2465/415 1611/2574/416 1604/2573/416
f 1600/2475/411 1593/2462/411 1661/2465/415 1602/2476/415
f 1662/2575/402 1591/2576/402 1593/2462/411 1600/2475/411
f 1582/2577/403 1589/2578/403 1591/2576/402 1662/2575/402
f 1580/2579/780 1663/2580/780 1589/2578/403 1582/2577/403
f 1578/2581/406 1571/2582/406 1663/2580/780 1580/2579/780
f 1664/2583/406 1569/2584/406 1571/2582/406 1578/2581/406
f 1560/2585/406 1567/2586/406 1569/2584/406 1664/2583/406
f 1558/2587/405 1665/2588/405 1567/2586/406 1560/2585/406
f 1556/2589/403 1547/2590/403 1665/2588/405 1558/2587/405
f 1666/2591/402 1545/2592/402 1547/2590/403 1556/2589/403
f 1537/2388/730 1535/2387/730 1666/2414/729 1555/2410/729
f 1535/2386/402 1533/2385/402 1545/2592/402 1666/2591/402
f 1552/2409/4 1539/2391/4 1537/2388/4 1555/2410/4
f 1667/2593/781 1132/2594/781 1134/1783/577 1141/1782/577
f 1123/2595/782 1130/2596/782 1132/2594/781 1667/2593/781
f 1121/2597/783 1668/2598/783 1130/2596/782 1123/2595/782
f 1119/2599/784 1112/2600/784 1668/2598/783 1121/2597/783
f 1669/2601/785 1110/2602/785 1112/2600/784 1119/2599/784
f 1101/1857/786 1108/1746/786 1110/2602/785 1669/2601/785
f 1099/2603/787 1670/2604/787 1108/2605/787 1101/525/787
f 1097/2606/787 1090/2607/787 1670/2604/787 1099/2603/787
f 1671/2608/787 1088/2609/787 1090/2607/787 1097/2606/787
f 1079/2610/787 1086/2611/787 1088/2609/787 1671/2608/787
f 1077/2612/787 1672/2613/787 1086/2611/787 1079/2610/787
f 1075/2614/788 1068/2615/788 1672/2613/787 1077/2612/787
f 1673/703/789 1066/702/790 1068/2615/788 1075/2614/788
f 1057/2616/791 1064/2617/791 1066/2618/792 1673/2619/792
f 1055/2620/793 1674/2621/793 1064/2617/791 1057/2616/791
f 1053/2622/794 1046/2623/794 1674/2621/793 1055/2620/793
f 1675/2624/795 1044/2625/795 1046/2623/794 1053/2622/794
f 1035/2626/796 1042/2627/796 1044/2625/795 1675/2624/795
f 1033/1571/797 1676/1557/797 1042/2627/796 1035/2626/796
f 1031/1570/798 1024/1554/798 1676/1557/797 1033/1571/797
f 1677/2628/799 1022/2629/799 1024/1554/798 1031/1570/798
f 1013/2630/800 1020/2631/800 1022/2629/799 1677/2628/799
f 1011/2632/801 1678/2633/801 1020/2631/800 1013/2630/800
f 1009/2015/802 1002/2014/802 1678/2633/801 1011/2632/801
f 1679/2634/803 1000/2635/803 1002/831/802 1009/830/802
f 991/2636/804 998/2637/804 1000/2635/803 1679/2634/803
f 989/2638/805 1680/2639/805 998/2637/804 991/2636/804
f 987/2640/806 980/2641/806 1680/2639/805 989/2638/805
f 1681/2642/807 978/2643/807 980/2641/806 987/2640/806
f 969/2644/808 976/2645/808 978/2643/807 1681/2642/807
f 967/2646/809 1682/2647/809 976/2645/808 969/2644/808
f 965/2648/810 958/2649/810 1682/2647/809 967/2646/809
f 1683/2650/811 956/2651/811 958/2649/810 965/2648/810
f 947/2652/812 954/2653/812 956/2651/811 1683/2650/811
f 945/2654/813 1684/2655/813 954/2653/812 947/2652/812
f 943/2656/814 936/2657/814 1684/2655/813 945/2654/813
f 1685/480/815 934/479/815 936/2657/814 943/2656/814
f 925/2658/816 932/2659/816 934/1910/817 1685/1909/817
f 923/2660/5 1686/2661/5 932/2659/816 925/2658/816
f 921/1403/777 914/1386/777 1686/2661/5 923/2660/5
f 1687/1402/818 912/1383/818 914/1386/777 921/1403/777
f 903/2662/772 910/2663/772 912/1383/818 1687/1402/818
f 901/2664/819 1688/2665/819 910/2663/772 903/2662/772
f 899/2666/766 892/2667/766 1688/2665/819 901/2664/819
f 1689/2668/765 890/2669/765 892/2667/766 899/2666/766
f 881/1045/760 888/1044/760 890/2669/765 1689/2668/765
f 879/2670/820 1690/2671/820 888/2672/760 881/2673/760
f 877/2674/754 870/2675/754 1690/2671/820 879/2670/820
f 1691/2676/753 868/2677/753 870/2675/754 877/2674/754
f 859/1298/748 866/1319/748 868/2677/753 1691/2676/753
f 857/1297/747 1692/1316/747 866/1319/748 859/1298/748
f 855/2678/737 848/2679/737 1692/1316/747 857/1297/747
f 1693/2680/738 846/2681/738 848/2679/737 855/2678/737
f 837/2682/821 844/2683/821 846/2681/738 1693/2680/738
f 835/2684/742 1694/2685/742 844/2683/821 837/2682/821
f 833/2686/742 826/2687/742 1694/2685/742 835/2684/742
f 1695/2688/742 824/2689/742 826/2687/742 833/2686/742
f 815/2690/739 822/2691/739 824/2689/742 1695/2688/742
f 813/2692/738 1696/2693/738 822/2691/739 815/2690/739
f 811/2694/737 802/2695/737 1696/2693/738 813/2692/738
f 1697/2696/737 800/2697/737 802/2695/737 811/2694/737
f 1699/1203/384 1698/2698/384 1697/1231/385 810/1227/385
f 1698/2699/383 798/2700/383 800/2697/737 1697/2696/737
f 1698/2698/384 1699/1203/384 790/1196/401 788/1195/401
f 788/1194/383 786/1193/383 798/2700/383 1698/2699/383
f 1699/1203/4 810/1227/4 807/1226/4 793/1204/4
f 1700/2701/690 661/2702/690 664/1016/344 670/1015/344
f 651/2247/691 649/2246/691 661/2702/690 1700/2701/690
f 420/635/163 424/2045/163 1701/2703/577 1703/2704/577
f 424/562/1 407/533/1 1704/515/1 1701/2705/1
f 1703/2704/577 1701/2703/577 1702/2706/781 1705/2707/781
f 1701/2705/1 1704/515/1 397/511/1 1702/2708/1
f 1703/2709/4 1705/2710/4 400/519/4 402/522/4
f 420/559/4 1703/2709/4 402/522/4 404/524/4
f 1705/2707/781 1702/2706/781 1708/2711/782 1706/2712/782
f 1705/2710/4 1706/2713/4 1709/504/4 400/519/4
f 1706/2712/782 1708/2711/782 1710/2714/783 1707/2715/783
f 1706/2713/4 1707/2716/4 390/500/4 1709/504/4
f 1708/2717/1 395/509/1 393/507/1 1710/2718/1
f 1702/2708/1 397/511/1 395/509/1 1708/2717/1
f 1707/2715/783 1710/2714/783 1711/2719/784 1713/2720/784
f 1710/2718/1 393/507/1 1714/491/1 1711/2721/1
f 1713/2720/784 1711/2719/784 1712/2722/822 1715/2723/822
f 1711/2721/1 1714/491/1 383/485/1 1712/2724/1
f 1713/2725/4 1715/2726/4 386/495/4 388/498/4
f 1707/2716/4 1713/2725/4 388/498/4 390/500/4
f 1715/2723/822 1712/2722/822 1718/2727/823 1716/588/823
f 386/495/4 1715/2726/4 1716/2728/4 1719/478/4
f 1716/2729/787 1718/2730/787 1720/2731/787 1717/2732/787
f 1719/478/4 1716/2728/4 1717/2733/4 376/474/4
f 381/483/1 379/481/1 1720/2734/1 1718/2735/1
f 383/485/1 381/483/1 1718/2735/1 1712/2724/1
f 1717/2732/787 1720/2731/787 1721/2736/787 1723/2737/787
f 1720/2734/1 379/481/1 1724/465/1 1721/2738/1
f 1723/2737/787 1721/2736/787 1722/2739/787 1725/2740/787
f 1721/2738/1 1724/465/1 369/461/1 1722/2741/1
f 1723/2742/4 1725/2743/4 372/469/4 374/472/4
f 1717/2733/4 1723/2742/4 374/472/4 376/474/4
f 1725/2740/787 1722/2739/787 1728/2744/787 1726/2745/787
f 1725/2743/4 1726/2746/4 1729/454/4 372/469/4
f 1726/2745/787 1728/2744/787 1730/2747/787 1727/2748/787
f 1726/2746/4 1727/2749/4 362/450/4 1729/454/4
f 1728/2750/1 367/459/1 365/457/1 1730/2751/1
f 1722/2741/1 369/461/1 367/459/1 1728/2750/1
f 1727/2748/787 1730/2747/787 1731/2752/787 1733/2753/787
f 1730/2751/1 365/457/1 1734/439/1 1731/2754/1
f 1733/2753/787 1731/2752/787 1732/968/787 1735/967/787
f 1731/2754/1 1734/439/1 355/435/1 1732/2755/1
f 1733/2756/4 1735/2757/4 358/445/4 360/448/4
f 1727/2749/4 1733/2756/4 360/448/4 362/450/4
f 1735/2758/824 1732/2759/824 1738/2760/791 1736/2761/791
f 1735/2757/4 1736/2762/4 1739/428/4 358/445/4
f 1736/2761/791 1738/2760/791 1740/2763/825 1737/2764/825
f 1736/2762/4 1737/2765/4 348/424/4 1739/428/4
f 1738/2766/1 353/433/1 351/431/1 1740/2767/1
f 1732/2755/1 355/435/1 353/433/1 1738/2766/1
f 1737/2764/825 1740/2763/825 1741/2768/794 1743/2769/794
f 1740/2767/1 351/431/1 1744/415/1 1741/2770/1
f 1743/2769/794 1741/2768/794 1742/2771/795 1745/2772/795
f 1741/2770/1 1744/415/1 341/411/1 1742/2773/1
f 1743/2774/4 1745/2775/4 344/419/4 346/422/4
f 1737/2765/4 1743/2774/4 346/422/4 348/424/4
f 1745/2772/795 1742/2771/795 1748/2776/796 1746/2777/796
f 1745/2775/4 1746/2778/4 1749/402/4 344/419/4
f 1746/2777/796 1748/2776/796 1750/2779/797 1747/2780/797
f 1746/2778/4 1747/2781/4 334/399/4 1749/402/4
f 1748/2782/1 339/409/1 337/408/1 1750/2783/1
f 1742/2773/1 341/411/1 339/409/1 1748/2782/1
f 1747/2780/797 1750/2779/797 1751/2784/798 1753/2785/798
f 1750/2783/1 337/408/1 1754/387/1 1751/2786/1
f 1753/2785/798 1751/2784/798 1752/2787/799 1755/2788/799
f 1751/2786/1 1754/387/1 327/383/1 1752/2789/1
f 1753/2790/4 1755/2791/4 330/391/4 332/394/4
f 1747/2781/4 1753/2790/4 332/394/4 334/399/4
f 1755/2788/799 1752/2787/799 1758/2792/800 1756/2793/800
f 1755/2791/4 1756/2794/4 1759/376/4 330/391/4
f 1756/2793/800 1758/2792/800 1760/2795/801 1757/2796/801
f 1756/2794/4 1757/2797/4 320/370/4 1759/376/4
f 1758/2798/1 325/381/1 323/379/1 1760/2799/1
f 1752/2789/1 327/383/1 325/381/1 1758/2798/1
f 1757/2796/801 1760/2795/801 1761/1834/826 1763/1833/826
f 1760/2799/1 323/379/1 1764/361/1 1761/2800/1
f 1763/714/826 1761/713/826 1762/2801/803 1765/2802/803
f 1761/2800/1 1764/361/1 313/357/1 1762/2803/1
f 1763/2804/4 1765/2805/4 316/365/4 318/368/4
f 1757/2797/4 1763/2804/4 318/368/4 320/370/4
f 1765/2802/803 1762/2801/803 1768/2806/804 1766/2807/804
f 1765/2805/4 1766/2808/4 1769/350/4 316/365/4
f 1766/2807/804 1768/2806/804 1770/2809/805 1767/2810/805
f 1766/2808/4 1767/2811/4 306/346/4 1769/350/4
f 1768/2812/1 311/355/1 309/353/1 1770/2813/1
f 1762/2803/1 313/357/1 311/355/1 1768/2812/1
f 1767/2810/805 1770/2809/805 1771/2814/806 1773/2815/806
f 1770/2813/1 309/353/1 1774/337/1 1771/2816/1
f 1773/2815/806 1771/2814/806 1772/2817/807 1775/2818/807
f 1771/2816/1 1774/337/1 299/333/1 1772/2819/1
f 1773/2820/4 1775/2821/4 302/341/4 304/344/4
f 1767/2811/4 1773/2820/4 304/344/4 306/346/4
f 1775/2818/807 1772/2817/807 1778/2822/808 1776/2823/808
f 1775/2821/4 1776/2824/4 1779/326/4 302/341/4
f 1776/2823/808 1778/2822/808 1780/2825/827 1777/2826/827
f 1776/2824/4 1777/2827/4 292/322/4 1779/326/4
f 1778/2828/1 297/331/1 295/329/1 1780/2829/1
f 1772/2819/1 299/333/1 297/331/1 1778/2828/1
f 1777/2826/827 1780/2825/827 1781/2830/810 1783/2831/810
f 1780/2829/1 295/329/1 1784/313/1 1781/2832/1
f 1783/2831/810 1781/2830/810 1782/2833/811 1785/2834/811
f 1781/2832/1 1784/313/1 285/309/1 1782/2835/1
f 1783/2836/4 1785/2837/4 288/317/4 290/320/4
f 1777/2827/4 1783/2836/4 290/320/4 292/322/4
f 1785/2834/811 1782/2833/811 1788/2838/812 1786/2839/812
f 1785/2837/4 1786/2840/4 1789/302/4 288/317/4
f 1786/2839/812 1788/2838/812 1790/2841/813 1787/2842/813
f 1786/2840/4 1787/2843/4 278/298/4 1789/302/4
f 1788/2844/1 283/307/1 281/305/1 1790/2845/1
f 1782/2835/1 285/309/1 283/307/1 1788/2844/1
f 1787/2842/813 1790/2841/813 1791/2846/828 1793/2847/828
f 1790/2845/1 281/305/1 1794/289/1 1791/2848/1
f 1793/2847/828 1791/2846/828 1792/966/815 256/1342/815
f 1791/2848/1 1794/289/1 272/285/1 1792/2849/1
f 1793/2850/4 256/259/4 261/262/4 276/296/4
f 1787/2843/4 1793/2850/4 276/296/4 278/298/4
f 1792/2849/1 272/285/1 270/283/1 258/2560/1
f 1795/2851/829 1798/2852/829 1801/2853/829 1796/2854/829
f 1796/2855/830 1830/2856/830 1797/2857/830 1795/2858/830
f 1797/2859/4 1800/2860/4 1798/2861/4 1795/2862/4
f 1803/2863/831 1802/2864/831 1798/2861/831 1799/2865/831
f 1800/2860/4 1815/2866/4 1799/2865/4 1798/2861/4
f 1802/2867/832 1804/2868/832 1801/2869/832 1798/2870/832
f 1802/2864/4 1803/2863/4 1806/2871/4 1805/2872/4
f 1804/2868/830 1802/2867/830 1805/2873/830 1807/2874/830
f 1805/2875/829 1806/2876/829 1808/2877/829 1807/2878/829
f 1809/2879/1 1804/2880/1 1807/2881/1 1808/2882/1
f 1803/2883/833 1809/2884/833 1808/2874/833 1806/2873/833
f 1804/2880/834 1809/2879/834 1810/2885/834 1801/2886/834
f 1809/2884/835 1803/2883/835 1799/2887/835 1810/2888/835
f 1810/2885/1 1811/2889/1 1813/2890/1 1812/2866/1
f 1799/2891/829 1817/2892/829 1811/2893/829 1810/2894/829
f 1801/2886/1 1810/2885/1 1812/2866/1 1814/2860/1
f 1812/2895/836 1813/2896/836 1816/2854/836 1815/2897/836
f 1814/2898/836 1812/2895/836 1815/2897/836 1800/2899/836
f 1815/2866/4 1816/2890/4 1817/2900/4 1799/2865/4
f 1816/2901/837 1813/2902/837 1819/2903/837 1818/2904/837
f 1817/2905/838 1816/2901/838 1818/2904/838 1820/2857/838
f 1818/2906/836 1819/2907/836 1822/2908/836 1821/2909/836
f 1820/2910/4 1818/2911/4 1821/2912/4 1823/2913/4
f 1821/2857/839 1822/2904/839 1825/2914/840 1824/2915/841
f 1823/2916/842 1821/2857/842 1824/2915/841 1826/2917/843
f 1825/2914/840 1827/2918/844 1826/2917/843 1824/2915/841
f 1828/2919/845 1823/2916/845 1826/2917/843 1827/2918/844
f 1822/2904/846 1828/2919/846 1827/2918/844 1825/2914/840
f 1829/2909/829 1820/2908/829 1823/2911/829 1828/2910/829
f 1819/2920/1 1829/2921/1 1828/2922/1 1822/2923/1
f 1811/2924/847 1817/2905/847 1820/2857/847 1829/2925/847
f 1813/2902/848 1811/2924/848 1829/2925/848 1819/2903/848
f 1796/2926/1 1801/2886/1 1814/2860/1 1830/2859/1
f 1830/2927/836 1814/2898/836 1800/2899/836 1797/2928/836
f 1831/2929/836 1832/2852/836 1837/2851/836 1834/2920/836
f 1832/2930/830 1831/2931/830 1833/2932/830 1866/2933/830
f 1833/2934/4 1831/2935/4 1834/2936/4 1836/2937/4
f 1839/2938/849 1835/2939/849 1834/2936/849 1838/2940/849
f 1836/2937/4 1834/2936/4 1835/2939/4 1851/2941/4
f 1838/2942/850 1834/2943/850 1837/2944/850 1840/2945/850
f 1838/2940/4 1841/2946/4 1842/2947/4 1839/2938/4
f 1840/2945/830 1843/2948/830 1841/2949/830 1838/2942/830
f 1841/2950/836 1843/2951/836 1844/2952/836 1842/2858/836
f 1845/2953/1 1844/2947/1 1843/2946/1 1840/2954/1
f 1839/2955/833 1842/2956/833 1844/2957/833 1845/2958/833
f 1840/2954/851 1837/2959/851 1846/2960/851 1845/2953/851
f 1845/2958/852 1846/2857/852 1835/2856/852 1839/2955/852
f 1846/2960/1 1848/2961/1 1849/2962/1 1847/2963/1
f 1835/2870/836 1846/2869/836 1847/2893/836 1853/2892/836
f 1837/2959/1 1850/2964/1 1848/2961/1 1846/2960/1
f 1848/2961/829 1851/2965/829 1852/2927/829 1849/2962/829
f 1850/2964/829 1836/2966/829 1851/2965/829 1848/2961/829
f 1851/2941/4 1835/2939/4 1853/2967/4 1852/2968/4
f 1852/2969/847 1854/2970/847 1855/2971/847 1849/2972/847
f 1853/2973/838 1856/2921/838 1854/2970/838 1852/2969/838
f 1854/2974/829 1857/2923/829 1858/2922/829 1855/2975/829
f 1856/2912/4 1859/2877/4 1857/2976/4 1854/2913/4
f 1857/2977/845 1860/2978/843 1861/2979/844 1858/2894/845
f 1859/2971/842 1862/2980/841 1860/2978/843 1857/2977/842
f 1861/2979/844 1860/2978/843 1862/2980/841 1863/2981/840
f 1864/2982/839 1863/2981/840 1862/2980/841 1859/2971/839
f 1858/2894/846 1861/2979/844 1863/2981/840 1864/2982/846
f 1865/2906/836 1864/2974/836 1859/2975/836 1856/2907/836
f 1855/2877/1 1858/2916/1 1864/2919/1 1865/2976/1
f 1847/2983/837 1865/2977/837 1856/2921/837 1853/2973/837
f 1849/2972/848 1855/2971/848 1865/2977/848 1847/2983/848
f 1832/2984/1 1866/2985/1 1850/2964/1 1837/2959/1
f 1866/2985/829 1833/2896/829 1836/2966/829 1850/2964/829
f 1867/2986/853 1868/2987/854 1871/2988/854 1870/2989/853
f 1868/2990/836 1867/2991/836 1869/2992/836 1875/2993/836
f 1871/2994/829 1873/2995/829 1872/2996/829 1870/2997/829
f 1875/2998/855 1869/2999/856 1872/3000/856 1873/3001/855
f 1876/3002/857 1875/2998/855 1873/3001/855 1874/3003/857
f 1880/3004/829 1874/3005/829 1873/2995/829 1871/2994/829
f 1878/3006/836 1868/2990/836 1875/2993/836 1876/3007/836
f 1877/3008/858 1876/3002/857 1874/3003/857 1883/3009/858
f 1879/3010/836 1878/3006/836 1876/3007/836 1877/3011/836
f 1868/2987/854 1878/3012/859 1880/3013/859 1871/2988/854
f 1878/3012/859 1879/3014/860 1881/3015/860 1880/3013/859
f 1881/3016/829 1883/3017/829 1874/3005/829 1880/3004/829
f 1879/3014/860 1888/3018/861 1882/3019/861 1881/3015/860
f 1882/3020/829 1884/3021/829 1883/3017/829 1881/3016/829
f 1886/3022/862 1877/3008/858 1883/3009/858 1884/3023/862
f 1887/3024/863 1886/3022/862 1884/3023/862 1885/3025/863
f 1891/3026/829 1885/3027/829 1884/3021/829 1882/3020/829
f 1888/3028/836 1879/3010/836 1877/3011/836 1886/3029/836
f 1889/3030/836 1888/3028/836 1886/3029/836 1887/3031/836
f 1888/3018/861 1889/3032/864 1891/3033/864 1882/3019/861
f 1889/3032/864 1890/3034/865 1892/3035/865 1891/3033/864
f 1890/3036/836 1889/3030/836 1887/3031/836 1896/3037/836
f 1892/3038/829 1894/3039/829 1885/3027/829 1891/3026/829
f 1890/3040/865 1899/3041/866 1893/3042/866 1892/3043/865
f 1893/3044/829 1895/3045/829 1894/3039/829 1892/3038/829
f 1896/3046/867 1887/3024/863 1885/3025/863 1894/3047/867
f 1897/3048/868 1896/3049/867 1894/3050/867 1895/3051/868
f 1899/3052/836 1890/3036/836 1896/3037/836 1897/3053/836
f 1898/3054/869 1897/3048/868 1895/3051/868 1904/3055/869
f 1900/3056/836 1899/3052/836 1897/3053/836 1898/3057/836
f 1899/3041/866 1900/3058/870 1902/3059/870 1893/3042/866
f 1900/3058/870 1901/3060/871 1903/3061/871 1902/3059/870
f 1901/3062/836 1900/3056/836 1898/3057/836 1907/3063/836
f 1902/3064/829 1904/3065/829 1895/3045/829 1893/3044/829
f 1903/3066/829 1905/3067/829 1904/3065/829 1902/3064/829
f 1907/3068/872 1898/3054/869 1904/3055/869 1905/3069/872
f 1908/3070/873 1907/3068/872 1905/3069/872 1906/3071/873
f 1912/3072/829 1906/3073/829 1905/3067/829 1903/3066/829
f 1910/3074/836 1901/3062/836 1907/3063/836 1908/3075/836
f 1909/3076/874 1908/3070/873 1906/3071/873 1915/3077/874
f 1911/3078/836 1910/3074/836 1908/3075/836 1909/3079/836
f 1901/3060/871 1910/3080/875 1912/3081/875 1903/3061/871
f 1910/3080/875 1911/3082/876 1913/3083/876 1912/3081/875
f 1913/3084/829 1915/3085/829 1906/3073/829 1912/3072/829
f 1911/3082/876 1920/3086/877 1914/3087/877 1913/3083/876
f 1914/3088/829 1916/3089/829 1915/3085/829 1913/3084/829
f 1918/3090/878 1909/3076/874 1915/3077/874 1916/3091/878
f 1919/3092/879 1918/3090/878 1916/3091/878 1917/3093/879
f 1923/3094/829 1917/3095/829 1916/3089/829 1914/3088/829
f 1920/3096/836 1911/3078/836 1909/3079/836 1918/3097/836
f 1921/3098/836 1920/3096/836 1918/3097/836 1919/3099/836
f 1920/3086/877 1921/3100/880 1923/3101/880 1914/3087/877
f 1921/3100/880 1922/3102/881 1924/3103/881 1923/3101/880
f 1922/3104/836 1921/3098/836 1919/3099/836 1928/3105/836
f 1924/3106/829 1926/3107/829 1917/3095/829 1923/3094/829
f 1922/3108/881 1931/3109/882 1925/3110/882 1924/3111/881
f 1925/3112/829 1927/3113/829 1926/3107/829 1924/3106/829
f 1928/3114/883 1919/3092/879 1917/3093/879 1926/3115/883
f 1929/3116/884 1928/3117/883 1926/3118/883 1927/3119/884
f 1931/3120/836 1922/3104/836 1928/3105/836 1929/3121/836
f 1930/3122/885 1929/3116/884 1927/3119/884 1936/3123/885
f 1932/3124/836 1931/3120/836 1929/3121/836 1930/3125/836
f 1931/3109/882 1932/3126/886 1934/3127/886 1925/3110/882
f 1932/3126/886 1933/3128/887 1935/3129/887 1934/3127/886
f 1933/3130/836 1932/3124/836 1930/3125/836 1939/3131/836
f 1934/3132/829 1936/3133/829 1927/3113/829 1925/3112/829
f 1935/3134/829 1937/3135/829 1936/3133/829 1934/3132/829
f 1939/3136/888 1930/3122/885 1936/3123/885 1937/3137/888
f 1940/3138/889 1939/3136/888 1937/3137/888 1938/3139/889
f 1944/3140/829 1938/3141/829 1937/3135/829 1935/3134/829
f 1942/3142/836 1933/3130/836 1939/3131/836 1940/3143/836
f 1941/3144/890 1940/3138/889 1938/3139/889 1947/3145/890
f 1943/3146/836 1942/3142/836 1940/3143/836 1941/3147/836
f 1933/3128/887 1942/3148/891 1944/3149/891 1935/3129/887
f 1942/3148/891 1943/3150/892 1945/3151/892 1944/3149/891
f 1945/3152/829 1947/3153/829 1938/3141/829 1944/3140/829
f 1943/3150/892 1952/3154/893 1946/3155/893 1945/3151/892
f 1946/3156/829 1948/3157/829 1947/3153/829 1945/3152/829
f 1950/3158/894 1941/3144/890 1947/3145/890 1948/3159/894
f 1951/3160/895 1950/3158/894 1948/3159/894 1949/3161/895
f 1955/3162/829 1949/3163/829 1948/3157/829 1946/3156/829
f 1952/3164/836 1943/3146/836 1941/3147/836 1950/3165/836
f 1953/3166/836 1952/3164/836 1950/3165/836 1951/3167/836
f 1952/3154/893 1953/3168/896 1955/3169/896 1946/3155/893
f 1953/3168/896 1954/3170/897 1956/3171/897 1955/3169/896
f 1954/3172/836 1953/3166/836 1951/3167/836 1960/3173/836
f 1956/3174/829 1958/3175/829 1949/3163/829 1955/3162/829
f 1954/3170/897 1963/3176/898 1957/3177/898 1956/3171/897
f 1957/3178/829 1959/3179/829 1958/3175/829 1956/3174/829
f 1960/3180/899 1951/3160/895 1949/3161/895 1958/3181/899
f 1961/3182/900 1960/3180/899 1958/3181/899 1959/3183/900
f 1963/3184/836 1954/3172/836 1960/3173/836 1961/3185/836
f 1962/3186/901 1961/3187/902 1959/3188/902 1968/3189/901
f 1964/3190/836 1963/3184/836 1961/3185/836 1962/3191/836
f 1963/3049/903 1964/3192/903 1966/3193/903 1957/3050/903
f 1964/3192/903 1965/3194/903 1967/3195/903 1966/3193/903
f 1965/3196/836 1964/3190/836 1962/3191/836 1971/3197/836
f 1966/3198/829 1968/3199/829 1959/3179/829 1957/3178/829
f 1967/3200/829 1969/3201/829 1968/3199/829 1966/3198/829
f 1971/3202/901 1962/3186/901 1968/3189/901 1969/3203/901
f 1972/3204/901 1971/3202/901 1969/3203/901 1970/3205/901
f 1976/3206/829 1970/3207/829 1969/3201/829 1967/3200/829
f 1974/3208/836 1965/3196/836 1971/3197/836 1972/3209/836
f 1973/3210/901 1972/3204/901 1970/3205/901 1979/3211/901
f 1975/3212/836 1974/3208/836 1972/3209/836 1973/3213/836
f 1965/3194/903 1974/3214/903 1976/3215/903 1967/3195/903
f 1974/3214/903 1975/3216/903 1977/3217/903 1976/3215/903
f 1977/3218/829 1979/3219/829 1970/3207/829 1976/3206/829
f 1975/3216/903 1984/3220/903 1978/3221/903 1977/3217/903
f 1978/3222/829 1980/3223/829 1979/3219/829 1977/3218/829
f 1982/3224/901 1973/3210/901 1979/3211/901 1980/3225/901
f 1983/3226/901 1982/3224/901 1980/3225/901 1981/3227/901
f 1987/3228/829 1981/3229/829 1980/3223/829 1978/3222/829
f 1984/3230/836 1975/3212/836 1973/3213/836 1982/3231/836
f 1985/3232/836 1984/3230/836 1982/3231/836 1983/3233/836
f 1984/3220/903 1985/3234/903 1987/3235/903 1978/3221/903
f 1985/3234/903 1986/3182/904 1988/3183/904 1987/3235/903
f 1992/3236/836 1986/3237/836 1985/3232/836 1983/3233/836
f 1990/3238/829 1981/3229/829 1987/3228/829 1988/3239/829
f 1986/3240/905 1995/3241/906 1989/3242/906 1988/3243/905
f 1991/3244/829 1990/3238/829 1988/3239/829 1989/3245/829
f 1993/3047/907 1992/3246/908 1990/3247/908 1991/3046/907
f 1992/3102/901 1983/3226/901 1981/3227/901 1990/3248/901
f 1993/3249/836 1995/3250/836 1986/3237/836 1992/3236/836
f 1994/3251/909 1993/3252/907 1991/3253/907 2000/3254/909
f 1996/3255/836 1995/3250/836 1993/3249/836 1994/3256/836
f 1995/3241/906 1996/3257/910 1998/3258/910 1989/3242/906
f 1996/3257/910 1997/3259/911 1999/3260/911 1998/3258/910
f 1997/3261/836 1996/3255/836 1994/3256/836 2003/3262/836
f 1998/3263/829 2000/3264/829 1991/3244/829 1989/3245/829
f 1999/3265/829 2001/3266/829 2000/3264/829 1998/3263/829
f 2003/3267/912 1994/3251/909 2000/3254/909 2001/3268/912
f 2004/3269/913 2003/3267/912 2001/3268/912 2002/3270/913
f 2008/3271/829 2002/3272/829 2001/3266/829 1999/3265/829
f 2006/3273/836 1997/3261/836 2003/3262/836 2004/3274/836
f 2005/3275/914 2004/3269/913 2002/3270/913 2011/3276/914
f 2007/3277/836 2006/3273/836 2004/3274/836 2005/3278/836
f 1997/3259/911 2006/3279/915 2008/3280/915 1999/3260/911
f 2006/3279/915 2007/3281/916 2009/3282/916 2008/3280/915
f 2009/3283/829 2011/3284/829 2002/3272/829 2008/3271/829
f 2007/3281/916 2016/3285/917 2010/3286/917 2009/3282/916
f 2010/3287/829 2012/3288/829 2011/3284/829 2009/3283/829
f 2014/3289/918 2005/3275/914 2011/3276/914 2012/3290/918
f 2015/3291/919 2014/3289/918 2012/3290/918 2013/3292/919
f 2019/3293/829 2013/3294/829 2012/3288/829 2010/3287/829
f 2016/3295/836 2007/3277/836 2005/3278/836 2014/3296/836
f 2017/3297/836 2016/3295/836 2014/3296/836 2015/3298/836
f 2016/3285/917 2017/3299/920 2019/3300/920 2010/3286/917
f 2017/3299/920 2018/3301/921 2020/3302/921 2019/3300/920
f 2032/3303/836 2018/3304/836 2017/3297/836 2015/3298/836
f 2021/3305/829 2013/3294/829 2019/3293/829 2020/3306/829
f 2033/3307/829 2021/3305/829 2020/3306/829 2022/3308/829
f 2022/3308/829 2020/3306/829 2023/3309/829 2025/3310/829
f 2018/3311/922 2026/3312/923 2023/3313/923 2020/3314/922
f 2026/3312/923 2027/3315/924 2024/3316/924 2023/3313/923
f 2023/3309/829 2024/3317/829 2035/3318/829 2025/3310/829
f 2026/3319/836 2028/3320/836 2029/3321/836 2027/3322/836
f 2030/3323/836 2028/3320/836 2026/3319/836 2018/3304/836
f 2029/3324/925 2028/3325/926 2025/3326/926 2035/3327/925
f 2028/3325/926 2030/3328/927 2022/3329/927 2025/3326/926
f 2031/3307/836 2030/3323/836 2018/3304/836 2032/3303/836
f 2030/3328/927 2031/3330/928 2033/3331/928 2022/3329/927
f 2031/3332/929 2032/3333/930 2021/3334/930 2033/3335/929
f 2032/3333/930 2015/3291/919 2013/3292/919 2021/3334/930
f 2034/3336/931 2029/3324/925 2035/3327/925 2036/3337/931
f 2027/3322/836 2029/3321/836 2034/3338/836 2040/3339/836
f 2024/3317/829 2038/3340/829 2036/3341/829 2035/3318/829
f 2043/3342/932 2034/3336/931 2036/3337/931 2037/3343/932
f 2038/3340/829 2039/3344/829 2037/3345/829 2036/3341/829
f 2040/3346/933 2041/3347/934 2039/3348/934 2038/3349/933
f 2027/3315/924 2040/3346/933 2038/3349/933 2024/3316/924
f 2040/3339/836 2034/3338/836 2043/3350/836 2041/3351/836
f 2041/3347/934 2042/3352/935 2048/3353/935 2039/3348/934
f 2041/3351/836 2043/3350/836 2044/3354/836 2042/3355/836
f 2044/3356/936 2043/3342/932 2037/3343/932 2046/3357/936
f 2045/3358/937 2044/3356/936 2046/3357/936 2047/3359/937
f 2042/3355/836 2044/3354/836 2045/3360/836 2051/3361/836
f 2048/3362/829 2049/3363/829 2047/3364/829 2046/3365/829
f 2039/3344/829 2048/3362/829 2046/3365/829 2037/3345/829
f 2042/3352/935 2051/3366/938 2049/3367/938 2048/3353/935
f 2051/3366/938 2052/3368/939 2050/3369/939 2049/3367/938
f 2049/3363/829 2050/3370/829 2056/3371/829 2047/3364/829
f 2051/3361/836 2045/3360/836 2054/3372/836 2052/3373/836
f 2052/3368/939 2053/3332/940 2059/3374/940 2050/3369/939
f 2054/3372/836 2055/3375/836 2053/3376/836 2052/3373/836
f 2055/3377/941 2054/3378/942 2056/3379/942 2057/3380/941
f 2054/3378/942 2045/3358/937 2047/3359/937 2056/3379/942
f 2056/3371/829 2050/3370/829 2059/3381/829 2057/3382/829
f 2064/3383/943 2055/3384/943 2057/3331/943 2058/3385/943
f 2057/3382/829 2059/3381/829 2060/3386/829 2058/3387/829
f 2053/3243/944 2062/3388/944 2060/3389/944 2059/3240/944
f 2062/3388/944 2063/3390/944 2061/3391/944 2060/3389/944
f 2060/3386/829 2061/3392/829 2067/3393/829 2058/3387/829
f 2062/3394/836 2064/3395/836 2065/3396/836 2063/3397/836
f 2055/3375/836 2064/3395/836 2062/3394/836 2053/3376/836
f 2065/3398/943 2064/3383/943 2058/3385/943 2067/3399/943
f 2066/3400/943 2065/3398/943 2067/3399/943 2068/3401/943
f 2063/3397/836 2065/3396/836 2066/3402/836 2072/3403/836
f 2061/3392/829 2070/3404/829 2068/3405/829 2067/3393/829
f 2075/3406/943 2066/3400/943 2068/3401/943 2069/3407/943
f 2070/3404/829 2071/3408/829 2069/3409/829 2068/3405/829
f 2072/3410/944 2073/3411/944 2071/3412/944 2070/3413/944
f 2063/3390/944 2072/3410/944 2070/3413/944 2061/3391/944
f 2072/3403/836 2066/3402/836 2075/3414/836 2073/3415/836
f 2073/3411/944 2074/3416/944 2080/3417/944 2071/3412/944
f 2073/3415/836 2075/3414/836 2076/3418/836 2074/3419/836
f 2076/3420/943 2075/3406/943 2069/3407/943 2078/3421/943
f 2077/3422/943 2076/3420/943 2078/3421/943 2079/3423/943
f 2074/3419/836 2076/3418/836 2077/3424/836 2083/3425/836
f 2080/3426/829 2081/3427/829 2079/3428/829 2078/3429/829
f 2071/3408/829 2080/3426/829 2078/3429/829 2069/3409/829
f 2074/3416/944 2083/3430/944 2081/3431/944 2080/3417/944
f 2083/3430/944 2084/3432/944 2082/3433/944 2081/3431/944
f 2081/3427/829 2082/3434/829 2088/3435/829 2079/3428/829
f 2083/3425/836 2077/3424/836 2086/3436/836 2084/3437/836
f 2084/3438/945 2085/3439/946 2091/3440/946 2082/3441/945
f 2084/3437/836 2086/3436/836 2087/3442/836 2085/3443/836
f 2087/3444/947 2086/3445/948 2088/3446/948 2089/3447/947
f 2086/3448/949 2077/3422/943 2079/3423/943 2088/3449/949
f 2082/3434/829 2091/3450/829 2089/3451/829 2088/3435/829
f 2096/3043/950 2087/3444/947 2089/3447/947 2090/3040/950
f 2091/3450/829 2092/3452/829 2090/3453/829 2089/3451/829
f 2085/3439/946 2094/3454/951 2092/3455/951 2091/3440/946
f 2094/3456/951 2095/3457/952 2093/3458/952 2092/3459/951
f 2092/3452/829 2093/3460/829 2099/3461/829 2090/3453/829
f 2094/3462/836 2096/3463/836 2097/3464/836 2095/3465/836
f 2085/3443/836 2087/3442/836 2096/3463/836 2094/3462/836
f 2097/3466/953 2096/3467/950 2090/3455/950 2099/3468/953
f 2098/3469/954 2097/3466/953 2099/3468/953 2100/3470/954
f 2095/3465/836 2097/3464/836 2098/3471/836 2104/3472/836
f 2093/3460/829 2102/3473/829 2100/3474/829 2099/3461/829
f 2107/3475/955 2098/3469/954 2100/3470/954 2101/3476/955
f 2102/3473/829 2103/3477/829 2101/3478/829 2100/3474/829
f 2104/3479/956 2105/3480/957 2103/3481/957 2102/3482/956
f 2095/3457/952 2104/3479/956 2102/3482/956 2093/3458/952
f 2104/3472/836 2098/3471/836 2107/3483/836 2105/3484/836
f 2105/3480/957 2106/3485/958 2112/3486/958 2103/3481/957
f 2105/3484/836 2107/3483/836 2108/3487/836 2106/3488/836
f 2108/3489/959 2107/3475/955 2101/3476/955 2110/3490/959
f 2109/3491/960 2108/3489/959 2110/3490/959 2111/3492/960
f 2106/3488/836 2108/3487/836 2109/3493/836 2115/3494/836
f 2112/3495/829 2113/3496/829 2111/3497/829 2110/3498/829
f 2103/3477/829 2112/3495/829 2110/3498/829 2101/3478/829
f 2106/3485/958 2115/3499/961 2113/3500/961 2112/3486/958
f 2115/3499/961 2116/3501/962 2114/3502/962 2113/3500/961
f 2113/3496/829 2114/3503/829 2120/3504/829 2111/3497/829
f 2115/3494/836 2109/3493/836 2118/3505/836 2116/3506/836
f 2116/3501/962 2117/3507/963 2123/3508/963 2114/3502/962
f 2116/3506/836 2118/3505/836 2119/3509/836 2117/3510/836
f 2119/3511/964 2118/3512/965 2120/3513/965 2121/3514/964
f 2118/3512/965 2109/3491/960 2111/3492/960 2120/3513/965
f 2114/3503/829 2123/3515/829 2121/3516/829 2120/3504/829
f 2128/3517/966 2119/3511/964 2121/3514/964 2122/3518/966
f 2123/3515/829 2124/3519/829 2122/3520/829 2121/3516/829
f 2117/3507/963 2126/3521/967 2124/3522/967 2123/3508/963
f 2126/3521/967 2127/3523/968 2125/3524/968 2124/3522/967
f 2124/3519/829 2125/3525/829 2131/3526/829 2122/3520/829
f 2126/3527/836 2128/3528/836 2129/3529/836 2127/3530/836
f 2117/3510/836 2119/3509/836 2128/3528/836 2126/3527/836
f 2129/3531/969 2128/3517/966 2122/3518/966 2131/3532/969
f 2130/3533/970 2129/3531/969 2131/3532/969 2132/3534/970
f 2127/3530/836 2129/3529/836 2130/3535/836 2136/3536/836
f 2125/3525/829 2134/3537/829 2132/3538/829 2131/3526/829
f 2139/3252/971 2130/3533/970 2132/3534/970 2133/3253/971
f 2134/3537/829 2135/3539/829 2133/3540/829 2132/3538/829
f 2136/3541/972 2137/3542/973 2135/3543/973 2134/3544/972
f 2127/3523/968 2136/3541/972 2134/3544/972 2125/3524/968
f 2136/3536/836 2130/3535/836 2139/3545/836 2137/3546/836
f 2137/3433/973 2138/3547/974 2144/3548/974 2135/3549/973
f 2137/3546/836 2139/3545/836 2140/3550/836 2138/3551/836
f 2140/3552/975 2139/3314/971 2133/3553/971 2142/3554/975
f 2141/3555/976 2140/3552/975 2142/3554/975 2143/3556/976
f 2138/3551/836 2140/3550/836 2141/3557/836 2147/3558/836
f 2144/3559/829 2145/3560/829 2143/3561/829 2142/3562/829
f 2135/3539/829 2144/3559/829 2142/3562/829 2133/3540/829
f 2138/3547/974 2147/3563/977 2145/3564/977 2144/3548/974
f 2147/3563/977 2148/3565/978 2146/3566/978 2145/3564/977
f 2145/3560/829 2146/3567/829 2152/3568/829 2143/3561/829
f 2147/3558/836 2141/3557/836 2150/3569/836 2148/3570/836
f 2148/3565/978 2149/3571/979 2155/3572/979 2146/3566/978
f 2148/3570/836 2150/3569/836 2151/3573/836 2149/3574/836
f 2151/3575/980 2150/3576/981 2152/3577/981 2153/3578/980
f 2150/3576/981 2141/3555/976 2143/3556/976 2152/3577/981
f 2146/3567/829 2155/3579/829 2153/3580/829 2152/3568/829
f 2160/3581/982 2151/3575/980 2153/3578/980 2154/3582/982
f 2155/3579/829 2156/3583/829 2154/3584/829 2153/3580/829
f 2149/3571/979 2158/3585/983 2156/3586/983 2155/3572/979
f 2158/3585/983 2159/3587/984 2157/3588/984 2156/3586/983
f 2156/3583/829 2157/3589/829 2163/3590/829 2154/3584/829
f 2158/3591/836 2160/3592/836 2161/3593/836 2159/3594/836
f 2149/3574/836 2151/3573/836 2160/3592/836 2158/3591/836
f 2161/3595/985 2160/3581/982 2154/3582/982 2163/3596/985
f 2162/3597/986 2161/3595/985 2163/3596/985 2164/3598/986
f 2159/3594/836 2161/3593/836 2162/3599/836 2168/3600/836
f 2157/3589/829 2166/3601/829 2164/3602/829 2163/3590/829
f 2171/3603/987 2162/3597/986 2164/3598/986 2165/3604/987
f 2166/3601/829 2167/3605/829 2165/3606/829 2164/3602/829
f 2168/3607/988 2169/3608/989 2167/3609/989 2166/3610/988
f 2159/3587/984 2168/3607/988 2166/3610/988 2157/3588/984
f 2168/3600/836 2162/3599/836 2171/3611/836 2169/3612/836
f 2169/3608/989 2170/3613/990 2176/3614/990 2167/3609/989
f 2169/3612/836 2171/3611/836 2172/3615/836 2170/3616/836
f 2172/3617/991 2171/3603/987 2165/3604/987 2174/3618/991
f 2173/3543/992 2172/3617/991 2174/3618/991 2175/3619/992
f 2170/3616/836 2172/3615/836 2173/3620/836 2178/3621/836
f 2176/3622/829 2177/3623/829 2175/3624/829 2174/3625/829
f 2167/3605/829 2176/3622/829 2174/3625/829 2165/3606/829
f 2170/3613/990 2178/3626/993 2177/3627/993 2176/3614/990
f 2181/3035/853 2184/3034/853 2185/3628/854 2182/3629/854
f 2182/3630/829 2189/3631/829 2183/3632/829 2181/3633/829
f 2185/3634/836 2184/3635/836 2186/3636/836 2187/3637/836
f 2189/3638/994 2187/3639/994 2186/3640/856 2183/3641/856
f 2190/3642/857 2188/3643/857 2187/3639/994 2189/3638/994
f 2194/3644/836 2185/3634/836 2187/3637/836 2188/3645/836
f 2192/3646/829 2190/3647/829 2189/3631/829 2182/3630/829
f 2191/3648/858 2197/3649/858 2188/3643/857 2190/3642/857
f 2193/3650/829 2191/3651/829 2190/3647/829 2192/3646/829
f 2182/3629/854 2185/3628/854 2194/3652/859 2192/3653/859
f 2192/3653/859 2194/3652/859 2195/3654/860 2193/3655/860
f 2195/3656/836 2194/3644/836 2188/3645/836 2197/3657/836
f 2193/3655/860 2195/3654/860 2196/3658/861 2202/3659/861
f 2196/3660/836 2195/3656/836 2197/3657/836 2198/3661/836
f 2200/3662/862 2198/3663/862 2197/3649/858 2191/3648/858
f 2201/3664/863 2199/3665/863 2198/3663/862 2200/3662/862
f 2205/3666/836 2196/3660/836 2198/3661/836 2199/3667/836
f 2202/3668/829 2200/3669/829 2191/3651/829 2193/3650/829
f 2203/3670/829 2201/3671/829 2200/3669/829 2202/3668/829
f 2202/3659/861 2196/3658/861 2205/3672/864 2203/3673/864
f 2203/3673/864 2205/3672/864 2206/3674/865 2204/3675/865
f 2204/3676/829 2210/3677/829 2201/3671/829 2203/3670/829
f 2206/3678/836 2205/3666/836 2199/3667/836 2208/3679/836
f 2204/3680/865 2206/3043/865 2207/3042/866 2213/3681/866
f 2207/3682/836 2206/3678/836 2208/3679/836 2209/3683/836
f 2210/3684/867 2208/3685/867 2199/3665/863 2201/3664/863
f 2211/3686/868 2209/3687/868 2208/3114/867 2210/3115/867
f 2213/3688/829 2211/3689/829 2210/3677/829 2204/3676/829
f 2212/3690/869 2218/3691/869 2209/3687/868 2211/3686/868
f 2214/3692/829 2212/3693/829 2211/3689/829 2213/3688/829
f 2213/3681/866 2207/3042/866 2216/3059/870 2214/3694/870
f 2214/3694/870 2216/3059/870 2217/3061/871 2215/3695/871
f 2215/3696/829 2221/3697/829 2212/3693/829 2214/3692/829
f 2216/3698/836 2207/3682/836 2209/3683/836 2218/3699/836
f 2217/3700/836 2216/3698/836 2218/3699/836 2219/3701/836
f 2221/3702/872 2219/3703/872 2218/3691/869 2212/3690/869
f 2222/3704/873 2220/3705/873 2219/3703/872 2221/3702/872
f 2226/3706/836 2217/3700/836 2219/3701/836 2220/3707/836
f 2224/3708/829 2222/3709/829 2221/3697/829 2215/3696/829
f 2223/3710/874 2229/3711/874 2220/3705/873 2222/3704/873
f 2225/3712/829 2223/3713/829 2222/3709/829 2224/3708/829
f 2215/3695/871 2217/3061/871 2226/3081/875 2224/3714/875
f 2224/3714/875 2226/3081/875 2227/3083/876 2225/3715/876
f 2227/3716/836 2226/3706/836 2220/3707/836 2229/3717/836
f 2225/3715/876 2227/3083/876 2228/3087/877 2234/3718/877
f 2228/3719/836 2227/3716/836 2229/3717/836 2230/3720/836
f 2232/3721/878 2230/3722/878 2229/3711/874 2223/3710/874
f 2233/3723/879 2231/3724/879 2230/3722/878 2232/3721/878
f 2237/3725/836 2228/3719/836 2230/3720/836 2231/3726/836
f 2234/3727/829 2232/3728/829 2223/3713/829 2225/3712/829
f 2235/3729/829 2233/3730/829 2232/3728/829 2234/3727/829
f 2234/3718/877 2228/3087/877 2237/3101/880 2235/3731/880
f 2235/3731/880 2237/3101/880 2238/3103/881 2236/2999/881
f 2236/3732/829 2242/3733/829 2233/3730/829 2235/3729/829
f 2238/3734/836 2237/3725/836 2231/3726/836 2240/3735/836
f 2236/3736/881 2238/3737/881 2239/3738/882 2245/3739/882
f 2239/3740/836 2238/3734/836 2240/3735/836 2241/3741/836
f 2242/3742/883 2240/3176/883 2231/3724/879 2233/3723/879
f 2243/3743/884 2241/3744/884 2240/3745/883 2242/3746/883
f 2245/3747/829 2243/3748/829 2242/3733/829 2236/3732/829
f 2244/3749/995 2250/3750/995 2241/3744/884 2243/3743/884
f 2246/3751/829 2244/3752/829 2243/3748/829 2245/3747/829
f 2245/3739/882 2239/3738/882 2248/3753/886 2246/3754/886
f 2246/3754/886 2248/3753/886 2249/3755/887 2247/3756/887
f 2247/3757/829 2253/3758/829 2244/3752/829 2246/3751/829
f 2248/3759/836 2239/3740/836 2241/3741/836 2250/3760/836
f 2249/3761/836 2248/3759/836 2250/3760/836 2251/3762/836
f 2253/3763/888 2251/3764/888 2250/3750/995 2244/3749/995
f 2254/3765/889 2252/3766/889 2251/3764/888 2253/3763/888
f 2258/3767/836 2249/3761/836 2251/3762/836 2252/3768/836
f 2256/3769/829 2254/3770/829 2253/3758/829 2247/3757/829
f 2255/3771/890 2261/3772/890 2252/3766/889 2254/3765/889
f 2257/3773/829 2255/3774/829 2254/3770/829 2256/3769/829
f 2247/3756/887 2249/3755/887 2258/3775/891 2256/3776/891
f 2256/3776/891 2258/3775/891 2259/3777/892 2257/3778/892
f 2259/3779/836 2258/3767/836 2252/3768/836 2261/3780/836
f 2257/3778/892 2259/3777/892 2260/3781/893 2266/3782/893
f 2260/3783/836 2259/3779/836 2261/3780/836 2262/3784/836
f 2264/3785/996 2262/3786/996 2261/3772/890 2255/3771/890
f 2265/3787/895 2263/3788/895 2262/3786/996 2264/3785/996
f 2269/3789/836 2260/3783/836 2262/3784/836 2263/3790/836
f 2266/3791/829 2264/3792/829 2255/3774/829 2257/3773/829
f 2267/3793/829 2265/3794/829 2264/3792/829 2266/3791/829
f 2266/3782/893 2260/3781/893 2269/3795/896 2267/3796/896
f 2267/3796/896 2269/3795/896 2270/3797/897 2268/3798/897
f 2268/3799/829 2274/3800/829 2265/3794/829 2267/3793/829
f 2270/3801/836 2269/3789/836 2263/3790/836 2272/3802/836
f 2268/3798/897 2270/3797/897 2271/3108/898 2277/3111/898
f 2271/3803/836 2270/3801/836 2272/3802/836 2273/3804/836
f 2274/3805/899 2272/3806/899 2263/3788/895 2265/3787/895
f 2275/3433/900 2273/3432/900 2272/3806/899 2274/3805/899
f 2277/3807/829 2275/3808/829 2274/3800/829 2268/3799/829
f 2276/3809/901 2282/3189/901 2273/3188/902 2275/3810/902
f 2278/3811/829 2276/3812/829 2275/3808/829 2277/3807/829
f 2277/3737/903 2271/3736/903 2280/3813/903 2278/3814/903
f 2278/3814/903 2280/3813/903 2281/3815/903 2279/3816/903
f 2279/3817/829 2285/3818/829 2276/3812/829 2278/3811/829
f 2280/3819/836 2271/3803/836 2273/3804/836 2282/3820/836
f 2281/3821/836 2280/3819/836 2282/3820/836 2283/3822/836
f 2285/3823/901 2283/3203/901 2282/3189/901 2276/3809/901
f 2286/3824/901 2284/3205/901 2283/3203/901 2285/3823/901
f 2290/3825/836 2281/3821/836 2283/3822/836 2284/3826/836
f 2288/3827/829 2286/3828/829 2285/3818/829 2279/3817/829
f 2287/3829/901 2293/3211/901 2284/3205/901 2286/3824/901
f 2289/3830/829 2287/3831/829 2286/3828/829 2288/3827/829
f 2279/3816/903 2281/3815/903 2290/3832/903 2288/3833/903
f 2288/3833/903 2290/3832/903 2291/3834/903 2289/3835/903
f 2291/3836/836 2290/3825/836 2284/3826/836 2293/3837/836
f 2289/3835/903 2291/3834/903 2292/3838/903 2298/3839/903
f 2292/3840/836 2291/3836/836 2293/3837/836 2294/3841/836
f 2296/3842/901 2294/3225/901 2293/3211/901 2287/3829/901
f 2297/3843/901 2295/3227/901 2294/3225/901 2296/3842/901
f 2301/3844/836 2292/3840/836 2294/3841/836 2295/3845/836
f 2298/3846/829 2296/3847/829 2287/3831/829 2289/3830/829
f 2299/3848/829 2297/3849/829 2296/3847/829 2298/3846/829
f 2298/3839/903 2292/3838/903 2301/3850/903 2299/3851/903
f 2299/3851/903 2301/3850/903 2302/3640/904 2300/3852/904
f 2306/3853/829 2297/3849/829 2299/3848/829 2300/3854/829
f 2304/3855/836 2302/3856/836 2301/3844/836 2295/3845/836
f 2300/3240/905 2302/3857/905 2303/3858/997 2309/3241/997
f 2305/3859/836 2303/3860/836 2302/3856/836 2304/3855/836
f 2307/3675/907 2305/3674/907 2304/3861/908 2306/3862/908
f 2306/3863/901 2304/3248/901 2295/3227/901 2297/3843/901
f 2307/3864/829 2306/3853/829 2300/3854/829 2309/3865/829
f 2308/3866/909 2314/3254/909 2305/3253/907 2307/3867/907
f 2310/3868/829 2308/3869/829 2307/3864/829 2309/3865/829
f 2309/3241/997 2303/3858/997 2312/3870/910 2310/3257/910
f 2310/3257/910 2312/3870/910 2313/3871/911 2311/3259/911
f 2311/3872/829 2317/3873/829 2308/3869/829 2310/3868/829
f 2312/3874/836 2303/3860/836 2305/3859/836 2314/3875/836
f 2313/3876/836 2312/3874/836 2314/3875/836 2315/3877/836
f 2317/3878/912 2315/3268/912 2314/3254/909 2308/3866/909
f 2318/3879/913 2316/3270/913 2315/3268/912 2317/3878/912
f 2322/3880/836 2313/3876/836 2315/3877/836 2316/3881/836
f 2320/3882/829 2318/3883/829 2317/3873/829 2311/3872/829
f 2319/3884/914 2325/3276/914 2316/3270/913 2318/3879/913
f 2321/3885/829 2319/3886/829 2318/3883/829 2320/3882/829
f 2311/3259/911 2313/3871/911 2322/3887/915 2320/3279/915
f 2320/3279/915 2322/3887/915 2323/3888/916 2321/3281/916
f 2323/3889/836 2322/3880/836 2316/3881/836 2325/3890/836
f 2321/3281/916 2323/3888/916 2324/3891/917 2330/3285/917
f 2324/3892/836 2323/3889/836 2325/3890/836 2326/3893/836
f 2328/3894/918 2326/3290/918 2325/3276/914 2319/3884/914
f 2329/3895/919 2327/3292/919 2326/3290/918 2328/3894/918
f 2333/3896/836 2324/3892/836 2326/3893/836 2327/3897/836
f 2330/3898/829 2328/3899/829 2319/3886/829 2321/3885/829
f 2331/3900/829 2329/3901/829 2328/3899/829 2330/3898/829
f 2330/3285/917 2324/3891/917 2333/3902/920 2331/3299/920
f 2331/3299/920 2333/3902/920 2334/3177/921 2332/3301/921
f 2346/3903/829 2329/3901/829 2331/3900/829 2332/3904/829
f 2335/3905/836 2334/3906/836 2333/3896/836 2327/3897/836
f 2347/3907/836 2336/3908/836 2334/3906/836 2335/3905/836
f 2336/3908/836 2339/3909/836 2337/3910/836 2334/3906/836
f 2332/3553/922 2334/3314/922 2337/3313/923 2340/3911/923
f 2340/3911/923 2337/3313/923 2338/3316/924 2341/3912/924
f 2337/3910/836 2339/3909/836 2349/3913/836 2338/3914/836
f 2340/3915/829 2341/3916/829 2343/3917/829 2342/3918/829
f 2344/3919/829 2332/3904/829 2340/3915/829 2342/3918/829
f 2343/3920/925 2349/3327/925 2339/3326/926 2342/3921/926
f 2342/3921/926 2339/3326/926 2336/3329/927 2344/3922/927
f 2345/3923/829 2346/3903/829 2332/3904/829 2344/3919/829
f 2344/3922/927 2336/3329/927 2347/3331/928 2345/3384/928
f 2345/3302/929 2347/3335/929 2335/3334/930 2346/3924/930
f 2346/3924/930 2335/3334/930 2327/3292/919 2329/3895/919
f 2348/3925/931 2350/3337/931 2349/3327/925 2343/3920/925
f 2341/3916/829 2354/3926/829 2348/3927/829 2343/3917/829
f 2338/3914/836 2349/3913/836 2350/3928/836 2352/3929/836
f 2357/3930/932 2351/3343/932 2350/3337/931 2348/3925/931
f 2352/3929/836 2350/3928/836 2351/3931/836 2353/3932/836
f 2354/3933/933 2352/3349/933 2353/3348/934 2355/3934/934
f 2341/3912/924 2338/3316/924 2352/3349/933 2354/3933/933
f 2354/3926/829 2355/3935/829 2357/3936/829 2348/3927/829
f 2355/3934/934 2353/3348/934 2362/3353/935 2356/3937/935
f 2355/3935/829 2356/3938/829 2358/3939/829 2357/3936/829
f 2358/3940/936 2360/3357/936 2351/3343/932 2357/3930/932
f 2359/3941/937 2361/3359/937 2360/3357/936 2358/3940/936
f 2356/3938/829 2365/3942/829 2359/3943/829 2358/3939/829
f 2362/3944/836 2360/3945/836 2361/3946/836 2363/3947/836
f 2353/3932/836 2351/3931/836 2360/3945/836 2362/3944/836
f 2356/3937/935 2362/3353/935 2363/3367/938 2365/3948/938
f 2365/3948/938 2363/3367/938 2364/3369/998 2366/3949/998
f 2363/3947/836 2361/3946/836 2370/3950/836 2364/3951/836
f 2365/3942/829 2366/3952/829 2368/3953/829 2359/3943/829
f 2366/3949/998 2364/3369/998 2373/3374/940 2367/3954/940
f 2368/3953/829 2366/3952/829 2367/3955/829 2369/3956/829
f 2369/3954/941 2371/3380/941 2370/3379/942 2368/3957/942
f 2368/3957/942 2370/3379/942 2361/3359/937 2359/3941/937
f 2370/3950/836 2371/3958/836 2373/3959/836 2364/3951/836
f 2378/3960/943 2372/3385/943 2371/3331/943 2369/3330/943
f 2371/3958/836 2372/3961/836 2374/3962/836 2373/3959/836
f 2367/3857/944 2373/3240/944 2374/3389/944 2376/3963/944
f 2376/3963/944 2374/3389/944 2375/3391/944 2377/3964/944
f 2374/3962/836 2372/3961/836 2381/3965/836 2375/3966/836
f 2376/3967/829 2377/3968/829 2379/3969/829 2378/3970/829
f 2369/3956/829 2367/3955/829 2376/3967/829 2378/3970/829
f 2379/3971/943 2381/3399/943 2372/3385/943 2378/3960/943
f 2380/3972/943 2382/3401/943 2381/3399/943 2379/3971/943
f 2377/3968/829 2386/3973/829 2380/3974/829 2379/3969/829
f 2375/3966/836 2381/3965/836 2382/3975/836 2384/3976/836
f 2389/3977/943 2383/3407/943 2382/3401/943 2380/3972/943
f 2384/3976/836 2382/3975/836 2383/3978/836 2385/3979/836
f 2386/3980/944 2384/3413/944 2385/3412/944 2387/3981/944
f 2377/3964/944 2375/3391/944 2384/3413/944 2386/3980/944
f 2386/3973/829 2387/3982/829 2389/3983/829 2380/3974/829
f 2387/3981/944 2385/3412/944 2394/3417/944 2388/3984/944
f 2387/3982/829 2388/3985/829 2390/3986/829 2389/3983/829
f 2390/3987/943 2392/3421/943 2383/3407/943 2389/3977/943
f 2391/3988/943 2393/3423/943 2392/3421/943 2390/3987/943
f 2388/3985/829 2397/3989/829 2391/3990/829 2390/3986/829
f 2394/3991/836 2392/3992/836 2393/3993/836 2395/3994/836
f 2385/3979/836 2383/3978/836 2392/3992/836 2394/3991/836
f 2388/3984/944 2394/3417/944 2395/3431/944 2397/3995/944
f 2397/3995/944 2395/3431/944 2396/3433/944 2398/3549/944
f 2395/3994/836 2393/3993/836 2402/3996/836 2396/3997/836
f 2397/3989/829 2398/3998/829 2400/3999/829 2391/3990/829
f 2398/3863/945 2396/4000/945 2405/4001/946 2399/4002/946
f 2398/3998/829 2399/4003/829 2401/4004/829 2400/3999/829
f 2401/3444/947 2403/4005/947 2402/4006/948 2400/3445/948
f 2400/2989/999 2402/3449/999 2393/3423/943 2391/3988/943
f 2396/3997/836 2402/3996/836 2403/4007/836 2405/4008/836
f 2410/3043/950 2404/3680/950 2403/4005/947 2401/3444/947
f 2405/4008/836 2403/4007/836 2404/4009/836 2406/4010/836
f 2399/4002/946 2405/4001/946 2406/4011/951 2408/3742/951
f 2408/4012/951 2406/4013/951 2407/4014/1000 2409/4015/1000
f 2406/4010/836 2404/4009/836 2413/4016/836 2407/4017/836
f 2408/4018/829 2409/4019/829 2411/4020/829 2410/4021/829
f 2399/4003/829 2408/4018/829 2410/4021/829 2401/4004/829
f 2411/4022/953 2413/3468/953 2404/3455/950 2410/3454/950
f 2412/4023/954 2414/3470/954 2413/3468/953 2411/4022/953
f 2409/4019/829 2418/4024/829 2412/4025/829 2411/4020/829
f 2407/4017/836 2413/4016/836 2414/4026/836 2416/4027/836
f 2421/4028/955 2415/3476/955 2414/3470/954 2412/4023/954
f 2416/4027/836 2414/4026/836 2415/4029/836 2417/4030/836
f 2418/4031/956 2416/4032/956 2417/4033/957 2419/4034/957
f 2409/4015/1000 2407/4014/1000 2416/4032/956 2418/4031/956
f 2418/4024/829 2419/4035/829 2421/4036/829 2412/4025/829
f 2419/4034/957 2417/4033/957 2426/4037/958 2420/4038/958
f 2419/4035/829 2420/4039/829 2422/4040/829 2421/4036/829
f 2422/4041/959 2424/3490/959 2415/3476/955 2421/4028/955
f 2423/4042/960 2425/3492/960 2424/3490/959 2422/4041/959
f 2420/4039/829 2429/4043/829 2423/4044/829 2422/4040/829
f 2426/4045/836 2424/4046/836 2425/4047/836 2427/4048/836
f 2417/4030/836 2415/4029/836 2424/4046/836 2426/4045/836
f 2420/4038/958 2426/4037/958 2427/4049/961 2429/4050/961
f 2429/4050/961 2427/4049/961 2428/4051/962 2430/4052/962
f 2427/4048/836 2425/4047/836 2434/4053/836 2428/4054/836
f 2429/4043/829 2430/4055/829 2432/4056/829 2423/4044/829
f 2430/4052/962 2428/4051/962 2437/4057/963 2431/4058/963
f 2430/4055/829 2431/4059/829 2433/4060/829 2432/4056/829
f 2433/4061/964 2435/3514/964 2434/3513/965 2432/4062/965
f 2432/4062/965 2434/3513/965 2425/3492/960 2423/4042/960
f 2428/4054/836 2434/4053/836 2435/4063/836 2437/4064/836
f 2442/4065/966 2436/3518/966 2435/3514/964 2433/4061/964
f 2437/4064/836 2435/4063/836 2436/4066/836 2438/4067/836
f 2431/4058/963 2437/4057/963 2438/4068/967 2440/4069/967
f 2440/4069/967 2438/4068/967 2439/4070/968 2441/4071/968
f 2438/4067/836 2436/4066/836 2445/4072/836 2439/4073/836
f 2440/4074/829 2441/4075/829 2443/4076/829 2442/4077/829
f 2431/4059/829 2440/4074/829 2442/4077/829 2433/4060/829
f 2443/4078/969 2445/3532/969 2436/3518/966 2442/4065/966
f 2444/4079/970 2446/3534/970 2445/3532/969 2443/4078/969
f 2441/4075/829 2450/4080/829 2444/4081/829 2443/4076/829
f 2439/4073/836 2445/4072/836 2446/4082/836 2448/4083/836
f 2453/3867/971 2447/3253/971 2446/3534/970 2444/4079/970
f 2448/4083/836 2446/4082/836 2447/4084/836 2449/4085/836
f 2450/4086/972 2448/4087/972 2449/3455/973 2451/3467/973
f 2441/4071/968 2439/4070/968 2448/4087/972 2450/4086/972
f 2450/4080/829 2451/4088/829 2453/4089/829 2444/4081/829
f 2451/3543/973 2449/3619/973 2458/4090/974 2452/4091/974
f 2451/4088/829 2452/4092/829 2454/4093/829 2453/4089/829
f 2454/3552/975 2456/4094/975 2447/3311/971 2453/3314/971
f 2455/3555/976 2457/4095/976 2456/4094/975 2454/3552/975
f 2452/4092/829 2461/4096/829 2455/4097/829 2454/4093/829
f 2458/4098/836 2456/4099/836 2457/3057/836 2459/4100/836
f 2449/4085/836 2447/4084/836 2456/4099/836 2458/4098/836
f 2452/4091/974 2458/4090/974 2459/4101/977 2461/4102/977
f 2461/4102/977 2459/4101/977 2460/4103/978 2462/4104/978
f 2459/4100/836 2457/3057/836 2466/4105/836 2460/4106/836
f 2461/4096/829 2462/4107/829 2464/4108/829 2455/4097/829
f 2462/4104/978 2460/4103/978 2469/4109/979 2463/4110/979
f 2462/4107/829 2463/4111/829 2465/4112/829 2464/4108/829
f 2465/3575/980 2467/4113/980 2466/4114/981 2464/3576/981
f 2464/3576/981 2466/4114/981 2457/4095/976 2455/3555/976
f 2460/4106/836 2466/4105/836 2467/4115/836 2469/4116/836
f 2474/3581/982 2468/4117/982 2467/4113/980 2465/3575/980
f 2469/4116/836 2467/4115/836 2468/4118/836 2470/4119/836
f 2463/4110/979 2469/4109/979 2470/4120/1001 2472/4121/1001
f 2472/4121/1001 2470/4120/1001 2471/4122/984 2473/4123/984
f 2470/4119/836 2468/4118/836 2477/4124/836 2471/4125/836
f 2472/4126/829 2473/4127/829 2475/4128/829 2474/4129/829
f 2463/4111/829 2472/4126/829 2474/4129/829 2465/4112/829
f 2475/3595/985 2477/4130/985 2468/4117/982 2474/3581/982
f 2476/3597/986 2478/4131/986 2477/4130/985 2475/3595/985
f 2473/4127/829 2482/4132/829 2476/4133/829 2475/4128/829
f 2471/4125/836 2477/4124/836 2478/4134/836 2480/4135/836
f 2485/3603/987 2479/4136/987 2478/4131/986 2476/3597/986
f 2480/4135/836 2478/4134/836 2479/4137/836 2481/4138/836
f 2482/4139/988 2480/4140/988 2481/4141/989 2483/4142/989
f 2473/4123/984 2471/4122/984 2480/4140/988 2482/4139/988
f 2482/4132/829 2483/4143/829 2485/4144/829 2476/4133/829
f 2483/4142/989 2481/4141/989 2490/4145/990 2484/4146/990
f 2483/4143/829 2484/4147/829 2486/4148/829 2485/4144/829
f 2486/3617/991 2488/4149/991 2479/4136/987 2485/3603/987
f 2487/3543/992 2489/3542/992 2488/4149/991 2486/3617/991
f 2484/4147/829 2492/4150/829 2487/4151/829 2486/4148/829
f 2490/4152/836 2488/4153/836 2489/4154/836 2491/4155/836
f 2481/4138/836 2479/4137/836 2488/4153/836 2490/4152/836
f 2484/4146/990 2490/4145/990 2491/4156/993 2492/4157/993
f 2181/3035/1002 2183/3641/1002 2186/3636/1002 2184/3034/1002
f 1867/2986/1002 1870/2989/1002 1872/2996/1002 1869/2999/1002
f 2177/3627/1003 2178/3626/1003 2173/3620/1003 2175/3619/1003
f 2491/4156/1003 2489/3542/1003 2487/4151/1003 2492/4157/1003
l 2173 2179
l 1869 2180
l 2487 2493
l 2183 2494
o Spiegel
v 0.870923 4.487189 0.049477
v 0.615698 4.458542 0.049477
v 0.783879 4.653494 0.049477
v 0.790498 4.661673 0.049477
v 0.800715 4.675397 0.049477
v 0.813025 4.693750 0.049477
v 0.825880 4.715636 0.049477
v 0.837793 4.739836 0.049477
v 0.847431 4.764991 0.049477
v 0.853757 4.789655 0.049477
v 0.856224 4.812521 0.049477
v 0.854811 4.832969 0.049477
v 0.849491 4.851760 0.049477
v 0.838905 4.871101 0.049477
v 0.824470 4.887585 0.049477
v 0.809425 4.898547 0.049477
v 0.792493 4.906095 0.049477
v 0.772632 4.910862 0.049477
v 0.750036 4.912750 0.049477
v 0.725854 4.911799 0.049477
v 0.701647 4.908449 0.049477
v 0.679043 4.903478 0.049477
v 0.659611 4.897877 0.049477
v 0.644817 4.892758 0.049477
v 0.635940 4.889250 0.049477
v 0.421534 4.796092 0.049477
v 0.501323 5.017507 0.049477
v 0.505742 5.029769 0.049477
v 0.512417 5.048293 0.049477
v 0.520785 5.071513 0.049477
v 0.530281 5.097864 0.049477
v 0.540340 5.125780 0.049477
v 0.543331 5.134081 0.049477
v 0.509966 5.152268 0.049477
v 0.443238 5.179286 0.049477
v 0.369057 5.213981 0.049477
v 0.289910 5.257094 0.049477
v 0.208313 5.309423 0.049477
v 0.126851 5.371825 0.049477
v 0.048227 5.445194 0.049477
v 0.000000 5.495187 0.049477
v 1.034352 3.495992 0.049477
v 1.034322 3.570039 0.049477
v 1.034320 3.647118 0.049477
v 1.034341 3.726435 0.049477
v 1.034377 3.807241 0.049477
v 1.034420 3.888788 0.049477
v 1.034462 3.970326 0.049477
v 1.034498 4.051106 0.049477
v 1.034519 4.130378 0.049477
v 1.034518 4.207390 0.049477
v 1.034487 4.281390 0.049477
v 1.034424 4.347519 0.049477
v 1.030359 4.395700 0.049477
v 1.021719 4.426067 0.049477
v 1.010875 4.446060 0.049477
v 0.998628 4.459865 0.049477
v 0.984224 4.470368 0.049477
v 0.967064 4.478535 0.049477
v 0.947752 4.484340 0.049477
v 0.927903 4.487756 0.049477
v 0.909605 4.489109 0.049477
v 0.895043 4.489061 0.049477
v 0.886213 4.488485 0.049477
v -0.870923 4.487189 0.049477
v -0.615698 4.458542 0.049477
v -0.783879 4.653494 0.049477
v -0.790498 4.661673 0.049477
v -0.800715 4.675397 0.049477
v -0.813025 4.693750 0.049477
v -0.825880 4.715636 0.049477
v -0.837793 4.739836 0.049477
v -0.847431 4.764991 0.049477
v -0.853757 4.789655 0.049477
v -0.856224 4.812521 0.049477
v -0.854811 4.832969 0.049477
v -0.849491 4.851760 0.049477
v -0.838905 4.871101 0.049477
v -0.824470 4.887585 0.049477
v -0.809425 4.898547 0.049477
v -0.792493 4.906095 0.049477
v -0.772632 4.910862 0.049477
v -0.750036 4.912750 0.049477
v -0.725854 4.911799 0.049477
v -0.701647 4.908449 0.049477
v -0.679043 4.903478 0.049477
v -0.659611 4.897877 0.049477
v -0.644817 4.892758 0.049477
v -0.635940 4.889250 0.049477
v -0.421534 4.796092 0.049477
v -0.501323 5.017507 0.049477
v -0.505742 5.029769 0.049477
v -0.512417 5.048293 0.049477
v -0.520785 5.071513 0.049477
v -0.530281 5.097864 0.049477
v -0.540340 5.125780 0.049477
v -0.543331 5.134081 0.049477
v -0.509966 5.152268 0.049477
v -0.443238 5.179286 0.049477
v -0.369057 5.213981 0.049477
v -0.289910 5.257094 0.049477
v -0.208313 5.309423 0.049477
v -0.126851 5.371825 0.049477
v -0.048227 5.445194 0.049477
v -1.034352 3.495992 0.049477
v -1.034322 3.570039 0.049477
v -1.034320 3.647118 0.049477
v -1.034341 3.726435 0.049477
v -1.034377 3.807241 0.049477
v -1.034420 3.888788 0.049477
v -1.034462 3.970326 0.049477
v -1.034498 4.051106 0.049477
v -1.034519 4.130378 0.049477
v -1.034518 4.207390 0.049477
v -1.034487 4.281390 0.049477
v -1.034424 4.347519 0.049477
v -1.030359 4.395700 0.049477
v -1.021719 4.426067 0.049477
v -1.010875 4.446060 0.049477
v -0.998628 4.459865 0.049477
v -0.984224 4.470368 0.049477
v -0.967064 4.478535 0.049477
v -0.947752 4.484340 0.049477
v -0.927903 4.487756 0.049477
v -0.909605 4.489109 0.049477
v -0.895043 4.489061 0.049477
v -0.886213 4.488485 0.049477
v -1.034352 2.339808 0.049477
v 0.870923 1.348611 0.049477
v 0.615698 1.377258 0.049477
v 0.783879 1.182307 0.049477
v 0.790498 1.174128 0.049477
v 0.800715 1.160403 0.049477
v 0.813025 1.142050 0.049477
v 0.825880 1.120164 0.049477
v 0.837793 1.095964 0.049477
v 0.847431 1.070809 0.049477
v 0.853757 1.046145 0.049477
v 0.856224 1.023280 0.049477
v 0.854811 1.002832 0.049477
v 0.849491 0.984040 0.049477
v 0.838905 0.964699 0.049477
v 0.824470 0.948215 0.049477
v 0.809425 0.937253 0.049477
v 0.792493 0.929705 0.049477
v 0.772632 0.924938 0.049477
v 0.750036 0.923050 0.049477
v 0.725854 0.924001 0.049477
v 0.701647 0.927351 0.049477
v 0.679043 0.932323 0.049477
v 0.659611 0.937923 0.049477
v 0.644817 0.943042 0.049477
v 0.635940 0.946550 0.049477
v 0.421534 1.039708 0.049477
v 0.501323 0.818293 0.049477
v 0.505742 0.806031 0.049477
v 0.512417 0.787508 0.049477
v 0.520785 0.764287 0.049477
v 0.530281 0.737937 0.049477
v 0.540340 0.710020 0.049477
v 0.543331 0.701719 0.049477
v 0.509966 0.683532 0.049477
v 0.443238 0.656515 0.049477
v 0.369057 0.621819 0.049477
v 0.289910 0.578706 0.049477
v 0.208313 0.526377 0.049477
v 0.126851 0.463975 0.049477
v 0.048227 0.390606 0.049477
v 0.000000 0.340614 0.049477
v 1.034352 2.339808 0.049477
v 1.034322 2.265761 0.049477
v 1.034320 2.188682 0.049477
v 1.034341 2.109365 0.049477
v 1.034377 2.028559 0.049477
v 1.034420 1.947012 0.049477
v 1.034462 1.865474 0.049477
v 1.034498 1.784694 0.049477
v 1.034519 1.705422 0.049477
v 1.034518 1.628410 0.049477
v 1.034487 1.554410 0.049477
v 1.034424 1.488281 0.049477
v 1.030359 1.440099 0.049477
v 1.021719 1.409733 0.049477
v 1.010875 1.389740 0.049477
v 0.998628 1.375936 0.049477
v 0.984224 1.365432 0.049477
v 0.967064 1.357265 0.049477
v 0.947752 1.351460 0.049477
v 0.927903 1.348044 0.049477
v 0.909605 1.346691 0.049477
v 0.895043 1.346739 0.049477
v 0.886213 1.347315 0.049477
v -0.870923 1.348611 0.049477
v -0.615698 1.377258 0.049477
v -0.783879 1.182307 0.049477
v -0.790498 1.174128 0.049477
v -0.800715 1.160403 0.049477
v -0.813025 1.142050 0.049477
v -0.825880 1.120164 0.049477
v -0.837793 1.095964 0.049477
v -0.847431 1.070809 0.049477
v -0.853757 1.046145 0.049477
v -0.856224 1.023280 0.049477
v -0.854811 1.002832 0.049477
v -0.849491 0.984040 0.049477
v -0.838905 0.964699 0.049477
v -0.824470 0.948215 0.049477
v -0.809425 0.937253 0.049477
v -0.792493 0.929705 0.049477
v -0.772632 0.924938 0.049477
v -0.750036 0.923050 0.049477
v -0.725854 0.924001 0.049477
v -0.701647 0.927351 0.049477
v -0.679043 0.932323 0.049477
v -0.659611 0.937923 0.049477
v -0.644817 0.943042 0.049477
v -0.635940 0.946550 0.049477
v -0.421534 1.039708 0.049477
v -0.501323 0.818293 0.049477
v -0.505742 0.806031 0.049477
v -0.512417 0.787508 0.049477
v -0.520785 0.764287 0.049477
v -0.530281 0.737937 0.049477
v -0.540340 0.710020 0.049477
v -0.543331 0.701719 0.049477
v -0.509966 0.683532 0.049477
v -0.443238 0.656515 0.049477
v -0.369057 0.621819 0.049477
v -0.289910 0.578706 0.049477
v -0.208313 0.526377 0.049477
v -0.126851 0.463975 0.049477
v -0.048227 0.390606 0.049477
v -1.034322 2.265761 0.049477
v -1.034320 2.188682 0.049477
v -1.034341 2.109365 0.049477
v -1.034377 2.028559 0.049477
v -1.034420 1.947012 0.049477
v -1.034462 1.865474 0.049477
v -1.034498 1.784694 0.049477
v -1.034519 1.705422 0.049477
v -1.034518 1.628410 0.049477
v -1.034487 1.554410 0.049477
v -1.034424 1.488281 0.049477
v -1.030359 1.440099 0.049477
v -1.021719 1.409733 0.049477
v -1.010875 1.389740 0.049477
v -0.998628 1.375936 0.049477
v -0.984224 1.365432 0.049477
v -0.967064 1.357265 0.049477
v -0.947752 1.351460 0.049477
v -0.927903 1.348044 0.049477
v -0.909605 1.346691 0.049477
v -0.895043 1.346739 0.049477
v -0.886213 1.347315 0.049477
vn -0.0000 -0.0000 1.0000
vt 0.000000 0.000000
s 1
usemtl Mirror_Mat
f 2495/4158/1004 2496/4158/1004 2497/4158/1004 2498/4158/1004 2499/4158/1004 2500/4158/1004 2501/4158/1004 2502/4158/1004 2503/4158/1004 2504/4158/1004 2505/4158/1004 2506/4158/1004 2507/4158/1004 2508/4158/1004 2509/4158/1004 2510/4158/1004 2511/4158/1004 2512/4158/1004 2513/4158/1004 2514/4158/1004 2515/4158/1004 2516/4158/1004 2517/4158/1004 2518/4158/1004 2519/4158/1004 2520/4158/1004 2521/4158/1004 2522/4158/1004 2523/4158/1004 2524/4158/1004 2525/4158/1004 2526/4158/1004 2527/4158/1004 2528/4158/1004 2529/4158/1004 2530/4158/1004 2531/4158/1004 2532/4158/1004 2533/4158/1004 2534/4158/1004 2535/4158/1004 2598/4158/1004 2597/4158/1004 2596/4158/1004 2595/4158/1004 2594/4158/1004 2593/4158/1004 2592/4158/1004 2591/4158/1004 2590/4158/1004 2589/4158/1004 2588/4158/1004 2587/4158/1004 2586/4158/1004 2585/4158/1004 2584/4158/1004 2583/4158/1004 2582/4158/1004 2581/4158/1004 2580/4158/1004 2579/4158/1004 2578/4158/1004 2577/4158/1004 2576/4158/1004 2575/4158/1004 2574/4158/1004 2573/4158/1004 2572/4158/1004 2571/4158/1004 2570/4158/1004 2569/4158/1004 2568/4158/1004 2567/4158/1004 2566/4158/1004 2565/4158/1004 2564/4158/1004 2563/4158/1004 2562/4158/1004 2561/4158/1004 2560/4158/1004 2559/4158/1004 2621/4158/1004 2620/4158/1004 2619/4158/1004 2618/4158/1004 2617/4158/1004 2616/4158/1004 2615/4158/1004 2614/4158/1004 2613/4158/1004 2612/4158/1004 2611/4158/1004 2610/4158/1004 2609/4158/1004 2608/4158/1004 2607/4158/1004 2606/4158/1004 2605/4158/1004 2604/4158/1004 2603/4158/1004 2602/4158/1004 2601/4158/1004 2600/4158/1004 2599/4158/1004 2622/4158/1004 2727/4158/1004 2728/4158/1004 2729/4158/1004 2730/4158/1004 2731/4158/1004 2732/4158/1004 2733/4158/1004 2734/4158/1004 2735/4158/1004 2736/4158/1004 2737/4158/1004 2738/4158/1004 2739/4158/1004 2740/4158/1004 2741/4158/1004 2742/4158/1004 2743/4158/1004 2744/4158/1004 2745/4158/1004 2746/4158/1004 2747/4158/1004 2748/4158/1004 2687/4158/1004 2688/4158/1004 2689/4158/1004 2690/4158/1004 2691/4158/1004 2692/4158/1004 2693/4158/1004 2694/4158/1004 2695/4158/1004 2696/4158/1004 2697/4158/1004 2698/4158/1004 2699/4158/1004 2700/4158/1004 2701/4158/1004 2702/4158/1004 2703/4158/1004 2704/4158/1004 2705/4158/1004 2706/4158/1004 2707/4158/1004 2708/4158/1004 2709/4158/1004 2710/4158/1004 2711/4158/1004 2712/4158/1004 2713/4158/1004 2714/4158/1004 2715/4158/1004 2716/4158/1004 2717/4158/1004 2718/4158/1004 2719/4158/1004 2720/4158/1004 2721/4158/1004 2722/4158/1004 2723/4158/1004 2724/4158/1004 2725/4158/1004 2726/4158/1004 2663/4158/1004 2662/4158/1004 2661/4158/1004 2660/4158/1004 2659/4158/1004 2658/4158/1004 2657/4158/1004 2656/4158/1004 2655/4158/1004 2654/4158/1004 2653/4158/1004 2652/4158/1004 2651/4158/1004 2650/4158/1004 2649/4158/1004 2648/4158/1004 2647/4158/1004 2646/4158/1004 2645/4158/1004 2644/4158/1004 2643/4158/1004 2642/4158/1004 2641/4158/1004 2640/4158/1004 2639/4158/1004 2638/4158/1004 2637/4158/1004 2636/4158/1004 2635/4158/1004 2634/4158/1004 2633/4158/1004 2632/4158/1004 2631/4158/1004 2630/4158/1004 2629/4158/1004 2628/4158/1004 2627/4158/1004 2626/4158/1004 2625/4158/1004 2624/4158/1004 2623/4158/1004 2686/4158/1004 2685/4158/1004 2684/4158/1004 2683/4158/1004 2682/4158/1004 2681/4158/1004 2680/4158/1004 2679/4158/1004 2678/4158/1004 2677/4158/1004 2676/4158/1004 2675/4158/1004 2674/4158/1004 2673/4158/1004 2672/4158/1004 2671/4158/1004 2670/4158/1004 2669/4158/1004 2668/4158/1004 2667/4158/1004 2666/4158/1004 2665/4158/1004 2664/4158/1004 2536/4158/1004 2537/4158/1004 2538/4158/1004 2539/4158/1004 2540/4158/1004 2541/4158/1004 2542/4158/1004 2543/4158/1004 2544/4158/1004 2545/4158/1004 2546/4158/1004 2547/4158/1004 2548/4158/1004 2549/4158/1004 2550/4158/1004 2551/4158/1004 2552/4158/1004 2553/4158/1004 2554/4158/1004 2555/4158/1004 2556/4158/1004 2557/4158/1004 2558/4158/1004
