# Blender 4.4.0
# www.blender.org
mtllib Puzzle_Flower.mtl
o Plane.004
v 0.000332 1.209164 0.035930
v 0.035930 1.209164 0.000332
v 0.022085 1.156491 0.057683
v 0.057683 1.156491 0.022085
v 0.007806 1.185915 0.054657
v 0.009089 1.221345 0.009090
v 0.054657 1.185915 0.007806
v 0.043123 1.133952 0.043124
v 0.038351 1.190198 0.038351
v 0.002886 1.198171 0.047189
v 0.021796 1.217839 0.001917
v 0.058325 1.172163 0.014022
v 0.032309 1.140998 0.052189
v 0.014022 1.172163 0.058325
v 0.001917 1.217839 0.021796
v 0.047189 1.198171 0.002886
v 0.052189 1.140998 0.032309
v 0.042946 1.164389 0.042946
v 0.025745 1.207924 0.025745
v 0.024543 1.188975 0.048023
v 0.048023 1.188975 0.024543
v 0.052327 1.166917 0.029827
v 0.029827 1.166917 0.052327
v 0.014408 1.205091 0.036908
v 0.036908 1.205091 0.014408
v 0.005146 1.192199 0.051394
v 0.001210 1.203849 0.042026
v 0.014947 1.220416 0.004738
v 0.028999 1.213949 0.000511
v 0.056986 1.179265 0.010738
v 0.058593 1.164549 0.017777
v 0.037790 1.135878 0.047999
v 0.026994 1.148277 0.055483
v 0.017777 1.164549 0.058593
v 0.010738 1.179265 0.056986
v 0.000511 1.213949 0.028999
v 0.004738 1.220416 0.014947
v 0.042026 1.203849 0.001210
v 0.051394 1.192199 0.005147
v 0.055482 1.148277 0.026995
v 0.047999 1.135878 0.037790
v 0.041537 1.178197 0.041537
v 0.043291 1.149448 0.043291
v 0.017639 1.214882 0.017639
v 0.032902 1.199934 0.032902
v 0.031934 1.189881 0.043684
v 0.016378 1.187576 0.051554
v 0.051554 1.187576 0.016378
v 0.043684 1.189881 0.031934
v 0.050969 1.178641 0.027734
v 0.055584 1.169385 0.022117
v 0.052549 1.154209 0.031235
v 0.048132 1.165101 0.036817
v 0.027734 1.178641 0.050969
v 0.036817 1.165101 0.048133
v 0.031235 1.154209 0.052549
v 0.022117 1.169385 0.055584
v 0.008288 1.211670 0.029601
v 0.020087 1.207182 0.031402
v 0.019983 1.197681 0.043218
v 0.008667 1.201917 0.042134
v 0.029601 1.211670 0.008288
v 0.042134 1.201917 0.008667
v 0.043218 1.197681 0.019983
v 0.031402 1.207182 0.020087
v 0.046792 1.178338 0.035153
v 0.054225 1.178957 0.019463
v 0.055854 1.159043 0.024581
v 0.048344 1.150763 0.037533
v 0.019463 1.178957 0.054225
v 0.035153 1.178338 0.046792
v 0.037533 1.150763 0.048344
v 0.024580 1.159043 0.055854
v 0.004567 1.208090 0.035840
v 0.012603 1.214037 0.023415
v 0.026749 1.199343 0.038388
v 0.012702 1.195165 0.047464
v 0.023415 1.214037 0.012604
v 0.035840 1.208090 0.004567
v 0.047464 1.195165 0.012702
v 0.038388 1.199343 0.026750
v 0.035930 1.209164 -0.000332
v 0.000332 1.209164 -0.035930
v 0.057683 1.156491 -0.022085
v 0.022085 1.156491 -0.057683
v 0.054657 1.185915 -0.007806
v 0.009089 1.221345 -0.009089
v 0.007806 1.185915 -0.054657
v 0.043123 1.133952 -0.043123
v 0.038351 1.190198 -0.038351
v 0.047189 1.198171 -0.002886
v 0.001917 1.217839 -0.021796
v 0.014022 1.172163 -0.058325
v 0.052189 1.140998 -0.032309
v 0.058325 1.172163 -0.014022
v 0.021796 1.217839 -0.001916
v 0.002886 1.198171 -0.047189
v 0.032309 1.140998 -0.052189
v 0.042946 1.164389 -0.042946
v 0.025745 1.207924 -0.025745
v 0.048023 1.188975 -0.024543
v 0.024543 1.188975 -0.048023
v 0.029827 1.166917 -0.052327
v 0.052327 1.166917 -0.029827
v 0.036908 1.205091 -0.014408
v 0.014408 1.205091 -0.036908
v 0.051394 1.192199 -0.005146
v 0.042026 1.203849 -0.001210
v 0.004738 1.220416 -0.014947
v 0.000511 1.213949 -0.028999
v 0.010738 1.179265 -0.056986
v 0.017777 1.164549 -0.058593
v 0.047999 1.135878 -0.037790
v 0.055482 1.148277 -0.026994
v 0.058593 1.164549 -0.017777
v 0.056986 1.179265 -0.010738
v 0.028999 1.213949 -0.000511
v 0.014947 1.220416 -0.004738
v 0.001210 1.203849 -0.042026
v 0.005146 1.192199 -0.051394
v 0.026994 1.148277 -0.055482
v 0.037790 1.135878 -0.047999
v 0.041537 1.178197 -0.041537
v 0.043291 1.149448 -0.043291
v 0.017639 1.214882 -0.017639
v 0.032902 1.199934 -0.032902
v 0.043684 1.189881 -0.031934
v 0.051554 1.187576 -0.016378
v 0.016378 1.187576 -0.051554
v 0.031934 1.189881 -0.043684
v 0.027734 1.178641 -0.050969
v 0.022117 1.169385 -0.055584
v 0.031235 1.154209 -0.052549
v 0.036817 1.165101 -0.048132
v 0.050969 1.178641 -0.027734
v 0.048132 1.165101 -0.036817
v 0.052549 1.154209 -0.031235
v 0.055584 1.169385 -0.022117
v 0.029601 1.211670 -0.008288
v 0.031402 1.207182 -0.020087
v 0.043218 1.197681 -0.019982
v 0.042134 1.201917 -0.008667
v 0.008288 1.211670 -0.029601
v 0.008667 1.201917 -0.042134
v 0.019983 1.197681 -0.043218
v 0.020087 1.207182 -0.031402
v 0.035153 1.178338 -0.046792
v 0.019463 1.178957 -0.054225
v 0.024581 1.159043 -0.055854
v 0.037533 1.150763 -0.048344
v 0.054225 1.178957 -0.019463
v 0.046792 1.178338 -0.035153
v 0.048344 1.150763 -0.037533
v 0.055854 1.159043 -0.024580
v 0.035840 1.208090 -0.004567
v 0.023415 1.214037 -0.012603
v 0.038388 1.199343 -0.026749
v 0.047464 1.195165 -0.012702
v 0.012603 1.214037 -0.023415
v 0.004567 1.208090 -0.035840
v 0.012702 1.195165 -0.047464
v 0.026749 1.199343 -0.038388
v -0.035930 1.209164 0.000332
v -0.000332 1.209164 0.035930
v -0.057683 1.156491 0.022085
v -0.022085 1.156491 0.057683
v -0.054657 1.185915 0.007806
v -0.009089 1.221345 0.009090
v -0.007806 1.185915 0.054657
v -0.043124 1.133952 0.043124
v -0.038351 1.190198 0.038351
v -0.047189 1.198171 0.002886
v -0.001917 1.217839 0.021796
v -0.014022 1.172163 0.058325
v -0.052189 1.140998 0.032309
v -0.058325 1.172163 0.014022
v -0.021796 1.217839 0.001917
v -0.002886 1.198171 0.047189
v -0.032309 1.140998 0.052189
v -0.042946 1.164389 0.042946
v -0.025745 1.207924 0.025745
v -0.048023 1.188975 0.024543
v -0.024543 1.188975 0.048023
v -0.029827 1.166917 0.052327
v -0.052327 1.166917 0.029827
v -0.036908 1.205091 0.014408
v -0.014408 1.205091 0.036908
v -0.051394 1.192199 0.005146
v -0.042026 1.203849 0.001210
v -0.004738 1.220416 0.014947
v -0.000511 1.213949 0.028999
v -0.010738 1.179265 0.056986
v -0.017777 1.164549 0.058593
v -0.047999 1.135878 0.037790
v -0.055482 1.148277 0.026995
v -0.058593 1.164549 0.017777
v -0.056986 1.179265 0.010738
v -0.028999 1.213949 0.000511
v -0.014947 1.220416 0.004738
v -0.001210 1.203849 0.042026
v -0.005146 1.192199 0.051394
v -0.026995 1.148277 0.055482
v -0.037790 1.135878 0.047999
v -0.041537 1.178197 0.041537
v -0.043291 1.149448 0.043291
v -0.017639 1.214882 0.017639
v -0.032902 1.199934 0.032902
v -0.043684 1.189881 0.031934
v -0.051554 1.187576 0.016378
v -0.016378 1.187576 0.051554
v -0.031934 1.189881 0.043684
v -0.027734 1.178641 0.050969
v -0.022117 1.169385 0.055584
v -0.031235 1.154209 0.052549
v -0.036817 1.165101 0.048132
v -0.050969 1.178641 0.027734
v -0.048132 1.165101 0.036817
v -0.052549 1.154209 0.031235
v -0.055584 1.169385 0.022117
v -0.029601 1.211670 0.008288
v -0.031402 1.207182 0.020087
v -0.043218 1.197681 0.019983
v -0.042134 1.201917 0.008667
v -0.008288 1.211670 0.029601
v -0.008667 1.201917 0.042134
v -0.019983 1.197681 0.043218
v -0.020087 1.207182 0.031402
v -0.035153 1.178338 0.046792
v -0.019463 1.178957 0.054225
v -0.024581 1.159043 0.055854
v -0.037533 1.150763 0.048344
v -0.054225 1.178957 0.019463
v -0.046792 1.178338 0.035153
v -0.048344 1.150763 0.037533
v -0.055854 1.159043 0.024581
v -0.035840 1.208090 0.004567
v -0.023415 1.214037 0.012604
v -0.038388 1.199343 0.026749
v -0.047464 1.195165 0.012702
v -0.012603 1.214037 0.023415
v -0.004567 1.208090 0.035840
v -0.012702 1.195165 0.047464
v -0.026749 1.199343 0.038388
v -0.000332 1.209164 -0.035930
v -0.035930 1.209164 -0.000332
v -0.022085 1.156491 -0.057683
v -0.057683 1.156491 -0.022085
v -0.007806 1.185915 -0.054657
v -0.009089 1.221345 -0.009089
v -0.054657 1.185915 -0.007806
v -0.043123 1.133952 -0.043123
v -0.038351 1.190198 -0.038351
v -0.002886 1.198171 -0.047189
v -0.021796 1.217839 -0.001916
v -0.058325 1.172163 -0.014022
v -0.032309 1.140998 -0.052189
v -0.014022 1.172163 -0.058325
v -0.001916 1.217839 -0.021796
v -0.047189 1.198171 -0.002886
v -0.052189 1.140998 -0.032309
v -0.042946 1.164389 -0.042946
v -0.025745 1.207924 -0.025745
v -0.024543 1.188975 -0.048023
v -0.048023 1.188975 -0.024543
v -0.052327 1.166917 -0.029827
v -0.029827 1.166917 -0.052327
v -0.014408 1.205091 -0.036908
v -0.036908 1.205091 -0.014408
v -0.005146 1.192199 -0.051394
v -0.001210 1.203849 -0.042026
v -0.014947 1.220416 -0.004738
v -0.028999 1.213949 -0.000511
v -0.056986 1.179265 -0.010738
v -0.058593 1.164549 -0.017777
v -0.037790 1.135878 -0.047999
v -0.026994 1.148277 -0.055482
v -0.017777 1.164549 -0.058593
v -0.010738 1.179265 -0.056986
v -0.000511 1.213949 -0.028999
v -0.004738 1.220416 -0.014947
v -0.042026 1.203849 -0.001210
v -0.051394 1.192199 -0.005146
v -0.055482 1.148277 -0.026994
v -0.047999 1.135878 -0.037790
v -0.041537 1.178197 -0.041537
v -0.043291 1.149448 -0.043291
v -0.017639 1.214882 -0.017639
v -0.032902 1.199934 -0.032902
v -0.031934 1.189881 -0.043684
v -0.016378 1.187576 -0.051554
v -0.051554 1.187576 -0.016378
v -0.043684 1.189881 -0.031934
v -0.050969 1.178641 -0.027734
v -0.055584 1.169385 -0.022117
v -0.052549 1.154209 -0.031235
v -0.048132 1.165101 -0.036817
v -0.027734 1.178641 -0.050969
v -0.036817 1.165101 -0.048132
v -0.031235 1.154209 -0.052549
v -0.022117 1.169385 -0.055584
v -0.008288 1.211670 -0.029601
v -0.020087 1.207182 -0.031402
v -0.019983 1.197681 -0.043218
v -0.008667 1.201917 -0.042134
v -0.029601 1.211670 -0.008288
v -0.042134 1.201917 -0.008667
v -0.043218 1.197681 -0.019983
v -0.031402 1.207182 -0.020087
v -0.046792 1.178338 -0.035153
v -0.054225 1.178957 -0.019463
v -0.055854 1.159043 -0.024581
v -0.048344 1.150763 -0.037533
v -0.019463 1.178957 -0.054225
v -0.035153 1.178338 -0.046792
v -0.037533 1.150763 -0.048344
v -0.024580 1.159043 -0.055854
v -0.004567 1.208090 -0.035840
v -0.012603 1.214037 -0.023415
v -0.026749 1.199343 -0.038388
v -0.012702 1.195165 -0.047464
v -0.023415 1.214037 -0.012603
v -0.035840 1.208090 -0.004567
v -0.047464 1.195165 -0.012702
v -0.038388 1.199343 -0.026749
v -0.167569 0.463068 0.167569
v -0.167569 0.463068 -0.167569
v 0.167569 0.463068 0.167569
v 0.167569 0.463068 -0.167569
v -0.230534 0.463068 0.054892
v -0.054892 0.463068 -0.230534
v 0.230534 0.463068 -0.054892
v 0.054892 0.463068 0.230534
v -0.000000 0.000001 0.000000
v -0.000000 0.522164 -0.058394
v 0.058395 0.522164 0.000000
v -0.058395 0.522164 0.000000
v -0.000000 0.522165 0.058395
v -0.000000 0.610930 -0.055330
v -0.055330 0.610930 0.000000
v -0.000000 0.610930 0.055330
v 0.055330 0.610930 0.000000
v 0.027379 0.572912 -0.084744
v 0.023540 0.604676 -0.072860
v 0.072860 0.604676 -0.023540
v 0.084744 0.572912 -0.027379
v 0.084744 0.572912 0.027379
v 0.072860 0.604676 0.023540
v 0.023540 0.604676 0.072860
v 0.027379 0.572912 0.084744
v -0.027379 0.572912 0.084744
v -0.023540 0.604676 0.072860
v -0.072860 0.604676 0.023540
v -0.084744 0.572912 0.027379
v -0.084744 0.572912 -0.027379
v -0.072860 0.604676 -0.023540
v -0.023540 0.604676 -0.072860
v -0.027379 0.572912 -0.084744
v -0.110849 0.000001 0.110849
v -0.110849 0.000001 -0.110849
v 0.110849 0.000001 0.110849
v 0.110849 0.000001 -0.110849
v -0.152504 0.000001 0.036313
v -0.036312 0.000001 -0.152504
v 0.152504 0.000001 -0.036312
v 0.036312 0.000002 0.152505
v -0.227099 0.252750 0.227100
v -0.218825 0.365167 0.218825
v -0.218825 0.365167 -0.218825
v -0.227099 0.252750 -0.227099
v 0.218825 0.365167 -0.218825
v 0.227099 0.252750 -0.227099
v 0.218825 0.365167 0.218825
v 0.227099 0.252750 0.227100
v -0.296088 0.366342 0.058819
v -0.307236 0.252179 0.059076
v -0.058819 0.366342 -0.296088
v -0.059076 0.252179 -0.307236
v 0.296088 0.366342 -0.058819
v 0.307236 0.252179 -0.059076
v 0.058819 0.366342 0.296088
v 0.059076 0.252179 0.307236
v 0.106744 0.659836 -0.104789
v 0.106744 0.659836 0.104789
v 0.234812 0.879113 -0.104789
v 0.234812 0.879113 0.104789
v 0.183871 0.756623 -0.137915
v 0.053513 0.609125 0.000000
v 0.183871 0.756623 0.137915
v 0.253885 0.972943 -0.000000
v 0.225789 0.738793 -0.000000
v 0.147407 0.705601 -0.130416
v 0.069804 0.623720 0.058520
v 0.212969 0.813870 0.130416
v 0.248735 0.943613 -0.058520
v 0.212969 0.813870 -0.130416
v 0.069803 0.623720 -0.058520
v 0.147407 0.705601 0.130416
v 0.248736 0.943613 0.058520
v 0.252842 0.846234 -0.000000
v 0.151573 0.664998 -0.000000
v 0.213612 0.743882 -0.069118
v 0.213612 0.743882 0.069118
v 0.241838 0.835709 0.066234
v 0.241838 0.835709 -0.066234
v 0.151060 0.676793 -0.066234
v 0.151060 0.676793 0.066234
v 0.166438 0.730460 -0.136139
v 0.127274 0.681964 -0.120149
v 0.057947 0.612992 0.030054
v 0.086870 0.639917 0.083860
v 0.199360 0.784307 0.136139
v 0.224810 0.845571 0.120149
v 0.252538 0.964926 -0.030054
v 0.242787 0.913309 -0.083860
v 0.224810 0.845571 -0.120149
v 0.199360 0.784307 -0.136139
v 0.086870 0.639917 -0.083860
v 0.057947 0.612992 -0.030054
v 0.127274 0.681964 0.120149
v 0.166438 0.730460 0.136139
v 0.242787 0.913308 0.083860
v 0.252538 0.964926 0.030054
v 0.244543 0.788750 -0.000000
v 0.254873 0.908434 -0.000000
v 0.103849 0.636033 0.000000
v 0.193705 0.698258 -0.000000
v 0.222599 0.740110 -0.034589
v 0.199971 0.749706 -0.103547
v 0.199971 0.749706 0.103547
v 0.222599 0.740110 0.034589
v 0.231679 0.786905 0.068398
v 0.228728 0.825438 0.098517
v 0.246635 0.888615 0.062740
v 0.250066 0.843269 0.033309
v 0.231679 0.786905 -0.068398
v 0.250066 0.843269 -0.033309
v 0.246635 0.888615 -0.062740
v 0.228728 0.825438 -0.098517
v 0.111534 0.649403 -0.062740
v 0.151567 0.668088 -0.033309
v 0.186043 0.707640 -0.068398
v 0.149542 0.690006 -0.098517
v 0.111534 0.649403 0.062740
v 0.149542 0.690006 0.098517
v 0.186043 0.707640 0.068398
v 0.151567 0.668088 0.033309
v 0.241220 0.788165 0.034261
v 0.216915 0.785588 0.102330
v 0.236775 0.868492 0.092059
v 0.252797 0.902960 0.031825
v 0.216914 0.785588 -0.102330
v 0.241220 0.788165 -0.034261
v 0.252797 0.902960 -0.031825
v 0.236775 0.868492 -0.092059
v 0.118946 0.664307 -0.092059
v 0.106026 0.639550 -0.031825
v 0.191745 0.700722 -0.034261
v 0.177110 0.718113 -0.102330
v 0.106026 0.639550 0.031825
v 0.118946 0.664307 0.092059
v 0.177110 0.718113 0.102330
v 0.191745 0.700722 0.034261
v 0.104789 0.659836 0.106744
v -0.104789 0.659836 0.106744
v 0.104789 0.879113 0.234812
v -0.104789 0.879113 0.234812
v 0.137915 0.756623 0.183871
v 0.000000 0.609125 0.053513
v -0.137915 0.756623 0.183871
v 0.000000 0.972943 0.253885
v 0.000000 0.738793 0.225789
v 0.130416 0.705601 0.147407
v -0.058520 0.623720 0.069804
v -0.130416 0.813870 0.212969
v 0.058520 0.943613 0.248736
v 0.130416 0.813870 0.212969
v 0.058520 0.623720 0.069804
v -0.130416 0.705601 0.147407
v -0.058520 0.943613 0.248736
v 0.000000 0.846234 0.252842
v 0.000000 0.664998 0.151573
v 0.069118 0.743882 0.213612
v -0.069118 0.743882 0.213612
v -0.066234 0.835709 0.241838
v 0.066234 0.835709 0.241838
v 0.066234 0.676793 0.151060
v -0.066234 0.676793 0.151060
v 0.136139 0.730460 0.166438
v 0.120149 0.681964 0.127274
v -0.030054 0.612992 0.057947
v -0.083860 0.639917 0.086870
v -0.136139 0.784307 0.199360
v -0.120149 0.845571 0.224810
v 0.030054 0.964926 0.252538
v 0.083860 0.913308 0.242787
v 0.120149 0.845571 0.224810
v 0.136139 0.784307 0.199360
v 0.083860 0.639917 0.086870
v 0.030054 0.612992 0.057947
v -0.120149 0.681964 0.127274
v -0.136139 0.730460 0.166438
v -0.083860 0.913308 0.242787
v -0.030054 0.964926 0.252538
v 0.000000 0.788750 0.244543
v 0.000000 0.908434 0.254873
v 0.000000 0.636033 0.103849
v 0.000000 0.698258 0.193705
v 0.034589 0.740110 0.222599
v 0.103547 0.749706 0.199971
v -0.103547 0.749706 0.199971
v -0.034589 0.740110 0.222599
v -0.068398 0.786905 0.231679
v -0.098517 0.825438 0.228728
v -0.062740 0.888615 0.246635
v -0.033309 0.843269 0.250066
v 0.068398 0.786905 0.231679
v 0.033309 0.843269 0.250066
v 0.062740 0.888615 0.246635
v 0.098517 0.825438 0.228728
v 0.062740 0.649403 0.111534
v 0.033309 0.668088 0.151567
v 0.068398 0.707640 0.186043
v 0.098517 0.690006 0.149542
v -0.062740 0.649404 0.111534
v -0.098517 0.690006 0.149542
v -0.068398 0.707640 0.186043
v -0.033309 0.668088 0.151567
v -0.034260 0.788165 0.241220
v -0.102330 0.785588 0.216915
v -0.092059 0.868492 0.236775
v -0.031825 0.902960 0.252797
v 0.102330 0.785588 0.216915
v 0.034261 0.788165 0.241220
v 0.031825 0.902960 0.252797
v 0.092059 0.868492 0.236775
v 0.092059 0.664307 0.118946
v 0.031825 0.639550 0.106026
v 0.034261 0.700722 0.191745
v 0.102330 0.718113 0.177110
v -0.031825 0.639550 0.106026
v -0.092059 0.664307 0.118946
v -0.102330 0.718113 0.177110
v -0.034261 0.700722 0.191745
v -0.104789 0.659836 -0.106744
v 0.104789 0.659836 -0.106744
v -0.104789 0.879113 -0.234812
v 0.104789 0.879113 -0.234812
v -0.137916 0.756623 -0.183870
v -0.000000 0.609125 -0.053513
v 0.137915 0.756623 -0.183871
v -0.000000 0.972943 -0.253885
v -0.000000 0.738793 -0.225789
v -0.130416 0.705601 -0.147407
v 0.058520 0.623720 -0.069803
v 0.130415 0.813870 -0.212969
v -0.058520 0.943613 -0.248735
v -0.130416 0.813870 -0.212969
v -0.058520 0.623720 -0.069803
v 0.130415 0.705601 -0.147407
v 0.058520 0.943613 -0.248735
v -0.000000 0.846234 -0.252842
v -0.000000 0.664998 -0.151573
v -0.069118 0.743882 -0.213612
v 0.069118 0.743882 -0.213612
v 0.066233 0.835709 -0.241838
v -0.066234 0.835709 -0.241838
v -0.066234 0.676793 -0.151060
v 0.066234 0.676793 -0.151060
v -0.136139 0.730460 -0.166438
v -0.120149 0.681964 -0.127274
v 0.030054 0.612992 -0.057947
v 0.083860 0.639917 -0.086870
v 0.136139 0.784307 -0.199360
v 0.120149 0.845571 -0.224810
v -0.030054 0.964926 -0.252537
v -0.083860 0.913308 -0.242787
v -0.120149 0.845571 -0.224810
v -0.136139 0.784307 -0.199360
v -0.083860 0.639917 -0.086870
v -0.030054 0.612992 -0.057947
v 0.120149 0.681964 -0.127274
v 0.136139 0.730460 -0.166438
v 0.083860 0.913308 -0.242787
v 0.030054 0.964926 -0.252538
v -0.000000 0.788750 -0.244543
v -0.000000 0.908434 -0.254873
v -0.000000 0.636033 -0.103849
v -0.000000 0.698258 -0.193705
v -0.034589 0.740110 -0.222599
v -0.103547 0.749706 -0.199970
v 0.103547 0.749706 -0.199971
v 0.034589 0.740110 -0.222599
v 0.068398 0.786905 -0.231679
v 0.098517 0.825438 -0.228728
v 0.062740 0.888615 -0.246635
v 0.033309 0.843269 -0.250066
v -0.068398 0.786905 -0.231679
v -0.033309 0.843269 -0.250066
v -0.062740 0.888615 -0.246635
v -0.098517 0.825438 -0.228728
v -0.062740 0.649404 -0.111534
v -0.033309 0.668088 -0.151567
v -0.068398 0.707640 -0.186043
v -0.098517 0.690006 -0.149542
v 0.062740 0.649403 -0.111534
v 0.098517 0.690006 -0.149542
v 0.068398 0.707640 -0.186043
v 0.033309 0.668088 -0.151567
v 0.034260 0.788165 -0.241220
v 0.102330 0.785588 -0.216915
v 0.092059 0.868492 -0.236775
v 0.031824 0.902960 -0.252797
v -0.102330 0.785588 -0.216914
v -0.034261 0.788165 -0.241220
v -0.031825 0.902960 -0.252797
v -0.092059 0.868492 -0.236775
v -0.092059 0.664307 -0.118945
v -0.031825 0.639550 -0.106026
v -0.034261 0.700722 -0.191745
v -0.102330 0.718113 -0.177110
v 0.031825 0.639550 -0.106026
v 0.092059 0.664307 -0.118946
v 0.102330 0.718113 -0.177110
v 0.034260 0.700722 -0.191745
v -0.106744 0.659836 0.104789
v -0.106744 0.659836 -0.104789
v -0.234812 0.879113 0.104789
v -0.234812 0.879113 -0.104789
v -0.183871 0.756623 0.137916
v -0.053513 0.609125 0.000000
v -0.183871 0.756623 -0.137915
v -0.253885 0.972943 0.000000
v -0.225789 0.738793 0.000000
v -0.147407 0.705601 0.130416
v -0.069804 0.623720 -0.058520
v -0.212969 0.813870 -0.130415
v -0.248735 0.943613 0.058520
v -0.212969 0.813870 0.130416
v -0.069803 0.623720 0.058520
v -0.147407 0.705601 -0.130415
v -0.248736 0.943613 -0.058520
v -0.252842 0.846234 0.000000
v -0.151573 0.664998 0.000000
v -0.213612 0.743882 0.069118
v -0.213612 0.743882 -0.069118
v -0.241838 0.835709 -0.066233
v -0.241838 0.835709 0.066234
v -0.151060 0.676793 0.066234
v -0.151060 0.676793 -0.066233
v -0.166438 0.730460 0.136139
v -0.127274 0.681964 0.120149
v -0.057947 0.612992 -0.030054
v -0.086870 0.639917 -0.083860
v -0.199360 0.784307 -0.136139
v -0.224810 0.845571 -0.120149
v -0.252538 0.964926 0.030054
v -0.242787 0.913308 0.083860
v -0.224810 0.845571 0.120149
v -0.199360 0.784307 0.136139
v -0.086870 0.639917 0.083860
v -0.057947 0.612992 0.030054
v -0.127274 0.681964 -0.120149
v -0.166438 0.730460 -0.136139
v -0.242787 0.913308 -0.083860
v -0.252538 0.964926 -0.030054
v -0.244543 0.788750 0.000000
v -0.254873 0.908434 0.000000
v -0.103849 0.636033 0.000000
v -0.193705 0.698258 0.000000
v -0.222599 0.740110 0.034589
v -0.199971 0.749706 0.103547
v -0.199971 0.749706 -0.103546
v -0.222599 0.740110 -0.034589
v -0.231679 0.786905 -0.068398
v -0.228728 0.825438 -0.098517
v -0.246635 0.888615 -0.062740
v -0.250066 0.843269 -0.033309
v -0.231679 0.786905 0.068398
v -0.250066 0.843269 0.033309
v -0.246635 0.888615 0.062740
v -0.228728 0.825438 0.098517
v -0.111534 0.649403 0.062740
v -0.151567 0.668088 0.033309
v -0.186043 0.707640 0.068398
v -0.149542 0.690006 0.098517
v -0.111534 0.649404 -0.062740
v -0.149542 0.690006 -0.098517
v -0.186043 0.707640 -0.068398
v -0.151567 0.668088 -0.033309
v -0.241220 0.788165 -0.034260
v -0.216915 0.785588 -0.102330
v -0.236775 0.868492 -0.092059
v -0.252797 0.902960 -0.031824
v -0.216914 0.785588 0.102330
v -0.241220 0.788165 0.034261
v -0.252797 0.902960 0.031825
v -0.236775 0.868492 0.092059
v -0.118946 0.664307 0.092059
v -0.106026 0.639550 0.031825
v -0.191745 0.700722 0.034261
v -0.177110 0.718113 0.102330
v -0.106026 0.639550 -0.031824
v -0.118946 0.664307 -0.092059
v -0.177110 0.718113 -0.102330
v -0.191745 0.700722 -0.034260
v -0.000000 0.443404 -0.015715
v -0.000000 1.036185 -0.015715
v 0.011112 0.443404 -0.011112
v 0.011112 1.036185 -0.011112
v 0.015715 0.443404 0.000000
v 0.015715 1.036185 0.000000
v 0.011112 0.443404 0.011112
v 0.011112 1.036185 0.011112
v -0.000000 0.443404 0.015715
v -0.000000 1.036185 0.015715
v -0.011112 0.443404 0.011112
v -0.011112 1.036185 0.011112
v -0.015715 0.443404 0.000000
v -0.015715 1.036185 0.000000
v -0.011112 0.443404 -0.011112
v -0.011112 1.036185 -0.011112
v 0.041534 1.039838 -0.040774
v 0.041534 1.039838 0.040774
v 0.091366 1.125159 -0.040774
v 0.091366 1.125160 0.040774
v 0.071545 1.077498 -0.053663
v 0.020822 1.020106 0.000000
v 0.071545 1.077498 0.053663
v 0.098788 1.161669 0.000000
v 0.087855 1.070560 0.000000
v 0.057356 1.057646 -0.050745
v 0.027161 1.025785 0.022770
v 0.082867 1.099773 0.050745
v 0.096784 1.150257 -0.022770
v 0.082867 1.099773 -0.050745
v 0.027161 1.025785 -0.022770
v 0.057357 1.057646 0.050745
v 0.096784 1.150257 0.022770
v 0.098382 1.112366 0.000000
v 0.058978 1.041847 0.000000
v 0.083117 1.072541 -0.026894
v 0.083117 1.072541 0.026894
v 0.094100 1.108271 0.025772
v 0.094100 1.108271 -0.025772
v 0.058778 1.046436 -0.025772
v 0.058778 1.046436 0.025772
v 0.064762 1.067318 -0.052972
v 0.049523 1.048448 -0.046750
v 0.022547 1.021611 0.011694
v 0.033801 1.032087 0.032630
v 0.077572 1.088270 0.052972
v 0.087474 1.112108 0.046750
v 0.098263 1.158550 -0.011694
v 0.094469 1.138465 -0.032630
v 0.087474 1.112108 -0.046750
v 0.077572 1.088270 -0.052972
v 0.033801 1.032087 -0.032630
v 0.022547 1.021611 -0.011694
v 0.049523 1.048448 0.046750
v 0.064762 1.067318 0.052972
v 0.094469 1.138465 0.032630
v 0.098263 1.158550 0.011694
v 0.095152 1.089999 0.000000
v 0.099172 1.136568 0.000000
v 0.040408 1.030576 0.000000
v 0.075371 1.054788 0.000000
v 0.086614 1.071073 -0.013459
v 0.077809 1.074807 -0.040290
v 0.077809 1.074807 0.040290
v 0.086614 1.071073 0.013459
v 0.090147 1.089281 0.026614
v 0.088999 1.104274 0.038333
v 0.095966 1.128857 0.024412
v 0.097301 1.111212 0.012961
v 0.090147 1.089281 -0.026614
v 0.097301 1.111212 -0.012961
v 0.095966 1.128857 -0.024412
v 0.088999 1.104274 -0.038333
v 0.043398 1.035779 -0.024412
v 0.058975 1.043049 -0.012961
v 0.072390 1.058439 -0.026614
v 0.058187 1.051577 -0.038333
v 0.043398 1.035779 0.024412
v 0.058187 1.051577 0.038333
v 0.072390 1.058439 0.026614
v 0.058975 1.043049 0.012961
v 0.093860 1.089771 0.013331
v 0.084402 1.088769 0.039817
v 0.092130 1.121027 0.035821
v 0.098364 1.134439 0.012383
v 0.084402 1.088769 -0.039817
v 0.093860 1.089771 -0.013331
v 0.098364 1.134439 -0.012383
v 0.092130 1.121027 -0.035821
v 0.046282 1.041578 -0.035821
v 0.041255 1.031945 -0.012383
v 0.074609 1.055747 -0.013331
v 0.068914 1.062514 -0.039817
v 0.041255 1.031945 0.012383
v 0.046282 1.041578 0.035821
v 0.068914 1.062514 0.039817
v 0.074609 1.055747 0.013331
v 0.040774 1.039838 0.041535
v -0.040774 1.039838 0.041535
v 0.040774 1.125160 0.091366
v -0.040774 1.125160 0.091366
v 0.053663 1.077498 0.071545
v 0.000000 1.020106 0.020822
v -0.053663 1.077498 0.071545
v 0.000000 1.161669 0.098788
v 0.000000 1.070561 0.087855
v 0.050745 1.057646 0.057357
v -0.022770 1.025785 0.027161
v -0.050745 1.099773 0.082867
v 0.022770 1.150257 0.096784
v 0.050745 1.099773 0.082867
v 0.022770 1.025785 0.027161
v -0.050745 1.057646 0.057357
v -0.022770 1.150257 0.096784
v 0.000000 1.112366 0.098382
v 0.000000 1.041847 0.058978
v 0.026894 1.072541 0.083117
v -0.026894 1.072541 0.083117
v -0.025772 1.108271 0.094100
v 0.025772 1.108271 0.094100
v 0.025772 1.046436 0.058778
v -0.025772 1.046436 0.058778
v 0.052972 1.067318 0.064762
v 0.046750 1.048448 0.049523
v -0.011694 1.021611 0.022547
v -0.032630 1.032087 0.033801
v -0.052972 1.088270 0.077572
v -0.046750 1.112108 0.087474
v 0.011694 1.158550 0.098263
v 0.032630 1.138465 0.094469
v 0.046750 1.112108 0.087474
v 0.052972 1.088270 0.077572
v 0.032630 1.032087 0.033801
v 0.011694 1.021611 0.022547
v -0.046750 1.048448 0.049523
v -0.052972 1.067318 0.064762
v -0.032630 1.138465 0.094469
v -0.011694 1.158550 0.098263
v 0.000000 1.089999 0.095152
v 0.000000 1.136569 0.099172
v 0.000000 1.030576 0.040408
v 0.000000 1.054788 0.075371
v 0.013459 1.071073 0.086614
v 0.040290 1.074807 0.077809
v -0.040290 1.074807 0.077809
v -0.013459 1.071073 0.086614
v -0.026614 1.089281 0.090147
v -0.038333 1.104274 0.088999
v -0.024412 1.128857 0.095967
v -0.012961 1.111212 0.097301
v 0.026614 1.089281 0.090147
v 0.012961 1.111212 0.097301
v 0.024412 1.128857 0.095967
v 0.038333 1.104274 0.088999
v 0.024412 1.035779 0.043398
v 0.012961 1.043049 0.058975
v 0.026614 1.058439 0.072390
v 0.038333 1.051577 0.058187
v -0.024412 1.035779 0.043398
v -0.038333 1.051577 0.058187
v -0.026614 1.058439 0.072390
v -0.012961 1.043049 0.058975
v -0.013331 1.089771 0.093860
v -0.039817 1.088769 0.084402
v -0.035821 1.121027 0.092130
v -0.012383 1.134439 0.098364
v 0.039817 1.088769 0.084402
v 0.013331 1.089771 0.093860
v 0.012383 1.134439 0.098364
v 0.035821 1.121027 0.092130
v 0.035821 1.041578 0.046282
v 0.012383 1.031945 0.041255
v 0.013331 1.055747 0.074609
v 0.039817 1.062514 0.068914
v -0.012383 1.031945 0.041255
v -0.035821 1.041578 0.046282
v -0.039817 1.062514 0.068914
v -0.013331 1.055747 0.074609
v -0.040774 1.039838 -0.041534
v 0.040774 1.039838 -0.041534
v -0.040774 1.125159 -0.091366
v 0.040774 1.125159 -0.091366
v -0.053663 1.077498 -0.071545
v -0.000000 1.020106 -0.020822
v 0.053663 1.077498 -0.071545
v -0.000000 1.161669 -0.098788
v -0.000000 1.070560 -0.087855
v -0.050745 1.057645 -0.057356
v 0.022770 1.025785 -0.027161
v 0.050745 1.099773 -0.082867
v -0.022770 1.150257 -0.096784
v -0.050745 1.099773 -0.082867
v -0.022770 1.025785 -0.027161
v 0.050745 1.057646 -0.057356
v 0.022770 1.150257 -0.096784
v -0.000000 1.112366 -0.098382
v -0.000000 1.041846 -0.058977
v -0.026894 1.072541 -0.083117
v 0.026894 1.072541 -0.083117
v 0.025772 1.108271 -0.094100
v -0.025772 1.108271 -0.094100
v -0.025772 1.046436 -0.058778
v 0.025772 1.046436 -0.058778
v -0.052972 1.067318 -0.064762
v -0.046750 1.048448 -0.049523
v 0.011694 1.021611 -0.022547
v 0.032630 1.032087 -0.033801
v 0.052972 1.088270 -0.077572
v 0.046750 1.112108 -0.087474
v -0.011694 1.158550 -0.098263
v -0.032630 1.138465 -0.094469
v -0.046750 1.112108 -0.087474
v -0.052972 1.088270 -0.077571
v -0.032630 1.032087 -0.033801
v -0.011694 1.021611 -0.022547
v 0.046750 1.048448 -0.049523
v 0.052972 1.067318 -0.064762
v 0.032630 1.138465 -0.094469
v 0.011694 1.158550 -0.098263
v -0.000000 1.089999 -0.095152
v -0.000000 1.136568 -0.099172
v -0.000000 1.030576 -0.040408
v -0.000000 1.054788 -0.075371
v -0.013459 1.071073 -0.086614
v -0.040290 1.074807 -0.077809
v 0.040290 1.074807 -0.077809
v 0.013459 1.071073 -0.086614
v 0.026614 1.089281 -0.090147
v 0.038333 1.104274 -0.088999
v 0.024412 1.128857 -0.095966
v 0.012961 1.111212 -0.097301
v -0.026614 1.089281 -0.090147
v -0.012961 1.111212 -0.097301
v -0.024412 1.128857 -0.095966
v -0.038333 1.104274 -0.088999
v -0.024412 1.035779 -0.043398
v -0.012961 1.043049 -0.058975
v -0.026614 1.058439 -0.072390
v -0.038333 1.051577 -0.058187
v 0.024412 1.035779 -0.043398
v 0.038333 1.051577 -0.058187
v 0.026614 1.058439 -0.072390
v 0.012961 1.043049 -0.058975
v 0.013331 1.089771 -0.093860
v 0.039817 1.088768 -0.084402
v 0.035820 1.121027 -0.092130
v 0.012383 1.134439 -0.098364
v -0.039817 1.088768 -0.084402
v -0.013331 1.089771 -0.093860
v -0.012383 1.134439 -0.098364
v -0.035821 1.121027 -0.092130
v -0.035821 1.041578 -0.046282
v -0.012383 1.031945 -0.041255
v -0.013331 1.055747 -0.074609
v -0.039817 1.062514 -0.068914
v 0.012383 1.031945 -0.041255
v 0.035821 1.041578 -0.046282
v 0.039817 1.062514 -0.068914
v 0.013331 1.055747 -0.074609
v -0.041534 1.039838 0.040774
v -0.041534 1.039838 -0.040774
v -0.091366 1.125159 0.040774
v -0.091366 1.125159 -0.040774
v -0.071545 1.077498 0.053663
v -0.020822 1.020106 0.000000
v -0.071545 1.077498 -0.053663
v -0.098788 1.161669 0.000000
v -0.087855 1.070560 0.000000
v -0.057356 1.057646 0.050745
v -0.027161 1.025785 -0.022770
v -0.082867 1.099773 -0.050745
v -0.096784 1.150257 0.022771
v -0.082867 1.099773 0.050745
v -0.027161 1.025785 0.022770
v -0.057357 1.057645 -0.050745
v -0.096784 1.150257 -0.022770
v -0.098382 1.112366 0.000000
v -0.058978 1.041847 0.000000
v -0.083117 1.072541 0.026894
v -0.083117 1.072541 -0.026894
v -0.094100 1.108271 -0.025772
v -0.094100 1.108271 0.025772
v -0.058778 1.046436 0.025772
v -0.058778 1.046436 -0.025772
v -0.064762 1.067318 0.052972
v -0.049523 1.048448 0.046750
v -0.022547 1.021611 -0.011694
v -0.033801 1.032087 -0.032630
v -0.077572 1.088270 -0.052972
v -0.087474 1.112108 -0.046750
v -0.098263 1.158550 0.011694
v -0.094469 1.138465 0.032630
v -0.087474 1.112108 0.046750
v -0.077572 1.088270 0.052972
v -0.033801 1.032087 0.032630
v -0.022547 1.021611 0.011694
v -0.049523 1.048448 -0.046750
v -0.064762 1.067318 -0.052972
v -0.094469 1.138465 -0.032630
v -0.098263 1.158550 -0.011694
v -0.095152 1.089999 0.000000
v -0.099172 1.136568 0.000000
v -0.040408 1.030576 0.000000
v -0.075371 1.054788 0.000000
v -0.086614 1.071073 0.013459
v -0.077809 1.074807 0.040290
v -0.077809 1.074807 -0.040290
v -0.086614 1.071073 -0.013459
v -0.090147 1.089281 -0.026614
v -0.088999 1.104274 -0.038333
v -0.095967 1.128857 -0.024412
v -0.097301 1.111212 -0.012961
v -0.090147 1.089281 0.026614
v -0.097301 1.111212 0.012961
v -0.095966 1.128857 0.024412
v -0.088999 1.104274 0.038333
v -0.043398 1.035779 0.024412
v -0.058975 1.043049 0.012961
v -0.072390 1.058439 0.026614
v -0.058187 1.051577 0.038333
v -0.043398 1.035779 -0.024412
v -0.058187 1.051577 -0.038333
v -0.072390 1.058439 -0.026614
v -0.058975 1.043049 -0.012961
v -0.093860 1.089771 -0.013331
v -0.084402 1.088768 -0.039817
v -0.092130 1.121027 -0.035820
v -0.098364 1.134439 -0.012383
v -0.084402 1.088769 0.039817
v -0.093860 1.089771 0.013331
v -0.098364 1.134439 0.012383
v -0.092130 1.121027 0.035821
v -0.046282 1.041578 0.035821
v -0.041255 1.031945 0.012383
v -0.074609 1.055747 0.013331
v -0.068914 1.062514 0.039817
v -0.041255 1.031945 -0.012383
v -0.046282 1.041578 -0.035820
v -0.068914 1.062514 -0.039817
v -0.074609 1.055747 -0.013331
v 0.000467 1.091386 -0.050502
v 0.050502 1.091386 -0.000467
v 0.031042 1.165422 -0.081078
v 0.081078 1.165422 -0.031042
v 0.010972 1.124065 -0.076825
v 0.012776 1.074264 -0.012776
v 0.076825 1.124065 -0.010972
v 0.060614 1.197102 -0.060614
v 0.053906 1.118045 -0.053906
v 0.004057 1.106838 -0.066329
v 0.030637 1.079192 -0.002694
v 0.081981 1.143394 -0.019709
v 0.045413 1.187199 -0.073356
v 0.019709 1.143394 -0.081981
v 0.002694 1.079192 -0.030637
v 0.066329 1.106838 -0.004057
v 0.073356 1.187199 -0.045413
v 0.060365 1.154321 -0.060365
v 0.036187 1.093129 -0.036187
v 0.034497 1.119763 -0.067500
v 0.067500 1.119763 -0.034497
v 0.073550 1.150767 -0.041925
v 0.041925 1.150767 -0.073550
v 0.020252 1.097111 -0.051878
v 0.051878 1.097111 -0.020252
v 0.007234 1.115231 -0.072239
v 0.001701 1.098857 -0.059071
v 0.021010 1.075570 -0.006659
v 0.040761 1.084661 -0.000719
v 0.080099 1.133412 -0.015094
v 0.082357 1.154097 -0.024987
v 0.053117 1.194396 -0.067467
v 0.037943 1.176968 -0.077985
v 0.024987 1.154097 -0.082357
v 0.015094 1.133412 -0.080099
v 0.000719 1.084661 -0.040761
v 0.006659 1.075570 -0.021010
v 0.059071 1.098857 -0.001701
v 0.072239 1.115231 -0.007234
v 0.077985 1.176968 -0.037943
v 0.067467 1.194396 -0.053117
v 0.058383 1.134912 -0.058383
v 0.060849 1.175322 -0.060849
v 0.024793 1.083350 -0.024793
v 0.046246 1.104359 -0.046246
v 0.044886 1.118489 -0.061402
v 0.023021 1.121729 -0.072463
v 0.072463 1.121729 -0.023021
v 0.061402 1.118490 -0.044886
v 0.071642 1.134289 -0.038982
v 0.078128 1.147299 -0.031087
v 0.073862 1.168630 -0.043904
v 0.067654 1.153320 -0.051749
v 0.038982 1.134289 -0.071642
v 0.051749 1.153320 -0.067654
v 0.043904 1.168630 -0.073862
v 0.031087 1.147299 -0.078128
v 0.011649 1.087864 -0.041607
v 0.028233 1.094172 -0.044138
v 0.028087 1.107527 -0.060746
v 0.012182 1.101573 -0.059223
v 0.041607 1.087864 -0.011649
v 0.059223 1.101573 -0.012182
v 0.060747 1.107527 -0.028087
v 0.044138 1.094172 -0.028233
v 0.065770 1.134715 -0.049411
v 0.076218 1.133845 -0.027356
v 0.078507 1.161836 -0.034550
v 0.067952 1.173474 -0.052756
v 0.027356 1.133845 -0.076218
v 0.049410 1.134715 -0.065770
v 0.052756 1.173474 -0.067952
v 0.034550 1.161836 -0.078507
v 0.006419 1.092896 -0.050376
v 0.017715 1.084537 -0.032911
v 0.037599 1.105191 -0.053958
v 0.017853 1.111063 -0.066715
v 0.032911 1.084537 -0.017715
v 0.050376 1.092896 -0.006419
v 0.066715 1.111063 -0.017853
v 0.053958 1.105191 -0.037599
v 0.050502 1.091386 0.000467
v 0.000467 1.091386 0.050502
v 0.081078 1.165422 0.031042
v 0.031042 1.165422 0.081078
v 0.076825 1.124065 0.010972
v 0.012776 1.074264 0.012776
v 0.010972 1.124065 0.076825
v 0.060614 1.197102 0.060614
v 0.053906 1.118045 0.053906
v 0.066329 1.106838 0.004057
v 0.002694 1.079192 0.030637
v 0.019709 1.143394 0.081981
v 0.073356 1.187199 0.045413
v 0.081981 1.143394 0.019709
v 0.030637 1.079192 0.002694
v 0.004057 1.106838 0.066329
v 0.045413 1.187199 0.073356
v 0.060365 1.154321 0.060365
v 0.036187 1.093129 0.036187
v 0.067500 1.119763 0.034497
v 0.034497 1.119763 0.067500
v 0.041925 1.150767 0.073551
v 0.073551 1.150767 0.041925
v 0.051878 1.097111 0.020252
v 0.020252 1.097111 0.051878
v 0.072239 1.115231 0.007234
v 0.059071 1.098857 0.001701
v 0.006659 1.075570 0.021010
v 0.000719 1.084661 0.040761
v 0.015094 1.133412 0.080099
v 0.024987 1.154097 0.082357
v 0.067467 1.194396 0.053117
v 0.077985 1.176968 0.037943
v 0.082357 1.154097 0.024987
v 0.080099 1.133412 0.015094
v 0.040761 1.084661 0.000719
v 0.021010 1.075570 0.006659
v 0.001701 1.098857 0.059071
v 0.007234 1.115231 0.072239
v 0.037943 1.176968 0.077985
v 0.053117 1.194396 0.067467
v 0.058383 1.134912 0.058383
v 0.060850 1.175322 0.060850
v 0.024793 1.083350 0.024793
v 0.046246 1.104359 0.046246
v 0.061402 1.118490 0.044886
v 0.072463 1.121729 0.023021
v 0.023021 1.121729 0.072463
v 0.044886 1.118490 0.061402
v 0.038982 1.134289 0.071642
v 0.031087 1.147299 0.078128
v 0.043904 1.168630 0.073862
v 0.051750 1.153320 0.067654
v 0.071642 1.134289 0.038982
v 0.067654 1.153320 0.051750
v 0.073862 1.168630 0.043904
v 0.078128 1.147299 0.031087
v 0.041607 1.087864 0.011649
v 0.044138 1.094172 0.028233
v 0.060747 1.107527 0.028087
v 0.059223 1.101573 0.012182
v 0.011649 1.087864 0.041607
v 0.012182 1.101573 0.059223
v 0.028087 1.107527 0.060747
v 0.028233 1.094172 0.044138
v 0.049411 1.134715 0.065770
v 0.027356 1.133845 0.076218
v 0.034550 1.161836 0.078507
v 0.052756 1.173474 0.067952
v 0.076218 1.133845 0.027356
v 0.065770 1.134715 0.049411
v 0.067952 1.173474 0.052756
v 0.078507 1.161836 0.034550
v 0.050376 1.092896 0.006419
v 0.032911 1.084537 0.017715
v 0.053958 1.105191 0.037599
v 0.066715 1.111063 0.017853
v 0.017715 1.084537 0.032911
v 0.006419 1.092896 0.050376
v 0.017853 1.111063 0.066715
v 0.037599 1.105191 0.053958
v -0.050502 1.091386 -0.000467
v -0.000467 1.091386 -0.050502
v -0.081078 1.165422 -0.031042
v -0.031043 1.165422 -0.081078
v -0.076825 1.124065 -0.010971
v -0.012776 1.074264 -0.012776
v -0.010972 1.124065 -0.076825
v -0.060614 1.197102 -0.060614
v -0.053906 1.118045 -0.053906
v -0.066329 1.106838 -0.004056
v -0.002694 1.079192 -0.030637
v -0.019709 1.143394 -0.081981
v -0.073356 1.187199 -0.045413
v -0.081981 1.143394 -0.019709
v -0.030637 1.079192 -0.002694
v -0.004057 1.106838 -0.066329
v -0.045413 1.187199 -0.073356
v -0.060365 1.154321 -0.060365
v -0.036187 1.093129 -0.036187
v -0.067500 1.119763 -0.034497
v -0.034497 1.119763 -0.067500
v -0.041925 1.150767 -0.073550
v -0.073551 1.150767 -0.041925
v -0.051878 1.097111 -0.020252
v -0.020252 1.097111 -0.051878
v -0.072239 1.115231 -0.007234
v -0.059071 1.098857 -0.001701
v -0.006659 1.075570 -0.021010
v -0.000719 1.084661 -0.040761
v -0.015094 1.133412 -0.080099
v -0.024987 1.154097 -0.082357
v -0.067467 1.194396 -0.053117
v -0.077985 1.176968 -0.037943
v -0.082357 1.154097 -0.024987
v -0.080099 1.133412 -0.015093
v -0.040761 1.084661 -0.000718
v -0.021010 1.075570 -0.006659
v -0.001701 1.098857 -0.059071
v -0.007234 1.115231 -0.072239
v -0.037943 1.176968 -0.077985
v -0.053117 1.194396 -0.067467
v -0.058383 1.134912 -0.058383
v -0.060850 1.175322 -0.060849
v -0.024793 1.083349 -0.024793
v -0.046246 1.104359 -0.046246
v -0.061402 1.118489 -0.044886
v -0.072463 1.121729 -0.023021
v -0.023021 1.121729 -0.072463
v -0.044886 1.118489 -0.061402
v -0.038982 1.134289 -0.071642
v -0.031087 1.147299 -0.078128
v -0.043904 1.168630 -0.073862
v -0.051750 1.153320 -0.067654
v -0.071642 1.134289 -0.038982
v -0.067654 1.153320 -0.051749
v -0.073862 1.168630 -0.043904
v -0.078128 1.147299 -0.031087
v -0.041607 1.087864 -0.011649
v -0.044138 1.094172 -0.028233
v -0.060747 1.107527 -0.028087
v -0.059223 1.101573 -0.012182
v -0.011649 1.087864 -0.041607
v -0.012182 1.101573 -0.059223
v -0.028087 1.107527 -0.060746
v -0.028233 1.094172 -0.044138
v -0.049411 1.134715 -0.065769
v -0.027356 1.133844 -0.076218
v -0.034550 1.161836 -0.078507
v -0.052756 1.173474 -0.067952
v -0.076218 1.133844 -0.027356
v -0.065770 1.134715 -0.049410
v -0.067952 1.173474 -0.052756
v -0.078507 1.161836 -0.034550
v -0.050376 1.092896 -0.006419
v -0.032911 1.084537 -0.017715
v -0.053958 1.105191 -0.037599
v -0.066715 1.111063 -0.017853
v -0.017715 1.084537 -0.032911
v -0.006419 1.092896 -0.050376
v -0.017853 1.111063 -0.066715
v -0.037599 1.105191 -0.053958
v -0.000467 1.091386 0.050502
v -0.050502 1.091386 0.000467
v -0.031042 1.165422 0.081078
v -0.081078 1.165422 0.031043
v -0.010971 1.124065 0.076825
v -0.012776 1.074264 0.012776
v -0.076825 1.124065 0.010972
v -0.060614 1.197102 0.060614
v -0.053906 1.118045 0.053906
v -0.004057 1.106838 0.066329
v -0.030637 1.079192 0.002694
v -0.081981 1.143394 0.019709
v -0.045413 1.187199 0.073356
v -0.019709 1.143394 0.081981
v -0.002694 1.079192 0.030637
v -0.066329 1.106838 0.004057
v -0.073356 1.187199 0.045413
v -0.060365 1.154321 0.060365
v -0.036187 1.093129 0.036187
v -0.034497 1.119763 0.067500
v -0.067500 1.119763 0.034497
v -0.073550 1.150767 0.041925
v -0.041925 1.150767 0.073551
v -0.020252 1.097111 0.051878
v -0.051878 1.097111 0.020252
v -0.007234 1.115231 0.072239
v -0.001701 1.098857 0.059071
v -0.021010 1.075570 0.006659
v -0.040761 1.084661 0.000719
v -0.080099 1.133412 0.015094
v -0.082357 1.154097 0.024987
v -0.053117 1.194396 0.067467
v -0.037943 1.176968 0.077985
v -0.024987 1.154097 0.082357
v -0.015094 1.133412 0.080099
v -0.000719 1.084661 0.040761
v -0.006659 1.075570 0.021010
v -0.059071 1.098857 0.001701
v -0.072239 1.115231 0.007234
v -0.077985 1.176968 0.037943
v -0.067467 1.194396 0.053117
v -0.058383 1.134912 0.058383
v -0.060849 1.175322 0.060850
v -0.024793 1.083350 0.024793
v -0.046246 1.104359 0.046246
v -0.044886 1.118490 0.061402
v -0.023021 1.121729 0.072463
v -0.072463 1.121729 0.023021
v -0.061402 1.118490 0.044886
v -0.071642 1.134289 0.038983
v -0.078128 1.147299 0.031087
v -0.073862 1.168630 0.043904
v -0.067654 1.153320 0.051750
v -0.038982 1.134289 0.071642
v -0.051749 1.153320 0.067654
v -0.043904 1.168630 0.073862
v -0.031087 1.147299 0.078128
v -0.011649 1.087864 0.041607
v -0.028233 1.094172 0.044138
v -0.028087 1.107527 0.060747
v -0.012182 1.101573 0.059223
v -0.041607 1.087864 0.011649
v -0.059223 1.101573 0.012182
v -0.060746 1.107527 0.028087
v -0.044138 1.094172 0.028234
v -0.065770 1.134715 0.049411
v -0.076218 1.133845 0.027357
v -0.078507 1.161836 0.034550
v -0.067952 1.173474 0.052756
v -0.027356 1.133845 0.076218
v -0.049410 1.134715 0.065770
v -0.052756 1.173474 0.067952
v -0.034550 1.161836 0.078507
v -0.006419 1.092896 0.050376
v -0.017715 1.084537 0.032911
v -0.037599 1.105191 0.053958
v -0.017853 1.111063 0.066715
v -0.032911 1.084537 0.017715
v -0.050376 1.092896 0.006419
v -0.066715 1.111063 0.017853
v -0.053958 1.105191 0.037599
vn -0.6156 -0.4921 -0.6156
vn -0.7290 -0.4868 -0.4813
vn -0.7900 -0.2581 -0.5561
vn -0.6843 -0.2517 -0.6843
vn -0.8055 -0.4744 -0.3552
vn -0.8600 -0.2757 -0.4293
vn -0.8664 -0.1298 -0.4822
vn -0.7986 -0.1008 -0.5934
vn -0.7042 -0.0908 -0.7042
vn -0.8437 -0.4654 -0.2673
vn -0.8885 -0.3103 -0.3381
vn -0.8525 -0.4661 -0.2364
vn -0.8898 -0.3458 -0.2977
vn -0.8984 -0.2423 -0.3662
vn -0.8938 -0.1858 -0.4082
vn -0.8716 -0.1087 -0.4780
vn -0.8454 -0.0514 -0.5317
vn -0.8849 -0.1658 -0.4352
vn -0.8557 -0.1214 -0.5030
vn -0.8532 -0.0585 -0.5183
vn -0.8211 -0.0164 -0.5705
vn -0.7867 -0.0208 -0.6170
vn -0.7071 -0.0111 -0.7071
vn -0.7689 0.0048 -0.6394
vn -0.7071 0.0107 -0.7071
vn -0.2364 -0.4661 -0.8525
vn -0.2673 -0.4654 -0.8437
vn -0.3381 -0.3103 -0.8885
vn -0.2977 -0.3458 -0.8898
vn -0.3552 -0.4744 -0.8055
vn -0.4293 -0.2757 -0.8600
vn -0.4822 -0.1298 -0.8664
vn -0.4082 -0.1858 -0.8938
vn -0.3662 -0.2423 -0.8984
vn -0.4813 -0.4868 -0.7290
vn -0.5561 -0.2581 -0.7900
vn -0.5934 -0.1008 -0.7986
vn -0.6170 -0.0208 -0.7867
vn -0.5317 -0.0514 -0.8454
vn -0.6394 0.0048 -0.7689
vn -0.5705 -0.0164 -0.8211
vn -0.4780 -0.1087 -0.8716
vn -0.4352 -0.1658 -0.8849
vn -0.5183 -0.0585 -0.8532
vn -0.5030 -0.1214 -0.8557
vn -0.2099 -0.7781 -0.5920
vn -0.2013 -0.8157 -0.5423
vn -0.1912 -0.7790 -0.5972
vn -0.1846 -0.7371 -0.6501
vn -0.2271 -0.8497 -0.4758
vn -0.2133 -0.8239 -0.5251
vn -0.2209 -0.7661 -0.6035
vn -0.1826 -0.7143 -0.6756
vn -0.1776 -0.6723 -0.7186
vn -0.2760 -0.8718 -0.4047
vn -0.2739 -0.8555 -0.4395
vn -0.3370 -0.8791 -0.3370
vn -0.3527 -0.8667 -0.3527
vn -0.4056 -0.8192 -0.4056
vn -0.3046 -0.8047 -0.5096
vn -0.3800 -0.6908 -0.6151
vn -0.2739 -0.6545 -0.7047
vn -0.5013 -0.7052 -0.5013
vn -0.2098 -0.6101 -0.7640
vn -0.1941 -0.5810 -0.7904
vn -0.4047 -0.8718 -0.2760
vn -0.4395 -0.8555 -0.2739
vn -0.4758 -0.8497 -0.2271
vn -0.5251 -0.8239 -0.2133
vn -0.6035 -0.7661 -0.2209
vn -0.5096 -0.8047 -0.3046
vn -0.5423 -0.8157 -0.2013
vn -0.5972 -0.7790 -0.1912
vn -0.5920 -0.7781 -0.2099
vn -0.6501 -0.7371 -0.1846
vn -0.7186 -0.6723 -0.1776
vn -0.6756 -0.7143 -0.1826
vn -0.7640 -0.6101 -0.2098
vn -0.7047 -0.6545 -0.2739
vn -0.7904 -0.5810 -0.1941
vn -0.6151 -0.6908 -0.3800
vn -0.6156 -0.4921 0.6156
vn -0.4813 -0.4868 0.7290
vn -0.5561 -0.2581 0.7900
vn -0.6843 -0.2517 0.6843
vn -0.3552 -0.4744 0.8055
vn -0.4293 -0.2757 0.8600
vn -0.4822 -0.1298 0.8664
vn -0.5934 -0.1008 0.7986
vn -0.7042 -0.0908 0.7042
vn -0.2673 -0.4654 0.8437
vn -0.3381 -0.3103 0.8885
vn -0.2364 -0.4661 0.8525
vn -0.2977 -0.3458 0.8898
vn -0.3662 -0.2423 0.8984
vn -0.4082 -0.1858 0.8938
vn -0.4780 -0.1087 0.8716
vn -0.5317 -0.0514 0.8454
vn -0.4352 -0.1658 0.8849
vn -0.5030 -0.1214 0.8557
vn -0.5183 -0.0585 0.8532
vn -0.5705 -0.0164 0.8211
vn -0.6170 -0.0208 0.7867
vn -0.7071 -0.0111 0.7071
vn -0.6394 0.0048 0.7689
vn -0.7071 0.0107 0.7071
vn -0.8525 -0.4661 0.2364
vn -0.8437 -0.4654 0.2673
vn -0.8885 -0.3103 0.3381
vn -0.8898 -0.3458 0.2977
vn -0.8055 -0.4744 0.3552
vn -0.8600 -0.2757 0.4293
vn -0.8664 -0.1298 0.4822
vn -0.8938 -0.1858 0.4082
vn -0.8984 -0.2423 0.3662
vn -0.7290 -0.4868 0.4813
vn -0.7900 -0.2581 0.5561
vn -0.7986 -0.1008 0.5934
vn -0.7867 -0.0208 0.6170
vn -0.8454 -0.0514 0.5317
vn -0.7689 0.0048 0.6394
vn -0.8211 -0.0164 0.5705
vn -0.8716 -0.1087 0.4780
vn -0.8849 -0.1658 0.4352
vn -0.8532 -0.0585 0.5183
vn -0.8557 -0.1214 0.5030
vn -0.5920 -0.7781 0.2099
vn -0.5423 -0.8157 0.2013
vn -0.5972 -0.7790 0.1912
vn -0.6501 -0.7371 0.1846
vn -0.4758 -0.8497 0.2271
vn -0.5251 -0.8239 0.2133
vn -0.6035 -0.7661 0.2209
vn -0.6756 -0.7143 0.1826
vn -0.7186 -0.6723 0.1776
vn -0.4047 -0.8718 0.2760
vn -0.4395 -0.8555 0.2739
vn -0.3370 -0.8791 0.3370
vn -0.3527 -0.8667 0.3527
vn -0.4056 -0.8192 0.4056
vn -0.5096 -0.8047 0.3046
vn -0.6151 -0.6908 0.3800
vn -0.7047 -0.6545 0.2739
vn -0.5013 -0.7052 0.5013
vn -0.7640 -0.6101 0.2098
vn -0.7904 -0.5810 0.1941
vn -0.2760 -0.8718 0.4047
vn -0.2739 -0.8555 0.4395
vn -0.2271 -0.8497 0.4758
vn -0.2133 -0.8239 0.5251
vn -0.2209 -0.7661 0.6035
vn -0.3046 -0.8047 0.5096
vn -0.2013 -0.8157 0.5423
vn -0.1912 -0.7790 0.5972
vn -0.2099 -0.7781 0.5920
vn -0.1846 -0.7371 0.6501
vn -0.1776 -0.6723 0.7186
vn -0.1826 -0.7143 0.6756
vn -0.2098 -0.6101 0.7640
vn -0.2739 -0.6545 0.7047
vn -0.1941 -0.5810 0.7904
vn -0.3800 -0.6908 0.6151
vn 0.6156 -0.4921 -0.6156
vn 0.4813 -0.4868 -0.7290
vn 0.5561 -0.2581 -0.7900
vn 0.6843 -0.2517 -0.6843
vn 0.3552 -0.4744 -0.8055
vn 0.4293 -0.2757 -0.8600
vn 0.4822 -0.1298 -0.8664
vn 0.5934 -0.1008 -0.7986
vn 0.7042 -0.0908 -0.7042
vn 0.2673 -0.4654 -0.8437
vn 0.3381 -0.3103 -0.8885
vn 0.2364 -0.4661 -0.8525
vn 0.2977 -0.3458 -0.8898
vn 0.3662 -0.2423 -0.8984
vn 0.4082 -0.1858 -0.8938
vn 0.4780 -0.1087 -0.8716
vn 0.5317 -0.0514 -0.8454
vn 0.4352 -0.1658 -0.8849
vn 0.5030 -0.1214 -0.8557
vn 0.5183 -0.0585 -0.8532
vn 0.5705 -0.0164 -0.8211
vn 0.6170 -0.0208 -0.7867
vn 0.7071 -0.0111 -0.7071
vn 0.6394 0.0048 -0.7689
vn 0.7071 0.0107 -0.7071
vn 0.8525 -0.4661 -0.2364
vn 0.8437 -0.4654 -0.2673
vn 0.8885 -0.3103 -0.3381
vn 0.8898 -0.3458 -0.2977
vn 0.8055 -0.4744 -0.3552
vn 0.8600 -0.2757 -0.4293
vn 0.8664 -0.1298 -0.4822
vn 0.8938 -0.1858 -0.4082
vn 0.8984 -0.2423 -0.3662
vn 0.7290 -0.4868 -0.4813
vn 0.7900 -0.2581 -0.5561
vn 0.7986 -0.1008 -0.5934
vn 0.7867 -0.0208 -0.6170
vn 0.8454 -0.0514 -0.5317
vn 0.7689 0.0048 -0.6394
vn 0.8211 -0.0164 -0.5705
vn 0.8716 -0.1087 -0.4780
vn 0.8849 -0.1658 -0.4352
vn 0.8532 -0.0585 -0.5183
vn 0.8557 -0.1214 -0.5030
vn 0.5920 -0.7781 -0.2099
vn 0.5423 -0.8157 -0.2013
vn 0.5972 -0.7790 -0.1912
vn 0.6501 -0.7371 -0.1846
vn 0.4758 -0.8497 -0.2271
vn 0.5251 -0.8239 -0.2133
vn 0.6035 -0.7661 -0.2209
vn 0.6756 -0.7143 -0.1826
vn 0.7186 -0.6723 -0.1776
vn 0.4047 -0.8718 -0.2760
vn 0.4395 -0.8555 -0.2739
vn 0.3370 -0.8791 -0.3370
vn 0.3527 -0.8667 -0.3527
vn 0.4056 -0.8192 -0.4056
vn 0.5096 -0.8047 -0.3046
vn 0.6151 -0.6908 -0.3800
vn 0.7047 -0.6545 -0.2739
vn 0.5013 -0.7052 -0.5013
vn 0.7640 -0.6101 -0.2098
vn 0.7904 -0.5810 -0.1941
vn 0.2760 -0.8718 -0.4047
vn 0.2739 -0.8555 -0.4395
vn 0.2271 -0.8497 -0.4758
vn 0.2133 -0.8239 -0.5251
vn 0.2209 -0.7661 -0.6035
vn 0.3046 -0.8047 -0.5096
vn 0.2013 -0.8157 -0.5423
vn 0.1912 -0.7790 -0.5972
vn 0.2099 -0.7781 -0.5920
vn 0.1846 -0.7371 -0.6501
vn 0.1776 -0.6723 -0.7186
vn 0.1826 -0.7143 -0.6756
vn 0.2098 -0.6101 -0.7640
vn 0.2739 -0.6545 -0.7047
vn 0.1941 -0.5810 -0.7904
vn 0.3800 -0.6908 -0.6151
vn 0.6156 -0.4921 0.6156
vn 0.7290 -0.4868 0.4813
vn 0.7900 -0.2581 0.5561
vn 0.6843 -0.2517 0.6843
vn 0.8055 -0.4744 0.3552
vn 0.8600 -0.2757 0.4293
vn 0.8664 -0.1298 0.4822
vn 0.7986 -0.1008 0.5934
vn 0.7042 -0.0908 0.7042
vn 0.8437 -0.4654 0.2673
vn 0.8885 -0.3103 0.3381
vn 0.8525 -0.4661 0.2364
vn 0.8898 -0.3458 0.2977
vn 0.8984 -0.2423 0.3662
vn 0.8938 -0.1858 0.4082
vn 0.8716 -0.1087 0.4780
vn 0.8454 -0.0514 0.5317
vn 0.8849 -0.1658 0.4352
vn 0.8557 -0.1214 0.5030
vn 0.8532 -0.0585 0.5183
vn 0.8211 -0.0164 0.5705
vn 0.7867 -0.0208 0.6170
vn 0.7071 -0.0111 0.7071
vn 0.7689 0.0048 0.6394
vn 0.7071 0.0107 0.7071
vn 0.2364 -0.4661 0.8525
vn 0.2673 -0.4654 0.8437
vn 0.3381 -0.3103 0.8885
vn 0.2977 -0.3458 0.8898
vn 0.3552 -0.4744 0.8055
vn 0.4293 -0.2757 0.8600
vn 0.4822 -0.1298 0.8664
vn 0.4082 -0.1858 0.8938
vn 0.3662 -0.2423 0.8984
vn 0.4813 -0.4868 0.7290
vn 0.5561 -0.2581 0.7900
vn 0.5934 -0.1008 0.7986
vn 0.6170 -0.0208 0.7867
vn 0.5317 -0.0514 0.8454
vn 0.6394 0.0048 0.7689
vn 0.5705 -0.0164 0.8211
vn 0.4780 -0.1087 0.8716
vn 0.4352 -0.1658 0.8849
vn 0.5183 -0.0585 0.8532
vn 0.5030 -0.1214 0.8557
vn 0.2099 -0.7781 0.5920
vn 0.2013 -0.8157 0.5423
vn 0.1912 -0.7790 0.5972
vn 0.1846 -0.7371 0.6501
vn 0.2271 -0.8497 0.4758
vn 0.2133 -0.8239 0.5251
vn 0.2209 -0.7661 0.6035
vn 0.1826 -0.7143 0.6756
vn 0.1776 -0.6723 0.7186
vn 0.2760 -0.8718 0.4047
vn 0.2739 -0.8555 0.4395
vn 0.3370 -0.8791 0.3370
vn 0.3527 -0.8667 0.3527
vn 0.4056 -0.8192 0.4056
vn 0.3046 -0.8047 0.5096
vn 0.3800 -0.6908 0.6151
vn 0.2739 -0.6545 0.7047
vn 0.5013 -0.7052 0.5013
vn 0.2098 -0.6101 0.7640
vn 0.1941 -0.5810 0.7904
vn 0.4047 -0.8718 0.2760
vn 0.4395 -0.8555 0.2739
vn 0.4758 -0.8497 0.2271
vn 0.5251 -0.8239 0.2133
vn 0.6035 -0.7661 0.2209
vn 0.5096 -0.8047 0.3046
vn 0.5423 -0.8157 0.2013
vn 0.5972 -0.7790 0.1912
vn 0.5920 -0.7781 0.2099
vn 0.6501 -0.7371 0.1846
vn 0.7186 -0.6723 0.1776
vn 0.6756 -0.7143 0.1826
vn 0.7640 -0.6101 0.2098
vn 0.7047 -0.6545 0.2739
vn 0.7904 -0.5810 0.1941
vn 0.6151 -0.6908 0.3800
vn -0.6379 0.7665 0.0740
vn -0.4987 0.7700 -0.3979
vn -0.7236 0.3314 -0.6055
vn -0.9395 0.3316 0.0862
vn -0.0000 -1.0000 -0.0000
vn 0.9725 -0.2144 -0.0905
vn 0.7470 -0.2140 0.6295
vn 0.6602 -0.5380 0.5242
vn 0.8437 -0.5314 -0.0759
vn 0.5242 -0.5380 -0.6602
vn 0.6295 -0.2140 -0.7470
vn -0.8437 -0.5314 0.0759
vn -0.5242 -0.5380 0.6602
vn -0.6295 -0.2140 0.7470
vn -0.9725 -0.2144 0.0905
vn 0.7236 0.3314 0.6055
vn 0.4987 0.7700 0.3979
vn 0.0740 0.7665 0.6379
vn 0.0862 0.3316 0.9395
vn -0.6602 -0.5380 -0.5242
vn -0.7470 -0.2140 -0.6295
vn 0.0759 -0.5314 0.8437
vn 0.0905 -0.2144 0.9725
vn 0.6055 0.3314 -0.7236
vn 0.3979 0.7700 -0.4987
vn 0.6379 0.7665 -0.0740
vn 0.9395 0.3316 -0.0862
vn -0.0759 -0.5314 -0.8437
vn -0.0905 -0.2144 -0.9725
vn -0.0740 0.7665 -0.6379
vn -0.0862 0.3316 -0.9395
vn 0.0048 0.9661 -0.2583
vn -0.2238 0.9746 -0.0000
vn -0.0000 0.9746 -0.2238
vn -0.1077 0.9733 -0.2026
vn -0.2026 0.9733 -0.1077
vn 0.2238 0.9746 -0.0000
vn -0.0000 0.9746 0.2238
vn 0.1077 0.9733 0.2026
vn 0.2026 0.9733 0.1077
vn -0.2583 0.9661 -0.0048
vn -0.3979 0.7700 0.4987
vn -0.6055 0.3314 0.7236
vn -0.0048 0.9661 0.2583
vn -0.7464 -0.6655 -0.0000
vn -0.0000 -0.6655 0.7464
vn -0.3503 -0.5735 0.7405
vn -0.7405 -0.5735 0.3503
vn -0.1077 0.9733 0.2026
vn 0.2583 0.9661 0.0048
vn 0.3503 -0.5735 0.7405
vn 0.2026 0.9733 -0.1077
vn -0.2026 0.9733 0.1077
vn -0.7405 -0.5735 -0.3503
vn 0.7464 -0.6655 -0.0000
vn 0.7405 -0.5735 0.3503
vn 0.7405 -0.5735 -0.3503
vn -0.0000 -0.6655 -0.7464
vn -0.3503 -0.5735 -0.7405
vn 0.1077 0.9733 -0.2026
vn 0.3503 -0.5735 -0.7405
vn 0.3634 0.3647 -0.8573
vn 0.8573 0.3647 -0.3634
vn 0.8624 0.3650 -0.3508
vn 0.3508 0.3650 -0.8624
vn 0.8573 0.3647 0.3634
vn 0.3634 0.3647 0.8573
vn 0.3508 0.3650 0.8624
vn 0.8624 0.3650 0.3508
vn -0.3634 0.3647 0.8573
vn -0.8573 0.3647 0.3634
vn -0.8624 0.3650 0.3508
vn -0.3508 0.3650 0.8624
vn -0.8573 0.3647 -0.3634
vn -0.3634 0.3647 -0.8573
vn -0.3508 0.3650 -0.8624
vn -0.8624 0.3650 -0.3508
vn -0.8705 0.4921 -0.0000
vn -0.8558 0.4868 -0.1751
vn -0.9518 0.2581 -0.1654
vn -0.9678 0.2517 -0.0000
vn -0.8207 0.4744 -0.3184
vn -0.9117 0.2757 -0.3045
vn -0.9536 0.1298 -0.2716
vn -0.9843 0.1008 -0.1451
vn -0.9959 0.0908 -0.0000
vn -0.7856 0.4654 -0.4076
vn -0.8673 0.3103 -0.3892
vn -0.7700 0.4661 -0.4356
vn -0.8397 0.3458 -0.4187
vn -0.8942 0.2423 -0.3764
vn -0.9206 0.1858 -0.3434
vn -0.9543 0.1087 -0.2784
vn -0.9737 0.0514 -0.2218
vn -0.9335 0.1658 -0.3180
vn -0.9608 0.1214 -0.2494
vn -0.9698 0.0585 -0.2368
vn -0.9840 0.0164 -0.1772
vn -0.9926 0.0208 -0.1199
vn -0.9999 0.0111 -0.0000
vn -0.9958 -0.0048 -0.0916
vn -0.9999 -0.0107 -0.0000
vn -0.7700 0.4661 0.4356
vn -0.7856 0.4654 0.4076
vn -0.8673 0.3103 0.3892
vn -0.8397 0.3458 0.4187
vn -0.8207 0.4744 0.3184
vn -0.9117 0.2757 0.3046
vn -0.9536 0.1298 0.2716
vn -0.9206 0.1858 0.3434
vn -0.8942 0.2423 0.3764
vn -0.8558 0.4868 0.1751
vn -0.9518 0.2581 0.1654
vn -0.9843 0.1008 0.1451
vn -0.9926 0.0208 0.1199
vn -0.9737 0.0514 0.2218
vn -0.9958 -0.0048 0.0916
vn -0.9840 0.0164 0.1772
vn -0.9543 0.1087 0.2784
vn -0.9335 0.1658 0.3180
vn -0.9698 0.0585 0.2368
vn -0.9608 0.1214 0.2494
vn -0.5670 0.7781 0.2702
vn -0.5258 0.8157 0.2411
vn -0.5575 0.7790 0.2871
vn -0.5902 0.7371 0.3292
vn -0.4970 0.8497 0.1758
vn -0.5222 0.8239 0.2205
vn -0.5830 0.7661 0.2706
vn -0.6068 0.7143 0.3486
vn -0.6337 0.6723 0.3826
vn -0.4813 0.8718 0.0910
vn -0.5045 0.8555 0.1171
vn -0.4766 0.8791 -0.0000
vn -0.4988 0.8667 -0.0000
vn -0.5736 0.8192 -0.0000
vn -0.5757 0.8047 0.1449
vn -0.7037 0.6908 0.1662
vn -0.6920 0.6545 0.3046
vn -0.7090 0.7052 -0.0000
vn -0.6886 0.6101 0.3919
vn -0.6961 0.5810 0.4217
vn -0.4814 0.8718 -0.0910
vn -0.5045 0.8555 -0.1171
vn -0.4970 0.8497 -0.1758
vn -0.5222 0.8239 -0.2205
vn -0.5830 0.7661 -0.2706
vn -0.5757 0.8047 -0.1449
vn -0.5258 0.8157 -0.2411
vn -0.5575 0.7790 -0.2871
vn -0.5671 0.7781 -0.2702
vn -0.5902 0.7371 -0.3292
vn -0.6337 0.6723 -0.3826
vn -0.6068 0.7143 -0.3486
vn -0.6886 0.6101 -0.3919
vn -0.6920 0.6545 -0.3046
vn -0.6961 0.5810 -0.4217
vn -0.7037 0.6908 -0.1662
vn -0.0000 0.4921 -0.8705
vn 0.1751 0.4868 -0.8558
vn 0.1654 0.2581 -0.9518
vn -0.0000 0.2517 -0.9678
vn 0.3184 0.4744 -0.8207
vn 0.3045 0.2757 -0.9117
vn 0.2716 0.1298 -0.9536
vn 0.1451 0.1008 -0.9843
vn -0.0000 0.0908 -0.9959
vn 0.4076 0.4654 -0.7856
vn 0.3892 0.3103 -0.8673
vn 0.4356 0.4661 -0.7700
vn 0.4187 0.3458 -0.8397
vn 0.3764 0.2423 -0.8942
vn 0.3434 0.1858 -0.9206
vn 0.2784 0.1087 -0.9543
vn 0.2218 0.0514 -0.9737
vn 0.3180 0.1658 -0.9335
vn 0.2494 0.1214 -0.9608
vn 0.2368 0.0585 -0.9698
vn 0.1772 0.0164 -0.9840
vn 0.1199 0.0208 -0.9926
vn -0.0000 0.0111 -0.9999
vn 0.0916 -0.0048 -0.9958
vn -0.0000 -0.0107 -0.9999
vn -0.4356 0.4661 -0.7700
vn -0.4076 0.4654 -0.7856
vn -0.3892 0.3103 -0.8673
vn -0.4187 0.3458 -0.8397
vn -0.3184 0.4744 -0.8207
vn -0.3046 0.2757 -0.9117
vn -0.2716 0.1298 -0.9536
vn -0.3434 0.1858 -0.9206
vn -0.3764 0.2423 -0.8942
vn -0.1751 0.4868 -0.8558
vn -0.1654 0.2581 -0.9518
vn -0.1451 0.1008 -0.9843
vn -0.1199 0.0208 -0.9926
vn -0.2218 0.0514 -0.9737
vn -0.0916 -0.0048 -0.9958
vn -0.1772 0.0164 -0.9840
vn -0.2784 0.1087 -0.9543
vn -0.3180 0.1658 -0.9335
vn -0.2368 0.0585 -0.9698
vn -0.2494 0.1214 -0.9608
vn -0.2702 0.7781 -0.5670
vn -0.2411 0.8157 -0.5258
vn -0.2871 0.7790 -0.5575
vn -0.3292 0.7371 -0.5902
vn -0.1758 0.8497 -0.4970
vn -0.2205 0.8239 -0.5222
vn -0.2706 0.7661 -0.5830
vn -0.3486 0.7143 -0.6068
vn -0.3826 0.6723 -0.6337
vn -0.0910 0.8718 -0.4813
vn -0.1171 0.8555 -0.5045
vn -0.0000 0.8791 -0.4766
vn -0.0000 0.8667 -0.4988
vn -0.0000 0.8192 -0.5736
vn -0.1449 0.8047 -0.5757
vn -0.1662 0.6908 -0.7037
vn -0.3046 0.6545 -0.6920
vn -0.0000 0.7052 -0.7090
vn -0.3919 0.6101 -0.6886
vn -0.4217 0.5810 -0.6961
vn 0.0910 0.8718 -0.4814
vn 0.1171 0.8555 -0.5045
vn 0.1758 0.8497 -0.4970
vn 0.2205 0.8239 -0.5222
vn 0.2706 0.7661 -0.5830
vn 0.1449 0.8047 -0.5757
vn 0.2411 0.8157 -0.5258
vn 0.2871 0.7790 -0.5575
vn 0.2702 0.7781 -0.5671
vn 0.3292 0.7371 -0.5902
vn 0.3826 0.6723 -0.6337
vn 0.3486 0.7143 -0.6068
vn 0.3919 0.6101 -0.6886
vn 0.3046 0.6545 -0.6920
vn 0.4217 0.5810 -0.6961
vn 0.1662 0.6908 -0.7037
vn -0.0000 0.4921 0.8705
vn -0.1751 0.4868 0.8558
vn -0.1654 0.2581 0.9518
vn -0.0000 0.2517 0.9678
vn -0.3184 0.4744 0.8207
vn -0.3045 0.2757 0.9117
vn -0.2716 0.1298 0.9536
vn -0.1451 0.1008 0.9843
vn -0.0000 0.0908 0.9959
vn -0.4076 0.4654 0.7856
vn -0.3892 0.3103 0.8673
vn -0.4356 0.4661 0.7700
vn -0.4187 0.3458 0.8397
vn -0.3764 0.2423 0.8942
vn -0.3434 0.1858 0.9206
vn -0.2784 0.1087 0.9543
vn -0.2218 0.0514 0.9737
vn -0.3180 0.1658 0.9335
vn -0.2494 0.1214 0.9608
vn -0.2368 0.0585 0.9698
vn -0.1772 0.0164 0.9840
vn -0.1199 0.0208 0.9926
vn -0.0000 0.0111 0.9999
vn -0.0916 -0.0048 0.9958
vn -0.0000 -0.0107 0.9999
vn 0.4356 0.4661 0.7700
vn 0.4076 0.4654 0.7856
vn 0.3892 0.3103 0.8673
vn 0.4187 0.3458 0.8397
vn 0.3184 0.4744 0.8207
vn 0.3046 0.2757 0.9117
vn 0.2716 0.1298 0.9536
vn 0.3434 0.1858 0.9206
vn 0.3764 0.2423 0.8942
vn 0.1751 0.4868 0.8558
vn 0.1654 0.2581 0.9518
vn 0.1451 0.1008 0.9843
vn 0.1199 0.0208 0.9926
vn 0.2218 0.0514 0.9737
vn 0.0916 -0.0048 0.9958
vn 0.1772 0.0164 0.9840
vn 0.2784 0.1087 0.9543
vn 0.3180 0.1658 0.9335
vn 0.2368 0.0585 0.9698
vn 0.2494 0.1214 0.9608
vn 0.2702 0.7781 0.5671
vn 0.2411 0.8157 0.5258
vn 0.2871 0.7790 0.5575
vn 0.3292 0.7371 0.5902
vn 0.1758 0.8497 0.4970
vn 0.2205 0.8239 0.5222
vn 0.2706 0.7661 0.5830
vn 0.3486 0.7143 0.6068
vn 0.3826 0.6723 0.6337
vn 0.0910 0.8718 0.4813
vn 0.1171 0.8555 0.5045
vn -0.0000 0.8791 0.4766
vn -0.0000 0.8667 0.4988
vn -0.0000 0.8192 0.5736
vn 0.1449 0.8047 0.5757
vn 0.1662 0.6908 0.7037
vn 0.3046 0.6545 0.6920
vn -0.0000 0.7052 0.7090
vn 0.3919 0.6101 0.6886
vn 0.4217 0.5810 0.6961
vn -0.0910 0.8718 0.4814
vn -0.1171 0.8555 0.5045
vn -0.1758 0.8497 0.4970
vn -0.2205 0.8239 0.5222
vn -0.2706 0.7661 0.5830
vn -0.1449 0.8047 0.5757
vn -0.2411 0.8157 0.5258
vn -0.2871 0.7790 0.5575
vn -0.2702 0.7781 0.5671
vn -0.3292 0.7371 0.5902
vn -0.3826 0.6723 0.6337
vn -0.3486 0.7143 0.6068
vn -0.3919 0.6101 0.6886
vn -0.3046 0.6545 0.6920
vn -0.4217 0.5810 0.6961
vn -0.1662 0.6908 0.7037
vn 0.8705 0.4921 -0.0000
vn 0.8558 0.4868 0.1751
vn 0.9518 0.2581 0.1654
vn 0.9678 0.2517 -0.0000
vn 0.8207 0.4744 0.3184
vn 0.9117 0.2757 0.3045
vn 0.9536 0.1298 0.2716
vn 0.9843 0.1008 0.1451
vn 0.9959 0.0908 -0.0000
vn 0.7856 0.4654 0.4076
vn 0.8673 0.3103 0.3892
vn 0.7700 0.4661 0.4356
vn 0.8397 0.3458 0.4187
vn 0.8942 0.2423 0.3764
vn 0.9206 0.1858 0.3434
vn 0.9543 0.1087 0.2784
vn 0.9737 0.0514 0.2218
vn 0.9335 0.1658 0.3180
vn 0.9608 0.1214 0.2494
vn 0.9698 0.0585 0.2368
vn 0.9840 0.0164 0.1772
vn 0.9926 0.0208 0.1199
vn 0.9999 0.0111 -0.0000
vn 0.9958 -0.0048 0.0916
vn 0.9999 -0.0107 -0.0000
vn 0.7700 0.4661 -0.4356
vn 0.7856 0.4654 -0.4076
vn 0.8673 0.3103 -0.3892
vn 0.8397 0.3458 -0.4187
vn 0.8207 0.4744 -0.3184
vn 0.9117 0.2757 -0.3046
vn 0.9536 0.1298 -0.2716
vn 0.9206 0.1858 -0.3434
vn 0.8942 0.2423 -0.3764
vn 0.8558 0.4868 -0.1751
vn 0.9518 0.2581 -0.1654
vn 0.9843 0.1008 -0.1451
vn 0.9926 0.0208 -0.1199
vn 0.9737 0.0514 -0.2218
vn 0.9958 -0.0048 -0.0916
vn 0.9840 0.0164 -0.1772
vn 0.9543 0.1087 -0.2784
vn 0.9335 0.1658 -0.3180
vn 0.9698 0.0585 -0.2368
vn 0.9608 0.1214 -0.2494
vn 0.5670 0.7781 -0.2702
vn 0.5258 0.8157 -0.2411
vn 0.5575 0.7790 -0.2871
vn 0.5902 0.7371 -0.3292
vn 0.4970 0.8497 -0.1758
vn 0.5222 0.8239 -0.2205
vn 0.5830 0.7661 -0.2706
vn 0.6068 0.7143 -0.3486
vn 0.6337 0.6723 -0.3826
vn 0.4813 0.8718 -0.0910
vn 0.5045 0.8555 -0.1171
vn 0.4766 0.8791 -0.0000
vn 0.4988 0.8667 -0.0000
vn 0.5736 0.8192 -0.0000
vn 0.5757 0.8047 -0.1449
vn 0.7037 0.6908 -0.1662
vn 0.6920 0.6545 -0.3046
vn 0.7090 0.7052 -0.0000
vn 0.6886 0.6101 -0.3919
vn 0.6961 0.5810 -0.4217
vn 0.4813 0.8718 0.0910
vn 0.5045 0.8555 0.1171
vn 0.4970 0.8497 0.1758
vn 0.5222 0.8239 0.2205
vn 0.5830 0.7661 0.2706
vn 0.5757 0.8047 0.1449
vn 0.5258 0.8157 0.2411
vn 0.5575 0.7790 0.2871
vn 0.5671 0.7781 0.2702
vn 0.5902 0.7371 0.3292
vn 0.6337 0.6723 0.3826
vn 0.6068 0.7143 0.3486
vn 0.6886 0.6101 0.3919
vn 0.6920 0.6545 0.3046
vn 0.6961 0.5810 0.4217
vn 0.7037 0.6908 0.1662
vn -0.0000 -0.6303 -0.7764
vn -0.0000 0.6303 -0.7764
vn 0.5490 0.6303 -0.5490
vn 0.5490 -0.6303 -0.5490
vn 0.7764 0.6303 -0.0000
vn 0.7764 -0.6303 -0.0000
vn 0.5490 0.6303 0.5490
vn 0.5490 -0.6303 0.5490
vn -0.0000 0.6303 0.7764
vn -0.0000 -0.6303 0.7764
vn -0.5490 0.6303 0.5490
vn -0.5490 -0.6303 0.5490
vn -0.7764 0.6303 -0.0000
vn -0.7764 -0.6303 -0.0000
vn -0.5490 0.6303 -0.5490
vn -0.5490 -0.6303 -0.5490
vn -0.9117 0.2757 -0.3046
vn -0.5671 0.7781 0.2702
vn -0.4814 0.8718 0.0910
vn 0.3046 0.2757 -0.9117
vn -0.2702 0.7781 -0.5671
vn -0.0910 0.8718 -0.4814
vn 0.5671 0.7781 -0.2702
vn 0.4814 0.8718 0.0910
vn -0.6156 0.4921 0.6156
vn -0.7290 0.4868 0.4813
vn -0.7900 0.2581 0.5561
vn -0.6843 0.2517 0.6843
vn -0.8055 0.4744 0.3552
vn -0.8600 0.2757 0.4293
vn -0.8664 0.1298 0.4822
vn -0.7986 0.1008 0.5934
vn -0.7042 0.0908 0.7042
vn -0.8437 0.4654 0.2673
vn -0.8885 0.3103 0.3381
vn -0.8525 0.4661 0.2364
vn -0.8898 0.3458 0.2977
vn -0.8984 0.2423 0.3662
vn -0.8938 0.1858 0.4082
vn -0.8716 0.1087 0.4780
vn -0.8454 0.0514 0.5317
vn -0.8849 0.1658 0.4352
vn -0.8557 0.1214 0.5030
vn -0.8532 0.0585 0.5183
vn -0.8211 0.0164 0.5705
vn -0.7867 0.0208 0.6170
vn -0.7071 0.0111 0.7071
vn -0.7689 -0.0048 0.6394
vn -0.7071 -0.0107 0.7071
vn -0.2364 0.4661 0.8525
vn -0.2673 0.4654 0.8437
vn -0.3381 0.3103 0.8885
vn -0.2977 0.3458 0.8898
vn -0.3552 0.4744 0.8055
vn -0.4293 0.2757 0.8600
vn -0.4822 0.1298 0.8664
vn -0.4082 0.1858 0.8938
vn -0.3662 0.2423 0.8984
vn -0.4813 0.4868 0.7290
vn -0.5561 0.2581 0.7900
vn -0.5934 0.1008 0.7986
vn -0.6170 0.0208 0.7867
vn -0.5317 0.0514 0.8454
vn -0.6394 -0.0048 0.7689
vn -0.5705 0.0164 0.8211
vn -0.4780 0.1087 0.8716
vn -0.4352 0.1658 0.8849
vn -0.5183 0.0585 0.8532
vn -0.5030 0.1214 0.8557
vn -0.2099 0.7781 0.5920
vn -0.2013 0.8157 0.5423
vn -0.1912 0.7790 0.5972
vn -0.1846 0.7371 0.6501
vn -0.2271 0.8497 0.4758
vn -0.2133 0.8239 0.5251
vn -0.2209 0.7661 0.6035
vn -0.1826 0.7143 0.6756
vn -0.1776 0.6723 0.7186
vn -0.2760 0.8718 0.4047
vn -0.2739 0.8555 0.4395
vn -0.3370 0.8791 0.3370
vn -0.3527 0.8667 0.3527
vn -0.4056 0.8192 0.4056
vn -0.3046 0.8047 0.5096
vn -0.3800 0.6908 0.6151
vn -0.2739 0.6545 0.7047
vn -0.5013 0.7052 0.5013
vn -0.2098 0.6101 0.7640
vn -0.1941 0.5810 0.7904
vn -0.4047 0.8718 0.2760
vn -0.4395 0.8555 0.2739
vn -0.4758 0.8497 0.2271
vn -0.5251 0.8239 0.2133
vn -0.6035 0.7661 0.2209
vn -0.5096 0.8047 0.3046
vn -0.5423 0.8157 0.2013
vn -0.5972 0.7790 0.1912
vn -0.5920 0.7781 0.2099
vn -0.6501 0.7371 0.1846
vn -0.7186 0.6723 0.1776
vn -0.6756 0.7143 0.1826
vn -0.7640 0.6101 0.2098
vn -0.7047 0.6545 0.2739
vn -0.7904 0.5810 0.1941
vn -0.6151 0.6908 0.3800
vn -0.6156 0.4921 -0.6156
vn -0.4813 0.4868 -0.7290
vn -0.5561 0.2581 -0.7900
vn -0.6843 0.2517 -0.6843
vn -0.3552 0.4744 -0.8055
vn -0.4293 0.2757 -0.8600
vn -0.4822 0.1298 -0.8664
vn -0.5934 0.1008 -0.7986
vn -0.7042 0.0908 -0.7042
vn -0.2673 0.4654 -0.8437
vn -0.3381 0.3103 -0.8885
vn -0.2364 0.4661 -0.8525
vn -0.2977 0.3458 -0.8898
vn -0.3662 0.2423 -0.8984
vn -0.4082 0.1858 -0.8938
vn -0.4780 0.1087 -0.8716
vn -0.5317 0.0514 -0.8454
vn -0.4352 0.1658 -0.8849
vn -0.5030 0.1214 -0.8557
vn -0.5183 0.0585 -0.8532
vn -0.5705 0.0164 -0.8211
vn -0.6170 0.0208 -0.7867
vn -0.7071 0.0111 -0.7071
vn -0.6394 -0.0048 -0.7689
vn -0.7071 -0.0107 -0.7071
vn -0.8525 0.4661 -0.2364
vn -0.8437 0.4654 -0.2673
vn -0.8885 0.3103 -0.3381
vn -0.8898 0.3458 -0.2977
vn -0.8055 0.4744 -0.3552
vn -0.8600 0.2757 -0.4293
vn -0.8664 0.1298 -0.4822
vn -0.8938 0.1858 -0.4082
vn -0.8984 0.2423 -0.3662
vn -0.7290 0.4868 -0.4813
vn -0.7900 0.2581 -0.5561
vn -0.7986 0.1008 -0.5934
vn -0.7867 0.0208 -0.6170
vn -0.8454 0.0514 -0.5317
vn -0.7689 -0.0048 -0.6394
vn -0.8211 0.0164 -0.5705
vn -0.8716 0.1087 -0.4780
vn -0.8849 0.1658 -0.4352
vn -0.8532 0.0585 -0.5183
vn -0.8557 0.1214 -0.5030
vn -0.5920 0.7781 -0.2099
vn -0.5423 0.8157 -0.2013
vn -0.5972 0.7790 -0.1912
vn -0.6501 0.7371 -0.1846
vn -0.4758 0.8497 -0.2271
vn -0.5251 0.8239 -0.2133
vn -0.6035 0.7661 -0.2209
vn -0.6756 0.7143 -0.1826
vn -0.7186 0.6723 -0.1776
vn -0.4047 0.8718 -0.2760
vn -0.4395 0.8555 -0.2739
vn -0.3370 0.8791 -0.3370
vn -0.3527 0.8667 -0.3527
vn -0.4056 0.8192 -0.4056
vn -0.5096 0.8047 -0.3046
vn -0.6151 0.6908 -0.3800
vn -0.7047 0.6545 -0.2739
vn -0.5013 0.7052 -0.5013
vn -0.7640 0.6101 -0.2098
vn -0.7904 0.5810 -0.1941
vn -0.2760 0.8718 -0.4047
vn -0.2739 0.8555 -0.4395
vn -0.2271 0.8497 -0.4758
vn -0.2133 0.8239 -0.5251
vn -0.2209 0.7661 -0.6035
vn -0.3046 0.8047 -0.5096
vn -0.2013 0.8157 -0.5423
vn -0.1912 0.7790 -0.5972
vn -0.2099 0.7781 -0.5920
vn -0.1846 0.7371 -0.6501
vn -0.1776 0.6723 -0.7186
vn -0.1826 0.7143 -0.6756
vn -0.2098 0.6101 -0.7640
vn -0.2739 0.6545 -0.7047
vn -0.1941 0.5810 -0.7904
vn -0.3800 0.6908 -0.6151
vn 0.6156 0.4921 0.6156
vn 0.4813 0.4868 0.7290
vn 0.5561 0.2581 0.7900
vn 0.6843 0.2517 0.6843
vn 0.3552 0.4744 0.8055
vn 0.4293 0.2757 0.8600
vn 0.4822 0.1298 0.8664
vn 0.5934 0.1008 0.7986
vn 0.7042 0.0908 0.7042
vn 0.2673 0.4654 0.8437
vn 0.3381 0.3103 0.8885
vn 0.2364 0.4661 0.8525
vn 0.2977 0.3458 0.8898
vn 0.3662 0.2423 0.8984
vn 0.4082 0.1858 0.8938
vn 0.4780 0.1087 0.8716
vn 0.5317 0.0514 0.8454
vn 0.4352 0.1658 0.8849
vn 0.5030 0.1214 0.8557
vn 0.5183 0.0585 0.8532
vn 0.5705 0.0164 0.8211
vn 0.6170 0.0208 0.7867
vn 0.7071 0.0111 0.7071
vn 0.6394 -0.0048 0.7689
vn 0.7071 -0.0107 0.7071
vn 0.8525 0.4661 0.2364
vn 0.8437 0.4654 0.2673
vn 0.8885 0.3103 0.3381
vn 0.8898 0.3458 0.2977
vn 0.8055 0.4744 0.3552
vn 0.8600 0.2757 0.4293
vn 0.8664 0.1298 0.4822
vn 0.8938 0.1858 0.4082
vn 0.8984 0.2423 0.3662
vn 0.7290 0.4868 0.4813
vn 0.7900 0.2581 0.5561
vn 0.7986 0.1008 0.5934
vn 0.7867 0.0208 0.6170
vn 0.8454 0.0514 0.5317
vn 0.7689 -0.0048 0.6394
vn 0.8211 0.0164 0.5705
vn 0.8716 0.1087 0.4780
vn 0.8849 0.1658 0.4352
vn 0.8532 0.0585 0.5183
vn 0.8557 0.1214 0.5030
vn 0.5920 0.7781 0.2099
vn 0.5423 0.8157 0.2013
vn 0.5972 0.7790 0.1912
vn 0.6501 0.7371 0.1846
vn 0.4758 0.8497 0.2271
vn 0.5251 0.8239 0.2133
vn 0.6035 0.7661 0.2209
vn 0.6756 0.7143 0.1826
vn 0.7186 0.6723 0.1776
vn 0.4047 0.8718 0.2760
vn 0.4395 0.8555 0.2739
vn 0.3370 0.8791 0.3370
vn 0.3527 0.8667 0.3527
vn 0.4056 0.8192 0.4056
vn 0.5096 0.8047 0.3046
vn 0.6151 0.6908 0.3800
vn 0.7047 0.6545 0.2739
vn 0.5013 0.7052 0.5013
vn 0.7640 0.6101 0.2098
vn 0.7904 0.5810 0.1941
vn 0.2760 0.8718 0.4047
vn 0.2739 0.8555 0.4395
vn 0.2271 0.8497 0.4758
vn 0.2133 0.8239 0.5251
vn 0.2209 0.7661 0.6035
vn 0.3046 0.8047 0.5096
vn 0.2013 0.8157 0.5423
vn 0.1912 0.7790 0.5972
vn 0.2099 0.7781 0.5920
vn 0.1846 0.7371 0.6501
vn 0.1776 0.6723 0.7186
vn 0.1826 0.7143 0.6756
vn 0.2098 0.6101 0.7640
vn 0.2739 0.6545 0.7047
vn 0.1941 0.5810 0.7904
vn 0.3800 0.6908 0.6151
vn 0.6156 0.4921 -0.6156
vn 0.7290 0.4868 -0.4813
vn 0.7900 0.2581 -0.5561
vn 0.6843 0.2517 -0.6843
vn 0.8055 0.4744 -0.3552
vn 0.8600 0.2757 -0.4293
vn 0.8664 0.1298 -0.4822
vn 0.7986 0.1008 -0.5934
vn 0.7042 0.0908 -0.7042
vn 0.8437 0.4654 -0.2673
vn 0.8885 0.3103 -0.3381
vn 0.8525 0.4661 -0.2364
vn 0.8898 0.3458 -0.2977
vn 0.8984 0.2423 -0.3662
vn 0.8938 0.1858 -0.4082
vn 0.8716 0.1087 -0.4780
vn 0.8454 0.0514 -0.5317
vn 0.8849 0.1658 -0.4352
vn 0.8557 0.1214 -0.5030
vn 0.8532 0.0585 -0.5183
vn 0.8211 0.0164 -0.5705
vn 0.7867 0.0208 -0.6170
vn 0.7071 0.0111 -0.7071
vn 0.7689 -0.0048 -0.6394
vn 0.7071 -0.0107 -0.7071
vn 0.2364 0.4661 -0.8525
vn 0.2673 0.4654 -0.8437
vn 0.3381 0.3103 -0.8885
vn 0.2977 0.3458 -0.8898
vn 0.3552 0.4744 -0.8055
vn 0.4293 0.2757 -0.8600
vn 0.4822 0.1298 -0.8664
vn 0.4082 0.1858 -0.8938
vn 0.3662 0.2423 -0.8984
vn 0.4813 0.4868 -0.7290
vn 0.5561 0.2581 -0.7900
vn 0.5934 0.1008 -0.7986
vn 0.6170 0.0208 -0.7867
vn 0.5317 0.0514 -0.8454
vn 0.6394 -0.0048 -0.7689
vn 0.5705 0.0164 -0.8211
vn 0.4780 0.1087 -0.8716
vn 0.4352 0.1658 -0.8849
vn 0.5183 0.0585 -0.8532
vn 0.5030 0.1214 -0.8557
vn 0.2099 0.7781 -0.5920
vn 0.2013 0.8157 -0.5423
vn 0.1912 0.7790 -0.5972
vn 0.1846 0.7371 -0.6501
vn 0.2271 0.8497 -0.4758
vn 0.2133 0.8239 -0.5251
vn 0.2209 0.7661 -0.6035
vn 0.1826 0.7143 -0.6756
vn 0.1776 0.6723 -0.7186
vn 0.2760 0.8718 -0.4047
vn 0.2739 0.8555 -0.4395
vn 0.3370 0.8791 -0.3370
vn 0.3527 0.8667 -0.3527
vn 0.4056 0.8192 -0.4056
vn 0.3046 0.8047 -0.5096
vn 0.3800 0.6908 -0.6151
vn 0.2739 0.6545 -0.7047
vn 0.5013 0.7052 -0.5013
vn 0.2098 0.6101 -0.7640
vn 0.1941 0.5810 -0.7904
vn 0.4047 0.8718 -0.2760
vn 0.4395 0.8555 -0.2739
vn 0.4758 0.8497 -0.2271
vn 0.5251 0.8239 -0.2133
vn 0.6035 0.7661 -0.2209
vn 0.5096 0.8047 -0.3046
vn 0.5423 0.8157 -0.2013
vn 0.5972 0.7790 -0.1912
vn 0.5920 0.7781 -0.2099
vn 0.6501 0.7371 -0.1846
vn 0.7186 0.6723 -0.1776
vn 0.6756 0.7143 -0.1826
vn 0.7640 0.6101 -0.2098
vn 0.7047 0.6545 -0.2739
vn 0.7904 0.5810 -0.1941
vn 0.6151 0.6908 -0.3800
vt 0.939259 0.384467
vt 0.925588 0.384988
vt 0.925718 0.403982
vt 0.939259 0.404213
vt 0.911940 0.386479
vt 0.912225 0.403484
vt 0.913080 0.422773
vt 0.926094 0.425761
vt 0.939259 0.426933
vt 0.898332 0.388781
vt 0.898813 0.402963
vt 0.884749 0.391515
vt 0.885450 0.402457
vt 0.887713 0.414141
vt 0.900320 0.418714
vt 0.902873 0.435730
vt 0.914461 0.443684
vt 0.891771 0.426671
vt 0.897842 0.439928
vt 0.906114 0.453444
vt 0.916129 0.465422
vt 0.926680 0.449354
vt 0.939259 0.451517
vt 0.927380 0.473846
vt 0.939259 0.477014
vt 0.993769 0.391515
vt 0.980185 0.388781
vt 0.979704 0.402963
vt 0.993067 0.402457
vt 0.966577 0.386479
vt 0.966293 0.403484
vt 0.965437 0.422773
vt 0.978197 0.418714
vt 0.990805 0.414141
vt 0.952930 0.384988
vt 0.952800 0.403982
vt 0.952424 0.425761
vt 0.951837 0.449354
vt 0.964056 0.443684
vt 0.951138 0.473846
vt 0.962389 0.465422
vt 0.975645 0.435730
vt 0.986747 0.426671
vt 0.972404 0.453444
vt 0.980676 0.439928
vt 0.980676 0.353260
vt 0.972404 0.345387
vt 0.975645 0.355028
vt 0.986747 0.362006
vt 0.962389 0.338986
vt 0.964056 0.349137
vt 0.965437 0.359962
vt 0.978197 0.365185
vt 0.990805 0.371349
vt 0.951137 0.334746
vt 0.951837 0.345242
vt 0.939259 0.333217
vt 0.939259 0.343852
vt 0.939259 0.355301
vt 0.952424 0.356522
vt 0.952800 0.369420
vt 0.966293 0.372155
vt 0.939259 0.368446
vt 0.979704 0.376294
vt 0.993067 0.381174
vt 0.927380 0.334746
vt 0.926680 0.345242
vt 0.916129 0.338986
vt 0.914461 0.349137
vt 0.913080 0.359962
vt 0.926094 0.356522
vt 0.906114 0.345387
vt 0.902873 0.355028
vt 0.897842 0.353260
vt 0.891771 0.362006
vt 0.887713 0.371349
vt 0.900320 0.365185
vt 0.898813 0.376294
vt 0.912225 0.372155
vt 0.885450 0.381174
vt 0.925718 0.369420
vt 0.787589 0.915183
vt 0.794036 0.915183
vt 0.788788 0.933758
vt 0.780877 0.933535
vt 0.829077 0.751970
vt 0.821420 0.751970
vt 0.832214 0.751970
vt 0.842679 0.882534
vt 0.835073 0.920761
vt 0.830474 0.762127
vt 0.833848 0.762127
vt 0.833611 0.762127
vt 0.835073 0.882844
vt 0.842627 0.882534
vt 0.788774 0.762127
vt 0.791911 0.762127
vt 0.787312 0.882844
vt 0.779758 0.882534
vt 0.833597 0.991824
vt 0.828349 0.991824
vt 0.816813 0.915183
vt 0.817214 0.933535
vt 0.793308 0.751970
vt 0.817222 0.751970
vt 0.788536 0.762127
vt 0.779706 0.882534
vt 0.787312 0.882844
vt 0.805162 0.751970
vt 0.800964 0.751970
vt 0.817484 0.762127
vt 0.829339 0.762127
vt 0.834828 0.920761
vt 0.817443 0.882534
vt 0.833597 0.959991
vt 0.828349 0.991611
vt 0.834796 0.907371
vt 0.841508 0.930792
vt 0.806507 0.762127
vt 0.805291 0.882534
vt 0.834828 0.882844
vt 0.817093 0.882534
vt 0.787557 0.882844
vt 0.793046 0.762127
vt 0.815878 0.762127
vt 0.805572 0.915183
vt 0.833597 0.959991
vt 0.805170 0.933535
vt 0.790170 0.751970
vt 0.813978 0.759546
vt 0.805572 0.899558
vt 0.805873 0.897143
vt 0.809474 0.897143
vt 0.808929 0.871854
vt 0.804187 0.871854
vt 0.816512 0.915005
vt 0.812911 0.915005
vt 0.813456 0.895375
vt 0.818198 0.895375
vt 0.794036 0.899558
vt 0.787589 0.899558
vt 0.802569 0.759546
vt 0.794036 0.868308
vt 0.788788 0.923031
vt 0.794036 0.883933
vt 0.808406 0.759546
vt 0.808255 0.802411
vt 0.802100 0.799958
vt 0.808929 0.871854
vt 0.819815 0.759546
vt 0.816813 0.899558
vt 0.814130 0.823850
vt 0.819027 0.915005
vt 0.819649 0.895375
vt 0.819649 0.871854
vt 0.803358 0.897143
vt 0.802735 0.871854
vt 0.802735 0.871854
vt 0.820285 0.831208
vt 0.820285 0.799958
vt 0.808255 0.799958
vt 0.812911 0.897143
vt 0.813456 0.871854
vt 0.806959 0.897143
vt 0.807477 0.871854
vt 0.814130 0.799958
vt 0.815426 0.897143
vt 0.819027 0.897143
vt 0.814907 0.871854
vt 0.814978 0.830093
vt 0.819720 0.830093
vt 0.820285 0.823986
vt 0.814130 0.823986
vt 0.819720 0.861343
vt 0.814978 0.861343
vt 0.814130 0.847878
vt 0.820285 0.855236
vt 0.807406 0.830093
vt 0.802664 0.830093
vt 0.802100 0.823986
vt 0.808255 0.826439
vt 0.808255 0.823986
vt 0.808929 0.830093
vt 0.813456 0.830093
vt 0.820499 0.833958
vt 0.820499 0.857479
vt 0.801885 0.830093
vt 0.813456 0.857479
vt 0.808929 0.833958
vt 0.804901 0.762127
vt 0.804941 0.882534
vt 0.785484 0.916089
vt 0.777809 0.916089
vt 0.777566 0.916089
vt 0.785532 0.916089
vt 0.787250 0.916089
vt 0.803742 0.916089
vt 0.806098 0.916089
vt 0.834510 0.916089
vt 0.836901 0.916089
vt 0.844576 0.916089
vt 0.844818 0.917854
vt 0.836853 0.961629
vt 0.835135 0.961366
vt 0.818643 0.919185
vt 0.816286 0.916089
vt 0.787875 0.916089
vt 0.188477 0.366764
vt 0.175603 0.367255
vt 0.175725 0.385140
vt 0.188477 0.385358
vt 0.162752 0.368659
vt 0.163020 0.384671
vt 0.163825 0.402835
vt 0.176079 0.405649
vt 0.188477 0.406752
vt 0.149938 0.370826
vt 0.150391 0.384181
vt 0.137147 0.373401
vt 0.137808 0.383704
vt 0.139938 0.394707
vt 0.151810 0.399012
vt 0.154214 0.415036
vt 0.165126 0.422526
vt 0.143759 0.406505
vt 0.149476 0.418989
vt 0.157265 0.431716
vt 0.166696 0.442995
vt 0.176632 0.427865
vt 0.188477 0.429902
vt 0.177291 0.450928
vt 0.188477 0.453912
vt 0.239807 0.373401
vt 0.227015 0.370826
vt 0.226562 0.384181
vt 0.239146 0.383704
vt 0.214201 0.368659
vt 0.213933 0.384671
vt 0.213128 0.402835
vt 0.225143 0.399012
vt 0.237015 0.394707
vt 0.201350 0.367255
vt 0.201228 0.385140
vt 0.200874 0.405649
vt 0.200321 0.427865
vt 0.211827 0.422526
vt 0.199662 0.450928
vt 0.210257 0.442995
vt 0.222740 0.415036
vt 0.233194 0.406505
vt 0.219688 0.431716
vt 0.227477 0.418989
vt 0.227477 0.337378
vt 0.219688 0.329964
vt 0.222740 0.339042
vt 0.233194 0.345614
vt 0.210257 0.323936
vt 0.211827 0.333495
vt 0.213128 0.343689
vt 0.225143 0.348607
vt 0.237015 0.354411
vt 0.199662 0.319943
vt 0.200321 0.329828
vt 0.188477 0.318504
vt 0.188477 0.328519
vt 0.188477 0.339299
vt 0.200874 0.340449
vt 0.201228 0.352595
vt 0.213933 0.355170
vt 0.188477 0.351678
vt 0.226562 0.359068
vt 0.239146 0.363663
vt 0.177291 0.319943
vt 0.176632 0.329828
vt 0.166696 0.323936
vt 0.165126 0.333495
vt 0.163825 0.343689
vt 0.176079 0.340449
vt 0.157265 0.329964
vt 0.154214 0.339042
vt 0.149476 0.337378
vt 0.143759 0.345614
vt 0.139938 0.354411
vt 0.151810 0.348607
vt 0.150391 0.359068
vt 0.163020 0.355170
vt 0.137808 0.363663
vt 0.175725 0.352595
vt 0.243023 0.372326
vt 0.243023 0.422885
vt 0.230383 0.422885
vt 0.230383 0.372326
vt 0.217744 0.422885
vt 0.217744 0.372326
vt 0.205104 0.422885
vt 0.205104 0.372326
vt 0.192464 0.422885
vt 0.192464 0.372326
vt 0.179825 0.422885
vt 0.179825 0.372326
vt 0.167185 0.422885
vt 0.167185 0.372326
vt 0.184345 0.364207
vt 0.167185 0.371315
vt 0.150025 0.364207
vt 0.142917 0.347047
vt 0.150025 0.329887
vt 0.167185 0.322779
vt 0.184345 0.329887
vt 0.191453 0.347047
vt 0.154546 0.422885
vt 0.154546 0.372326
vt 0.141906 0.422885
vt 0.141906 0.372326
vt 0.217744 0.371315
vt 0.234904 0.364207
vt 0.242012 0.347047
vt 0.234904 0.329887
vt 0.217744 0.322779
vt 0.200583 0.329887
vt 0.193476 0.347047
vt 0.200583 0.364207
s 1
usemtl texture
f 9/1/1 49/2/2 66/3/3 42/4/4
f 49/2/2 21/5/5 50/6/6 66/3/3
f 66/3/3 50/6/6 22/7/7 53/8/8
f 42/4/4 66/3/3 53/8/8 18/9/9
f 21/5/5 48/10/10 67/11/11 50/6/6
f 48/10/10 7/12/12 30/13/13 67/11/11
f 67/11/11 30/13/13 12/14/14 51/15/15
f 50/6/6 67/11/11 51/15/15 22/7/7
f 22/7/7 51/15/15 68/16/16 52/17/17
f 51/15/15 12/14/14 31/18/18 68/16/16
f 68/16/16 31/18/18 4/19/19 40/20/20
f 52/17/17 68/16/16 40/20/20 17/21/21
f 18/9/9 53/8/8 69/22/22 43/23/23
f 53/8/8 22/7/7 52/17/17 69/22/22
f 69/22/22 52/17/17 17/21/21 41/24/24
f 43/23/23 69/22/22 41/24/24 8/25/25
f 5/26/26 47/27/27 70/28/28 35/29/29
f 47/27/27 20/30/30 54/31/31 70/28/28
f 70/28/28 54/31/31 23/32/32 57/33/33
f 35/29/29 70/28/28 57/33/33 14/34/34
f 20/30/30 46/35/35 71/36/36 54/31/31
f 46/35/35 9/1/1 42/4/4 71/36/36
f 71/36/36 42/4/4 18/9/9 55/37/37
f 54/31/31 71/36/36 55/37/37 23/32/32
f 23/32/32 55/37/37 72/38/38 56/39/39
f 55/37/37 18/9/9 43/23/23 72/38/38
f 72/38/38 43/23/23 8/25/25 32/40/40
f 56/39/39 72/38/38 32/40/40 13/41/41
f 14/34/34 57/33/33 73/42/42 34/43/43
f 57/33/33 23/32/32 56/39/39 73/42/42
f 73/42/42 56/39/39 13/41/41 33/44/44
f 34/43/43 73/42/42 33/44/44 3/45/45
f 1/46/46 36/47/47 74/48/48 27/49/49
f 36/47/47 15/50/50 58/51/51 74/48/48
f 74/48/48 58/51/51 24/52/52 61/53/53
f 27/49/49 74/48/48 61/53/53 10/54/54
f 15/50/50 37/55/55 75/56/56 58/51/51
f 37/55/55 6/57/57 44/58/58 75/56/56
f 75/56/56 44/58/58 19/59/59 59/60/60
f 58/51/51 75/56/56 59/60/60 24/52/52
f 24/52/52 59/60/60 76/61/61 60/62/62
f 59/60/60 19/59/59 45/63/63 76/61/61
f 76/61/61 45/63/63 9/1/1 46/35/35
f 60/62/62 76/61/61 46/35/35 20/30/30
f 10/54/54 61/53/53 77/64/64 26/65/65
f 61/53/53 24/52/52 60/62/62 77/64/64
f 77/64/64 60/62/62 20/30/30 47/27/27
f 26/65/65 77/64/64 47/27/27 5/26/26
f 6/57/57 28/66/66 78/67/67 44/58/58
f 28/66/66 11/68/68 62/69/69 78/67/67
f 78/67/67 62/69/69 25/70/70 65/71/71
f 44/58/58 78/67/67 65/71/71 19/59/59
f 11/68/68 29/72/72 79/73/73 62/69/69
f 29/72/72 2/74/74 38/75/75 79/73/73
f 79/73/73 38/75/75 16/76/76 63/77/77
f 62/69/69 79/73/73 63/77/77 25/70/70
f 25/70/70 63/77/77 80/78/78 64/79/79
f 63/77/77 16/76/76 39/80/80 80/78/78
f 80/78/78 39/80/80 7/12/12 48/10/10
f 64/79/79 80/78/78 48/10/10 21/5/5
f 19/59/59 65/71/71 81/81/81 45/63/63
f 65/71/71 25/70/70 64/79/79 81/81/81
f 81/81/81 64/79/79 21/5/5 49/2/2
f 45/63/63 81/81/81 49/2/2 9/1/1
f 90/1/82 130/2/83 147/3/84 123/4/85
f 130/2/83 102/5/86 131/6/87 147/3/84
f 147/3/84 131/6/87 103/7/88 134/8/89
f 123/4/85 147/3/84 134/8/89 99/9/90
f 102/5/86 129/10/91 148/11/92 131/6/87
f 129/10/91 88/12/93 111/13/94 148/11/92
f 148/11/92 111/13/94 93/14/95 132/15/96
f 131/6/87 148/11/92 132/15/96 103/7/88
f 103/7/88 132/15/96 149/16/97 133/17/98
f 132/15/96 93/14/95 112/18/99 149/16/97
f 149/16/97 112/18/99 85/19/100 121/20/101
f 133/17/98 149/16/97 121/20/101 98/21/102
f 99/9/90 134/8/89 150/22/103 124/23/104
f 134/8/89 103/7/88 133/17/98 150/22/103
f 150/22/103 133/17/98 98/21/102 122/24/105
f 124/23/104 150/22/103 122/24/105 89/25/106
f 86/26/107 128/27/108 151/28/109 116/29/110
f 128/27/108 101/30/111 135/31/112 151/28/109
f 151/28/109 135/31/112 104/32/113 138/33/114
f 116/29/110 151/28/109 138/33/114 95/34/115
f 101/30/111 127/35/116 152/36/117 135/31/112
f 127/35/116 90/1/82 123/4/85 152/36/117
f 152/36/117 123/4/85 99/9/90 136/37/118
f 135/31/112 152/36/117 136/37/118 104/32/113
f 104/32/113 136/37/118 153/38/119 137/39/120
f 136/37/118 99/9/90 124/23/104 153/38/119
f 153/38/119 124/23/104 89/25/106 113/40/121
f 137/39/120 153/38/119 113/40/121 94/41/122
f 95/34/115 138/33/114 154/42/123 115/43/124
f 138/33/114 104/32/113 137/39/120 154/42/123
f 154/42/123 137/39/120 94/41/122 114/44/125
f 115/43/124 154/42/123 114/44/125 84/45/126
f 82/46/127 117/47/128 155/48/129 108/49/130
f 117/47/128 96/50/131 139/51/132 155/48/129
f 155/48/129 139/51/132 105/52/133 142/53/134
f 108/49/130 155/48/129 142/53/134 91/54/135
f 96/50/131 118/55/136 156/56/137 139/51/132
f 118/55/136 87/57/138 125/58/139 156/56/137
f 156/56/137 125/58/139 100/59/140 140/60/141
f 139/51/132 156/56/137 140/60/141 105/52/133
f 105/52/133 140/60/141 157/61/142 141/62/143
f 140/60/141 100/59/140 126/63/144 157/61/142
f 157/61/142 126/63/144 90/1/82 127/35/116
f 141/62/143 157/61/142 127/35/116 101/30/111
f 91/54/135 142/53/134 158/64/145 107/65/146
f 142/53/134 105/52/133 141/62/143 158/64/145
f 158/64/145 141/62/143 101/30/111 128/27/108
f 107/65/146 158/64/145 128/27/108 86/26/107
f 87/57/138 109/66/147 159/67/148 125/58/139
f 109/66/147 92/68/149 143/69/150 159/67/148
f 159/67/148 143/69/150 106/70/151 146/71/152
f 125/58/139 159/67/148 146/71/152 100/59/140
f 92/68/149 110/72/153 160/73/154 143/69/150
f 110/72/153 83/74/155 119/75/156 160/73/154
f 160/73/154 119/75/156 97/76/157 144/77/158
f 143/69/150 160/73/154 144/77/158 106/70/151
f 106/70/151 144/77/158 161/78/159 145/79/160
f 144/77/158 97/76/157 120/80/161 161/78/159
f 161/78/159 120/80/161 88/12/93 129/10/91
f 145/79/160 161/78/159 129/10/91 102/5/86
f 100/59/140 146/71/152 162/81/162 126/63/144
f 146/71/152 106/70/151 145/79/160 162/81/162
f 162/81/162 145/79/160 102/5/86 130/2/83
f 126/63/144 162/81/162 130/2/83 90/1/82
f 171/1/163 211/2/164 228/3/165 204/4/166
f 211/2/164 183/5/167 212/6/168 228/3/165
f 228/3/165 212/6/168 184/7/169 215/8/170
f 204/4/166 228/3/165 215/8/170 180/9/171
f 183/5/167 210/10/172 229/11/173 212/6/168
f 210/10/172 169/12/174 192/13/175 229/11/173
f 229/11/173 192/13/175 174/14/176 213/15/177
f 212/6/168 229/11/173 213/15/177 184/7/169
f 184/7/169 213/15/177 230/16/178 214/17/179
f 213/15/177 174/14/176 193/18/180 230/16/178
f 230/16/178 193/18/180 166/19/181 202/20/182
f 214/17/179 230/16/178 202/20/182 179/21/183
f 180/9/171 215/8/170 231/22/184 205/23/185
f 215/8/170 184/7/169 214/17/179 231/22/184
f 231/22/184 214/17/179 179/21/183 203/24/186
f 205/23/185 231/22/184 203/24/186 170/25/187
f 167/26/188 209/27/189 232/28/190 197/29/191
f 209/27/189 182/30/192 216/31/193 232/28/190
f 232/28/190 216/31/193 185/32/194 219/33/195
f 197/29/191 232/28/190 219/33/195 176/34/196
f 182/30/192 208/35/197 233/36/198 216/31/193
f 208/35/197 171/1/163 204/4/166 233/36/198
f 233/36/198 204/4/166 180/9/171 217/37/199
f 216/31/193 233/36/198 217/37/199 185/32/194
f 185/32/194 217/37/199 234/38/200 218/39/201
f 217/37/199 180/9/171 205/23/185 234/38/200
f 234/38/200 205/23/185 170/25/187 194/40/202
f 218/39/201 234/38/200 194/40/202 175/41/203
f 176/34/196 219/33/195 235/42/204 196/43/205
f 219/33/195 185/32/194 218/39/201 235/42/204
f 235/42/204 218/39/201 175/41/203 195/44/206
f 196/43/205 235/42/204 195/44/206 165/45/207
f 163/46/208 198/47/209 236/48/210 189/49/211
f 198/47/209 177/50/212 220/51/213 236/48/210
f 236/48/210 220/51/213 186/52/214 223/53/215
f 189/49/211 236/48/210 223/53/215 172/54/216
f 177/50/212 199/55/217 237/56/218 220/51/213
f 199/55/217 168/57/219 206/58/220 237/56/218
f 237/56/218 206/58/220 181/59/221 221/60/222
f 220/51/213 237/56/218 221/60/222 186/52/214
f 186/52/214 221/60/222 238/61/223 222/62/224
f 221/60/222 181/59/221 207/63/225 238/61/223
f 238/61/223 207/63/225 171/1/163 208/35/197
f 222/62/224 238/61/223 208/35/197 182/30/192
f 172/54/216 223/53/215 239/64/226 188/65/227
f 223/53/215 186/52/214 222/62/224 239/64/226
f 239/64/226 222/62/224 182/30/192 209/27/189
f 188/65/227 239/64/226 209/27/189 167/26/188
f 168/57/219 190/66/228 240/67/229 206/58/220
f 190/66/228 173/68/230 224/69/231 240/67/229
f 240/67/229 224/69/231 187/70/232 227/71/233
f 206/58/220 240/67/229 227/71/233 181/59/221
f 173/68/230 191/72/234 241/73/235 224/69/231
f 191/72/234 164/74/236 200/75/237 241/73/235
f 241/73/235 200/75/237 178/76/238 225/77/239
f 224/69/231 241/73/235 225/77/239 187/70/232
f 187/70/232 225/77/239 242/78/240 226/79/241
f 225/77/239 178/76/238 201/80/242 242/78/240
f 242/78/240 201/80/242 169/12/174 210/10/172
f 226/79/241 242/78/240 210/10/172 183/5/167
f 181/59/221 227/71/233 243/81/243 207/63/225
f 227/71/233 187/70/232 226/79/241 243/81/243
f 243/81/243 226/79/241 183/5/167 211/2/164
f 207/63/225 243/81/243 211/2/164 171/1/163
f 252/1/244 292/2/245 309/3/246 285/4/247
f 292/2/245 264/5/248 293/6/249 309/3/246
f 309/3/246 293/6/249 265/7/250 296/8/251
f 285/4/247 309/3/246 296/8/251 261/9/252
f 264/5/248 291/10/253 310/11/254 293/6/249
f 291/10/253 250/12/255 273/13/256 310/11/254
f 310/11/254 273/13/256 255/14/257 294/15/258
f 293/6/249 310/11/254 294/15/258 265/7/250
f 265/7/250 294/15/258 311/16/259 295/17/260
f 294/15/258 255/14/257 274/18/261 311/16/259
f 311/16/259 274/18/261 247/19/262 283/20/263
f 295/17/260 311/16/259 283/20/263 260/21/264
f 261/9/252 296/8/251 312/22/265 286/23/266
f 296/8/251 265/7/250 295/17/260 312/22/265
f 312/22/265 295/17/260 260/21/264 284/24/267
f 286/23/266 312/22/265 284/24/267 251/25/268
f 248/26/269 290/27/270 313/28/271 278/29/272
f 290/27/270 263/30/273 297/31/274 313/28/271
f 313/28/271 297/31/274 266/32/275 300/33/276
f 278/29/272 313/28/271 300/33/276 257/34/277
f 263/30/273 289/35/278 314/36/279 297/31/274
f 289/35/278 252/1/244 285/4/247 314/36/279
f 314/36/279 285/4/247 261/9/252 298/37/280
f 297/31/274 314/36/279 298/37/280 266/32/275
f 266/32/275 298/37/280 315/38/281 299/39/282
f 298/37/280 261/9/252 286/23/266 315/38/281
f 315/38/281 286/23/266 251/25/268 275/40/283
f 299/39/282 315/38/281 275/40/283 256/41/284
f 257/34/277 300/33/276 316/42/285 277/43/286
f 300/33/276 266/32/275 299/39/282 316/42/285
f 316/42/285 299/39/282 256/41/284 276/44/287
f 277/43/286 316/42/285 276/44/287 246/45/288
f 244/46/289 279/47/290 317/48/291 270/49/292
f 279/47/290 258/50/293 301/51/294 317/48/291
f 317/48/291 301/51/294 267/52/295 304/53/296
f 270/49/292 317/48/291 304/53/296 253/54/297
f 258/50/293 280/55/298 318/56/299 301/51/294
f 280/55/298 249/57/300 287/58/301 318/56/299
f 318/56/299 287/58/301 262/59/302 302/60/303
f 301/51/294 318/56/299 302/60/303 267/52/295
f 267/52/295 302/60/303 319/61/304 303/62/305
f 302/60/303 262/59/302 288/63/306 319/61/304
f 319/61/304 288/63/306 252/1/244 289/35/278
f 303/62/305 319/61/304 289/35/278 263/30/273
f 253/54/297 304/53/296 320/64/307 269/65/308
f 304/53/296 267/52/295 303/62/305 320/64/307
f 320/64/307 303/62/305 263/30/273 290/27/270
f 269/65/308 320/64/307 290/27/270 248/26/269
f 249/57/300 271/66/309 321/67/310 287/58/301
f 271/66/309 254/68/311 305/69/312 321/67/310
f 321/67/310 305/69/312 268/70/313 308/71/314
f 287/58/301 321/67/310 308/71/314 262/59/302
f 254/68/311 272/72/315 322/73/316 305/69/312
f 272/72/315 245/74/317 281/75/318 322/73/316
f 322/73/316 281/75/318 259/76/319 306/77/320
f 305/69/312 322/73/316 306/77/320 268/70/313
f 268/70/313 306/77/320 323/78/321 307/79/322
f 306/77/320 259/76/319 282/80/323 323/78/321
f 323/78/321 282/80/323 250/12/255 291/10/253
f 307/79/322 323/78/321 291/10/253 264/5/248
f 262/59/302 308/71/314 324/81/324 288/63/306
f 308/71/314 268/70/313 307/79/322 324/81/324
f 324/81/324 307/79/322 264/5/248 292/2/245
f 288/63/306 324/81/324 292/2/245 252/1/244
f 390/208/402 430/209/403 447/210/404 423/211/405
f 430/209/403 402/212/406 431/213/407 447/210/404
f 447/210/404 431/213/407 403/214/408 434/215/409
f 423/211/405 447/210/404 434/215/409 399/216/410
f 402/212/406 429/217/411 448/218/412 431/213/407
f 429/217/411 388/219/413 411/220/414 448/218/412
f 448/218/412 411/220/414 393/221/415 432/222/416
f 431/213/407 448/218/412 432/222/416 403/214/408
f 403/214/408 432/222/416 449/223/417 433/224/418
f 432/222/416 393/221/415 412/225/419 449/223/417
f 449/223/417 412/225/419 385/226/420 421/227/421
f 433/224/418 449/223/417 421/227/421 398/228/422
f 399/216/410 434/215/409 450/229/423 424/230/424
f 434/215/409 403/214/408 433/224/418 450/229/423
f 450/229/423 433/224/418 398/228/422 422/231/425
f 424/230/424 450/229/423 422/231/425 389/232/426
f 386/233/427 428/234/428 451/235/429 416/236/430
f 428/234/428 401/237/431 435/238/432 451/235/429
f 451/235/429 435/238/432 404/239/433 438/240/434
f 416/236/430 451/235/429 438/240/434 395/241/435
f 401/237/431 427/242/436 452/243/437 435/238/432
f 427/242/436 390/208/402 423/211/405 452/243/437
f 452/243/437 423/211/405 399/216/410 436/244/438
f 435/238/432 452/243/437 436/244/438 404/239/433
f 404/239/433 436/244/438 453/245/439 437/246/440
f 436/244/438 399/216/410 424/230/424 453/245/439
f 453/245/439 424/230/424 389/232/426 413/247/441
f 437/246/440 453/245/439 413/247/441 394/248/442
f 395/241/435 438/240/434 454/249/443 415/250/444
f 438/240/434 404/239/433 437/246/440 454/249/443
f 454/249/443 437/246/440 394/248/442 414/251/445
f 415/250/444 454/249/443 414/251/445 384/252/446
f 382/253/447 417/254/448 455/255/449 408/256/450
f 417/254/448 396/257/451 439/258/452 455/255/449
f 455/255/449 439/258/452 405/259/453 442/260/454
f 408/256/450 455/255/449 442/260/454 391/261/455
f 396/257/451 418/262/456 456/263/457 439/258/452
f 418/262/456 387/264/458 425/265/459 456/263/457
f 456/263/457 425/265/459 400/266/460 440/267/461
f 439/258/452 456/263/457 440/267/461 405/259/453
f 405/259/453 440/267/461 457/268/462 441/269/463
f 440/267/461 400/266/460 426/270/464 457/268/462
f 457/268/462 426/270/464 390/208/402 427/242/436
f 441/269/463 457/268/462 427/242/436 401/237/431
f 391/261/455 442/260/454 458/271/465 407/272/466
f 442/260/454 405/259/453 441/269/463 458/271/465
f 458/271/465 441/269/463 401/237/431 428/234/428
f 407/272/466 458/271/465 428/234/428 386/233/427
f 387/264/458 409/273/467 459/274/468 425/265/459
f 409/273/467 392/275/469 443/276/470 459/274/468
f 459/274/468 443/276/470 406/277/471 446/278/472
f 425/265/459 459/274/468 446/278/472 400/266/460
f 392/275/469 410/279/473 460/280/474 443/276/470
f 410/279/473 383/281/475 419/282/476 460/280/474
f 460/280/474 419/282/476 397/283/477 444/284/478
f 443/276/470 460/280/474 444/284/478 406/277/471
f 406/277/471 444/284/478 461/285/479 445/286/480
f 444/284/478 397/283/477 420/287/481 461/285/479
f 461/285/479 420/287/481 388/219/413 429/217/411
f 445/286/480 461/285/479 429/217/411 402/212/406
f 400/266/460 446/278/472 462/288/482 426/270/464
f 446/278/472 406/277/471 445/286/480 462/288/482
f 462/288/482 445/286/480 402/212/406 430/209/403
f 426/270/464 462/288/482 430/209/403 390/208/402
f 471/208/483 511/209/484 528/210/485 504/211/486
f 511/209/484 483/212/487 512/213/488 528/210/485
f 528/210/485 512/213/488 484/214/489 515/215/490
f 504/211/486 528/210/485 515/215/490 480/216/491
f 483/212/487 510/217/492 529/218/493 512/213/488
f 510/217/492 469/219/494 492/220/495 529/218/493
f 529/218/493 492/220/495 474/221/496 513/222/497
f 512/213/488 529/218/493 513/222/497 484/214/489
f 484/214/489 513/222/497 530/223/498 514/224/499
f 513/222/497 474/221/496 493/225/500 530/223/498
f 530/223/498 493/225/500 466/226/501 502/227/502
f 514/224/499 530/223/498 502/227/502 479/228/503
f 480/216/491 515/215/490 531/229/504 505/230/505
f 515/215/490 484/214/489 514/224/499 531/229/504
f 531/229/504 514/224/499 479/228/503 503/231/506
f 505/230/505 531/229/504 503/231/506 470/232/507
f 467/233/508 509/234/509 532/235/510 497/236/511
f 509/234/509 482/237/512 516/238/513 532/235/510
f 532/235/510 516/238/513 485/239/514 519/240/515
f 497/236/511 532/235/510 519/240/515 476/241/516
f 482/237/512 508/242/517 533/243/518 516/238/513
f 508/242/517 471/208/483 504/211/486 533/243/518
f 533/243/518 504/211/486 480/216/491 517/244/519
f 516/238/513 533/243/518 517/244/519 485/239/514
f 485/239/514 517/244/519 534/245/520 518/246/521
f 517/244/519 480/216/491 505/230/505 534/245/520
f 534/245/520 505/230/505 470/232/507 494/247/522
f 518/246/521 534/245/520 494/247/522 475/248/523
f 476/241/516 519/240/515 535/249/524 496/250/525
f 519/240/515 485/239/514 518/246/521 535/249/524
f 535/249/524 518/246/521 475/248/523 495/251/526
f 496/250/525 535/249/524 495/251/526 465/252/527
f 463/253/528 498/254/529 536/255/530 489/256/531
f 498/254/529 477/257/532 520/258/533 536/255/530
f 536/255/530 520/258/533 486/259/534 523/260/535
f 489/256/531 536/255/530 523/260/535 472/261/536
f 477/257/532 499/262/537 537/263/538 520/258/533
f 499/262/537 468/264/539 506/265/540 537/263/538
f 537/263/538 506/265/540 481/266/541 521/267/542
f 520/258/533 537/263/538 521/267/542 486/259/534
f 486/259/534 521/267/542 538/268/543 522/269/544
f 521/267/542 481/266/541 507/270/545 538/268/543
f 538/268/543 507/270/545 471/208/483 508/242/517
f 522/269/544 538/268/543 508/242/517 482/237/512
f 472/261/536 523/260/535 539/271/546 488/272/547
f 523/260/535 486/259/534 522/269/544 539/271/546
f 539/271/546 522/269/544 482/237/512 509/234/509
f 488/272/547 539/271/546 509/234/509 467/233/508
f 468/264/539 490/273/548 540/274/549 506/265/540
f 490/273/548 473/275/550 524/276/551 540/274/549
f 540/274/549 524/276/551 487/277/552 527/278/553
f 506/265/540 540/274/549 527/278/553 481/266/541
f 473/275/550 491/279/554 541/280/555 524/276/551
f 491/279/554 464/281/556 500/282/557 541/280/555
f 541/280/555 500/282/557 478/283/558 525/284/559
f 524/276/551 541/280/555 525/284/559 487/277/552
f 487/277/552 525/284/559 542/285/560 526/286/561
f 525/284/559 478/283/558 501/287/562 542/285/560
f 542/285/560 501/287/562 469/219/494 510/217/492
f 526/286/561 542/285/560 510/217/492 483/212/487
f 481/266/541 527/278/553 543/288/563 507/270/545
f 527/278/553 487/277/552 526/286/561 543/288/563
f 543/288/563 526/286/561 483/212/487 511/209/484
f 507/270/545 543/288/563 511/209/484 471/208/483
f 552/208/564 592/209/565 609/210/566 585/211/567
f 592/209/565 564/212/568 593/213/569 609/210/566
f 609/210/566 593/213/569 565/214/570 596/215/571
f 585/211/567 609/210/566 596/215/571 561/216/572
f 564/212/568 591/217/573 610/218/574 593/213/569
f 591/217/573 550/219/575 573/220/576 610/218/574
f 610/218/574 573/220/576 555/221/577 594/222/578
f 593/213/569 610/218/574 594/222/578 565/214/570
f 565/214/570 594/222/578 611/223/579 595/224/580
f 594/222/578 555/221/577 574/225/581 611/223/579
f 611/223/579 574/225/581 547/226/582 583/227/583
f 595/224/580 611/223/579 583/227/583 560/228/584
f 561/216/572 596/215/571 612/229/585 586/230/586
f 596/215/571 565/214/570 595/224/580 612/229/585
f 612/229/585 595/224/580 560/228/584 584/231/587
f 586/230/586 612/229/585 584/231/587 551/232/588
f 548/233/589 590/234/590 613/235/591 578/236/592
f 590/234/590 563/237/593 597/238/594 613/235/591
f 613/235/591 597/238/594 566/239/595 600/240/596
f 578/236/592 613/235/591 600/240/596 557/241/597
f 563/237/593 589/242/598 614/243/599 597/238/594
f 589/242/598 552/208/564 585/211/567 614/243/599
f 614/243/599 585/211/567 561/216/572 598/244/600
f 597/238/594 614/243/599 598/244/600 566/239/595
f 566/239/595 598/244/600 615/245/601 599/246/602
f 598/244/600 561/216/572 586/230/586 615/245/601
f 615/245/601 586/230/586 551/232/588 575/247/603
f 599/246/602 615/245/601 575/247/603 556/248/604
f 557/241/597 600/240/596 616/249/605 577/250/606
f 600/240/596 566/239/595 599/246/602 616/249/605
f 616/249/605 599/246/602 556/248/604 576/251/607
f 577/250/606 616/249/605 576/251/607 546/252/608
f 544/253/609 579/254/610 617/255/611 570/256/612
f 579/254/610 558/257/613 601/258/614 617/255/611
f 617/255/611 601/258/614 567/259/615 604/260/616
f 570/256/612 617/255/611 604/260/616 553/261/617
f 558/257/613 580/262/618 618/263/619 601/258/614
f 580/262/618 549/264/620 587/265/621 618/263/619
f 618/263/619 587/265/621 562/266/622 602/267/623
f 601/258/614 618/263/619 602/267/623 567/259/615
f 567/259/615 602/267/623 619/268/624 603/269/625
f 602/267/623 562/266/622 588/270/626 619/268/624
f 619/268/624 588/270/626 552/208/564 589/242/598
f 603/269/625 619/268/624 589/242/598 563/237/593
f 553/261/617 604/260/616 620/271/627 569/272/628
f 604/260/616 567/259/615 603/269/625 620/271/627
f 620/271/627 603/269/625 563/237/593 590/234/590
f 569/272/628 620/271/627 590/234/590 548/233/589
f 549/264/620 571/273/629 621/274/630 587/265/621
f 571/273/629 554/275/631 605/276/632 621/274/630
f 621/274/630 605/276/632 568/277/633 608/278/634
f 587/265/621 621/274/630 608/278/634 562/266/622
f 554/275/631 572/279/635 622/280/636 605/276/632
f 572/279/635 545/281/637 581/282/638 622/280/636
f 622/280/636 581/282/638 559/283/639 606/284/640
f 605/276/632 622/280/636 606/284/640 568/277/633
f 568/277/633 606/284/640 623/285/641 607/286/642
f 606/284/640 559/283/639 582/287/643 623/285/641
f 623/285/641 582/287/643 550/219/575 591/217/573
f 607/286/642 623/285/641 591/217/573 564/212/568
f 562/266/622 608/278/634 624/288/644 588/270/626
f 608/278/634 568/277/633 607/286/642 624/288/644
f 624/288/644 607/286/642 564/212/568 592/209/565
f 588/270/626 624/288/644 592/209/565 552/208/564
f 633/208/645 673/209/646 690/210/647 666/211/648
f 673/209/646 645/212/649 674/213/650 690/210/647
f 690/210/647 674/213/650 646/214/651 677/215/652
f 666/211/648 690/210/647 677/215/652 642/216/653
f 645/212/649 672/217/654 691/218/655 674/213/650
f 672/217/654 631/219/656 654/220/657 691/218/655
f 691/218/655 654/220/657 636/221/658 675/222/659
f 674/213/650 691/218/655 675/222/659 646/214/651
f 646/214/651 675/222/659 692/223/660 676/224/661
f 675/222/659 636/221/658 655/225/662 692/223/660
f 692/223/660 655/225/662 628/226/663 664/227/664
f 676/224/661 692/223/660 664/227/664 641/228/665
f 642/216/653 677/215/652 693/229/666 667/230/667
f 677/215/652 646/214/651 676/224/661 693/229/666
f 693/229/666 676/224/661 641/228/665 665/231/668
f 667/230/667 693/229/666 665/231/668 632/232/669
f 629/233/670 671/234/671 694/235/672 659/236/673
f 671/234/671 644/237/674 678/238/675 694/235/672
f 694/235/672 678/238/675 647/239/676 681/240/677
f 659/236/673 694/235/672 681/240/677 638/241/678
f 644/237/674 670/242/679 695/243/680 678/238/675
f 670/242/679 633/208/645 666/211/648 695/243/680
f 695/243/680 666/211/648 642/216/653 679/244/681
f 678/238/675 695/243/680 679/244/681 647/239/676
f 647/239/676 679/244/681 696/245/682 680/246/683
f 679/244/681 642/216/653 667/230/667 696/245/682
f 696/245/682 667/230/667 632/232/669 656/247/684
f 680/246/683 696/245/682 656/247/684 637/248/685
f 638/241/678 681/240/677 697/249/686 658/250/687
f 681/240/677 647/239/676 680/246/683 697/249/686
f 697/249/686 680/246/683 637/248/685 657/251/688
f 658/250/687 697/249/686 657/251/688 627/252/689
f 625/253/690 660/254/691 698/255/692 651/256/693
f 660/254/691 639/257/694 682/258/695 698/255/692
f 698/255/692 682/258/695 648/259/696 685/260/697
f 651/256/693 698/255/692 685/260/697 634/261/698
f 639/257/694 661/262/699 699/263/700 682/258/695
f 661/262/699 630/264/701 668/265/702 699/263/700
f 699/263/700 668/265/702 643/266/703 683/267/704
f 682/258/695 699/263/700 683/267/704 648/259/696
f 648/259/696 683/267/704 700/268/705 684/269/706
f 683/267/704 643/266/703 669/270/707 700/268/705
f 700/268/705 669/270/707 633/208/645 670/242/679
f 684/269/706 700/268/705 670/242/679 644/237/674
f 634/261/698 685/260/697 701/271/708 650/272/709
f 685/260/697 648/259/696 684/269/706 701/271/708
f 701/271/708 684/269/706 644/237/674 671/234/671
f 650/272/709 701/271/708 671/234/671 629/233/670
f 630/264/701 652/273/710 702/274/711 668/265/702
f 652/273/710 635/275/712 686/276/713 702/274/711
f 702/274/711 686/276/713 649/277/714 689/278/715
f 668/265/702 702/274/711 689/278/715 643/266/703
f 635/275/712 653/279/716 703/280/717 686/276/713
f 653/279/716 626/281/718 662/282/719 703/280/717
f 703/280/717 662/282/719 640/283/720 687/284/721
f 686/276/713 703/280/717 687/284/721 649/277/714
f 649/277/714 687/284/721 704/285/722 688/286/723
f 687/284/721 640/283/720 663/287/724 704/285/722
f 704/285/722 663/287/724 631/219/656 672/217/654
f 688/286/723 704/285/722 672/217/654 645/212/649
f 643/266/703 689/278/715 705/288/725 669/270/707
f 689/278/715 649/277/714 688/286/723 705/288/725
f 705/288/725 688/286/723 645/212/649 673/209/646
f 669/270/707 705/288/725 673/209/646 633/208/645
f 706/289/726 707/290/727 709/291/728 708/292/729
f 708/292/729 709/291/728 711/293/730 710/294/731
f 710/294/731 711/293/730 713/295/732 712/296/733
f 712/296/733 713/295/732 715/297/734 714/298/735
f 714/298/735 715/297/734 717/299/736 716/300/737
f 716/300/737 717/299/736 719/301/738 718/302/739
f 709/303/728 707/304/727 721/305/740 719/306/738 717/307/736 715/308/734 713/309/732 711/310/730
f 718/302/739 719/301/738 721/311/740 720/312/741
f 720/312/741 721/311/740 707/313/727 706/314/726
f 706/315/726 708/316/729 710/317/731 712/318/733 714/319/735 716/320/737 718/321/739 720/322/741
f 730/1/402 770/2/403 787/3/404 763/4/405
f 770/2/403 742/5/406 771/6/742 787/3/404
f 787/3/404 771/6/742 743/7/408 774/8/409
f 763/4/405 787/3/404 774/8/409 739/9/410
f 742/5/406 769/10/411 788/11/412 771/6/742
f 769/10/411 728/12/413 751/13/414 788/11/412
f 788/11/412 751/13/414 733/14/415 772/15/416
f 771/6/742 788/11/412 772/15/416 743/7/408
f 743/7/408 772/15/416 789/16/417 773/17/418
f 772/15/416 733/14/415 752/18/419 789/16/417
f 789/16/417 752/18/419 725/19/420 761/20/421
f 773/17/418 789/16/417 761/20/421 738/21/422
f 739/9/410 774/8/409 790/22/423 764/23/424
f 774/8/409 743/7/408 773/17/418 790/22/423
f 790/22/423 773/17/418 738/21/422 762/24/425
f 764/23/424 790/22/423 762/24/425 729/25/426
f 726/26/427 768/27/428 791/28/429 756/29/430
f 768/27/428 741/30/431 775/31/432 791/28/429
f 791/28/429 775/31/432 744/32/433 778/33/434
f 756/29/430 791/28/429 778/33/434 735/34/435
f 741/30/431 767/35/436 792/36/437 775/31/432
f 767/35/436 730/1/402 763/4/405 792/36/437
f 792/36/437 763/4/405 739/9/410 776/37/438
f 775/31/432 792/36/437 776/37/438 744/32/433
f 744/32/433 776/37/438 793/38/439 777/39/440
f 776/37/438 739/9/410 764/23/424 793/38/439
f 793/38/439 764/23/424 729/25/426 753/40/441
f 777/39/440 793/38/439 753/40/441 734/41/442
f 735/34/435 778/33/434 794/42/443 755/43/444
f 778/33/434 744/32/433 777/39/440 794/42/443
f 794/42/443 777/39/440 734/41/442 754/44/445
f 755/43/444 794/42/443 754/44/445 724/45/446
f 722/46/743 757/47/448 795/48/449 748/49/450
f 757/47/448 736/50/451 779/51/452 795/48/449
f 795/48/449 779/51/452 745/52/453 782/53/454
f 748/49/450 795/48/449 782/53/454 731/54/455
f 736/50/451 758/55/744 796/56/457 779/51/452
f 758/55/744 727/57/458 765/58/459 796/56/457
f 796/56/457 765/58/459 740/59/460 780/60/461
f 779/51/452 796/56/457 780/60/461 745/52/453
f 745/52/453 780/60/461 797/61/462 781/62/463
f 780/60/461 740/59/460 766/63/464 797/61/462
f 797/61/462 766/63/464 730/1/402 767/35/436
f 781/62/463 797/61/462 767/35/436 741/30/431
f 731/54/455 782/53/454 798/64/465 747/65/466
f 782/53/454 745/52/453 781/62/463 798/64/465
f 798/64/465 781/62/463 741/30/431 768/27/428
f 747/65/466 798/64/465 768/27/428 726/26/427
f 727/57/458 749/66/467 799/67/468 765/58/459
f 749/66/467 732/68/469 783/69/470 799/67/468
f 799/67/468 783/69/470 746/70/471 786/71/472
f 765/58/459 799/67/468 786/71/472 740/59/460
f 732/68/469 750/72/473 800/73/474 783/69/470
f 750/72/473 723/74/475 759/75/476 800/73/474
f 800/73/474 759/75/476 737/76/477 784/77/478
f 783/69/470 800/73/474 784/77/478 746/70/471
f 746/70/471 784/77/478 801/78/479 785/79/480
f 784/77/478 737/76/477 760/80/481 801/78/479
f 801/78/479 760/80/481 728/12/413 769/10/411
f 785/79/480 801/78/479 769/10/411 742/5/406
f 740/59/460 786/71/472 802/81/482 766/63/464
f 786/71/472 746/70/471 785/79/480 802/81/482
f 802/81/482 785/79/480 742/5/406 770/2/403
f 766/63/464 802/81/482 770/2/403 730/1/402
f 811/1/483 851/2/484 868/3/485 844/4/486
f 851/2/484 823/5/487 852/6/745 868/3/485
f 868/3/485 852/6/745 824/7/489 855/8/490
f 844/4/486 868/3/485 855/8/490 820/9/491
f 823/5/487 850/10/492 869/11/493 852/6/745
f 850/10/492 809/12/494 832/13/495 869/11/493
f 869/11/493 832/13/495 814/14/496 853/15/497
f 852/6/745 869/11/493 853/15/497 824/7/489
f 824/7/489 853/15/497 870/16/498 854/17/499
f 853/15/497 814/14/496 833/18/500 870/16/498
f 870/16/498 833/18/500 806/19/501 842/20/502
f 854/17/499 870/16/498 842/20/502 819/21/503
f 820/9/491 855/8/490 871/22/504 845/23/505
f 855/8/490 824/7/489 854/17/499 871/22/504
f 871/22/504 854/17/499 819/21/503 843/24/506
f 845/23/505 871/22/504 843/24/506 810/25/507
f 807/26/508 849/27/509 872/28/510 837/29/511
f 849/27/509 822/30/512 856/31/513 872/28/510
f 872/28/510 856/31/513 825/32/514 859/33/515
f 837/29/511 872/28/510 859/33/515 816/34/516
f 822/30/512 848/35/517 873/36/518 856/31/513
f 848/35/517 811/1/483 844/4/486 873/36/518
f 873/36/518 844/4/486 820/9/491 857/37/519
f 856/31/513 873/36/518 857/37/519 825/32/514
f 825/32/514 857/37/519 874/38/520 858/39/521
f 857/37/519 820/9/491 845/23/505 874/38/520
f 874/38/520 845/23/505 810/25/507 834/40/522
f 858/39/521 874/38/520 834/40/522 815/41/523
f 816/34/516 859/33/515 875/42/524 836/43/525
f 859/33/515 825/32/514 858/39/521 875/42/524
f 875/42/524 858/39/521 815/41/523 835/44/526
f 836/43/525 875/42/524 835/44/526 805/45/527
f 803/46/746 838/47/529 876/48/530 829/49/531
f 838/47/529 817/50/532 860/51/533 876/48/530
f 876/48/530 860/51/533 826/52/534 863/53/535
f 829/49/531 876/48/530 863/53/535 812/54/536
f 817/50/532 839/55/747 877/56/538 860/51/533
f 839/55/747 808/57/539 846/58/540 877/56/538
f 877/56/538 846/58/540 821/59/541 861/60/542
f 860/51/533 877/56/538 861/60/542 826/52/534
f 826/52/534 861/60/542 878/61/543 862/62/544
f 861/60/542 821/59/541 847/63/545 878/61/543
f 878/61/543 847/63/545 811/1/483 848/35/517
f 862/62/544 878/61/543 848/35/517 822/30/512
f 812/54/536 863/53/535 879/64/546 828/65/547
f 863/53/535 826/52/534 862/62/544 879/64/546
f 879/64/546 862/62/544 822/30/512 849/27/509
f 828/65/547 879/64/546 849/27/509 807/26/508
f 808/57/539 830/66/548 880/67/549 846/58/540
f 830/66/548 813/68/550 864/69/551 880/67/549
f 880/67/549 864/69/551 827/70/552 867/71/553
f 846/58/540 880/67/549 867/71/553 821/59/541
f 813/68/550 831/72/554 881/73/555 864/69/551
f 831/72/554 804/74/556 840/75/557 881/73/555
f 881/73/555 840/75/557 818/76/558 865/77/559
f 864/69/551 881/73/555 865/77/559 827/70/552
f 827/70/552 865/77/559 882/78/560 866/79/561
f 865/77/559 818/76/558 841/80/562 882/78/560
f 882/78/560 841/80/562 809/12/494 850/10/492
f 866/79/561 882/78/560 850/10/492 823/5/487
f 821/59/541 867/71/553 883/81/563 847/63/545
f 867/71/553 827/70/552 866/79/561 883/81/563
f 883/81/563 866/79/561 823/5/487 851/2/484
f 847/63/545 883/81/563 851/2/484 811/1/483
f 892/1/564 932/2/565 949/3/566 925/4/567
f 932/2/565 904/5/568 933/6/569 949/3/566
f 949/3/566 933/6/569 905/7/570 936/8/571
f 925/4/567 949/3/566 936/8/571 901/9/572
f 904/5/568 931/10/573 950/11/574 933/6/569
f 931/10/573 890/12/575 913/13/576 950/11/574
f 950/11/574 913/13/576 895/14/577 934/15/578
f 933/6/569 950/11/574 934/15/578 905/7/570
f 905/7/570 934/15/578 951/16/579 935/17/580
f 934/15/578 895/14/577 914/18/581 951/16/579
f 951/16/579 914/18/581 887/19/582 923/20/583
f 935/17/580 951/16/579 923/20/583 900/21/584
f 901/9/572 936/8/571 952/22/585 926/23/586
f 936/8/571 905/7/570 935/17/580 952/22/585
f 952/22/585 935/17/580 900/21/584 924/24/587
f 926/23/586 952/22/585 924/24/587 891/25/588
f 888/26/589 930/27/590 953/28/591 918/29/592
f 930/27/590 903/30/593 937/31/594 953/28/591
f 953/28/591 937/31/594 906/32/595 940/33/596
f 918/29/592 953/28/591 940/33/596 897/34/597
f 903/30/593 929/35/598 954/36/599 937/31/594
f 929/35/598 892/1/564 925/4/567 954/36/599
f 954/36/599 925/4/567 901/9/572 938/37/600
f 937/31/594 954/36/599 938/37/600 906/32/595
f 906/32/595 938/37/600 955/38/601 939/39/602
f 938/37/600 901/9/572 926/23/586 955/38/601
f 955/38/601 926/23/586 891/25/588 915/40/603
f 939/39/602 955/38/601 915/40/603 896/41/604
f 897/34/597 940/33/596 956/42/605 917/43/606
f 940/33/596 906/32/595 939/39/602 956/42/605
f 956/42/605 939/39/602 896/41/604 916/44/607
f 917/43/606 956/42/605 916/44/607 886/45/608
f 884/46/609 919/47/610 957/48/611 910/49/612
f 919/47/610 898/50/613 941/51/614 957/48/611
f 957/48/611 941/51/614 907/52/615 944/53/616
f 910/49/612 957/48/611 944/53/616 893/54/617
f 898/50/613 920/55/618 958/56/619 941/51/614
f 920/55/618 889/57/620 927/58/621 958/56/619
f 958/56/619 927/58/621 902/59/622 942/60/623
f 941/51/614 958/56/619 942/60/623 907/52/615
f 907/52/615 942/60/623 959/61/624 943/62/625
f 942/60/623 902/59/622 928/63/626 959/61/624
f 959/61/624 928/63/626 892/1/564 929/35/598
f 943/62/625 959/61/624 929/35/598 903/30/593
f 893/54/617 944/53/616 960/64/627 909/65/628
f 944/53/616 907/52/615 943/62/625 960/64/627
f 960/64/627 943/62/625 903/30/593 930/27/590
f 909/65/628 960/64/627 930/27/590 888/26/589
f 889/57/620 911/66/629 961/67/630 927/58/621
f 911/66/629 894/68/631 945/69/632 961/67/630
f 961/67/630 945/69/632 908/70/633 948/71/634
f 927/58/621 961/67/630 948/71/634 902/59/622
f 894/68/631 912/72/635 962/73/636 945/69/632
f 912/72/635 885/74/637 921/75/638 962/73/636
f 962/73/636 921/75/638 899/76/639 946/77/640
f 945/69/632 962/73/636 946/77/640 908/70/633
f 908/70/633 946/77/640 963/78/641 947/79/642
f 946/77/640 899/76/639 922/80/643 963/78/641
f 963/78/641 922/80/643 890/12/575 931/10/573
f 947/79/642 963/78/641 931/10/573 904/5/568
f 902/59/622 948/71/634 964/81/644 928/63/626
f 948/71/634 908/70/633 947/79/642 964/81/644
f 964/81/644 947/79/642 904/5/568 932/2/565
f 928/63/626 964/81/644 932/2/565 892/1/564
f 973/1/645 1013/2/646 1030/3/647 1006/4/648
f 1013/2/646 985/5/649 1014/6/650 1030/3/647
f 1030/3/647 1014/6/650 986/7/651 1017/8/652
f 1006/4/648 1030/3/647 1017/8/652 982/9/653
f 985/5/649 1012/10/654 1031/11/655 1014/6/650
f 1012/10/654 971/12/656 994/13/657 1031/11/655
f 1031/11/655 994/13/657 976/14/658 1015/15/659
f 1014/6/650 1031/11/655 1015/15/659 986/7/651
f 986/7/651 1015/15/659 1032/16/660 1016/17/661
f 1015/15/659 976/14/658 995/18/662 1032/16/660
f 1032/16/660 995/18/662 968/19/663 1004/20/664
f 1016/17/661 1032/16/660 1004/20/664 981/21/665
f 982/9/653 1017/8/652 1033/22/666 1007/23/667
f 1017/8/652 986/7/651 1016/17/661 1033/22/666
f 1033/22/666 1016/17/661 981/21/665 1005/24/668
f 1007/23/667 1033/22/666 1005/24/668 972/25/669
f 969/26/670 1011/27/671 1034/28/672 999/29/673
f 1011/27/671 984/30/674 1018/31/675 1034/28/672
f 1034/28/672 1018/31/675 987/32/676 1021/33/677
f 999/29/673 1034/28/672 1021/33/677 978/34/678
f 984/30/674 1010/35/679 1035/36/680 1018/31/675
f 1010/35/679 973/1/645 1006/4/648 1035/36/680
f 1035/36/680 1006/4/648 982/9/653 1019/37/681
f 1018/31/675 1035/36/680 1019/37/681 987/32/676
f 987/32/676 1019/37/681 1036/38/682 1020/39/683
f 1019/37/681 982/9/653 1007/23/667 1036/38/682
f 1036/38/682 1007/23/667 972/25/669 996/40/684
f 1020/39/683 1036/38/682 996/40/684 977/41/685
f 978/34/678 1021/33/677 1037/42/686 998/43/687
f 1021/33/677 987/32/676 1020/39/683 1037/42/686
f 1037/42/686 1020/39/683 977/41/685 997/44/688
f 998/43/687 1037/42/686 997/44/688 967/45/689
f 965/46/748 1000/47/691 1038/48/692 991/49/693
f 1000/47/691 979/50/694 1022/51/695 1038/48/692
f 1038/48/692 1022/51/695 988/52/696 1025/53/697
f 991/49/693 1038/48/692 1025/53/697 974/54/698
f 979/50/694 1001/55/699 1039/56/700 1022/51/695
f 1001/55/699 970/57/701 1008/58/702 1039/56/700
f 1039/56/700 1008/58/702 983/59/703 1023/60/704
f 1022/51/695 1039/56/700 1023/60/704 988/52/696
f 988/52/696 1023/60/704 1040/61/705 1024/62/706
f 1023/60/704 983/59/703 1009/63/707 1040/61/705
f 1040/61/705 1009/63/707 973/1/645 1010/35/679
f 1024/62/706 1040/61/705 1010/35/679 984/30/674
f 974/54/698 1025/53/697 1041/64/708 990/65/709
f 1025/53/697 988/52/696 1024/62/706 1041/64/708
f 1041/64/708 1024/62/706 984/30/674 1011/27/671
f 990/65/709 1041/64/708 1011/27/671 969/26/670
f 970/57/701 992/66/749 1042/67/711 1008/58/702
f 992/66/749 975/68/712 1026/69/713 1042/67/711
f 1042/67/711 1026/69/713 989/70/714 1029/71/715
f 1008/58/702 1042/67/711 1029/71/715 983/59/703
f 975/68/712 993/72/716 1043/73/717 1026/69/713
f 993/72/716 966/74/718 1002/75/719 1043/73/717
f 1043/73/717 1002/75/719 980/76/720 1027/77/721
f 1026/69/713 1043/73/717 1027/77/721 989/70/714
f 989/70/714 1027/77/721 1044/78/722 1028/79/723
f 1027/77/721 980/76/720 1003/80/724 1044/78/722
f 1044/78/722 1003/80/724 971/12/656 1012/10/654
f 1028/79/723 1044/78/722 1012/10/654 985/5/649
f 983/59/703 1029/71/715 1045/81/725 1009/63/707
f 1029/71/715 989/70/714 1028/79/723 1045/81/725
f 1045/81/725 1028/79/723 985/5/649 1013/2/646
f 1009/63/707 1045/81/725 1013/2/646 973/1/645
f 1054/1/750 1094/2/751 1111/3/752 1087/4/753
f 1094/2/751 1066/5/754 1095/6/755 1111/3/752
f 1111/3/752 1095/6/755 1067/7/756 1098/8/757
f 1087/4/753 1111/3/752 1098/8/757 1063/9/758
f 1066/5/754 1093/10/759 1112/11/760 1095/6/755
f 1093/10/759 1052/12/761 1075/13/762 1112/11/760
f 1112/11/760 1075/13/762 1057/14/763 1096/15/764
f 1095/6/755 1112/11/760 1096/15/764 1067/7/756
f 1067/7/756 1096/15/764 1113/16/765 1097/17/766
f 1096/15/764 1057/14/763 1076/18/767 1113/16/765
f 1113/16/765 1076/18/767 1049/19/768 1085/20/769
f 1097/17/766 1113/16/765 1085/20/769 1062/21/770
f 1063/9/758 1098/8/757 1114/22/771 1088/23/772
f 1098/8/757 1067/7/756 1097/17/766 1114/22/771
f 1114/22/771 1097/17/766 1062/21/770 1086/24/773
f 1088/23/772 1114/22/771 1086/24/773 1053/25/774
f 1050/26/775 1092/27/776 1115/28/777 1080/29/778
f 1092/27/776 1065/30/779 1099/31/780 1115/28/777
f 1115/28/777 1099/31/780 1068/32/781 1102/33/782
f 1080/29/778 1115/28/777 1102/33/782 1059/34/783
f 1065/30/779 1091/35/784 1116/36/785 1099/31/780
f 1091/35/784 1054/1/750 1087/4/753 1116/36/785
f 1116/36/785 1087/4/753 1063/9/758 1100/37/786
f 1099/31/780 1116/36/785 1100/37/786 1068/32/781
f 1068/32/781 1100/37/786 1117/38/787 1101/39/788
f 1100/37/786 1063/9/758 1088/23/772 1117/38/787
f 1117/38/787 1088/23/772 1053/25/774 1077/40/789
f 1101/39/788 1117/38/787 1077/40/789 1058/41/790
f 1059/34/783 1102/33/782 1118/42/791 1079/43/792
f 1102/33/782 1068/32/781 1101/39/788 1118/42/791
f 1118/42/791 1101/39/788 1058/41/790 1078/44/793
f 1079/43/792 1118/42/791 1078/44/793 1048/45/794
f 1046/46/795 1081/47/796 1119/48/797 1072/49/798
f 1081/47/796 1060/50/799 1103/51/800 1119/48/797
f 1119/48/797 1103/51/800 1069/52/801 1106/53/802
f 1072/49/798 1119/48/797 1106/53/802 1055/54/803
f 1060/50/799 1082/55/804 1120/56/805 1103/51/800
f 1082/55/804 1051/57/806 1089/58/807 1120/56/805
f 1120/56/805 1089/58/807 1064/59/808 1104/60/809
f 1103/51/800 1120/56/805 1104/60/809 1069/52/801
f 1069/52/801 1104/60/809 1121/61/810 1105/62/811
f 1104/60/809 1064/59/808 1090/63/812 1121/61/810
f 1121/61/810 1090/63/812 1054/1/750 1091/35/784
f 1105/62/811 1121/61/810 1091/35/784 1065/30/779
f 1055/54/803 1106/53/802 1122/64/813 1071/65/814
f 1106/53/802 1069/52/801 1105/62/811 1122/64/813
f 1122/64/813 1105/62/811 1065/30/779 1092/27/776
f 1071/65/814 1122/64/813 1092/27/776 1050/26/775
f 1051/57/806 1073/66/815 1123/67/816 1089/58/807
f 1073/66/815 1056/68/817 1107/69/818 1123/67/816
f 1123/67/816 1107/69/818 1070/70/819 1110/71/820
f 1089/58/807 1123/67/816 1110/71/820 1064/59/808
f 1056/68/817 1074/72/821 1124/73/822 1107/69/818
f 1074/72/821 1047/74/823 1083/75/824 1124/73/822
f 1124/73/822 1083/75/824 1061/76/825 1108/77/826
f 1107/69/818 1124/73/822 1108/77/826 1070/70/819
f 1070/70/819 1108/77/826 1125/78/827 1109/79/828
f 1108/77/826 1061/76/825 1084/80/829 1125/78/827
f 1125/78/827 1084/80/829 1052/12/761 1093/10/759
f 1109/79/828 1125/78/827 1093/10/759 1066/5/754
f 1064/59/808 1110/71/820 1126/81/830 1090/63/812
f 1110/71/820 1070/70/819 1109/79/828 1126/81/830
f 1126/81/830 1109/79/828 1066/5/754 1094/2/751
f 1090/63/812 1126/81/830 1094/2/751 1054/1/750
f 1135/1/831 1175/2/832 1192/3/833 1168/4/834
f 1175/2/832 1147/5/835 1176/6/836 1192/3/833
f 1192/3/833 1176/6/836 1148/7/837 1179/8/838
f 1168/4/834 1192/3/833 1179/8/838 1144/9/839
f 1147/5/835 1174/10/840 1193/11/841 1176/6/836
f 1174/10/840 1133/12/842 1156/13/843 1193/11/841
f 1193/11/841 1156/13/843 1138/14/844 1177/15/845
f 1176/6/836 1193/11/841 1177/15/845 1148/7/837
f 1148/7/837 1177/15/845 1194/16/846 1178/17/847
f 1177/15/845 1138/14/844 1157/18/848 1194/16/846
f 1194/16/846 1157/18/848 1130/19/849 1166/20/850
f 1178/17/847 1194/16/846 1166/20/850 1143/21/851
f 1144/9/839 1179/8/838 1195/22/852 1169/23/853
f 1179/8/838 1148/7/837 1178/17/847 1195/22/852
f 1195/22/852 1178/17/847 1143/21/851 1167/24/854
f 1169/23/853 1195/22/852 1167/24/854 1134/25/855
f 1131/26/856 1173/27/857 1196/28/858 1161/29/859
f 1173/27/857 1146/30/860 1180/31/861 1196/28/858
f 1196/28/858 1180/31/861 1149/32/862 1183/33/863
f 1161/29/859 1196/28/858 1183/33/863 1140/34/864
f 1146/30/860 1172/35/865 1197/36/866 1180/31/861
f 1172/35/865 1135/1/831 1168/4/834 1197/36/866
f 1197/36/866 1168/4/834 1144/9/839 1181/37/867
f 1180/31/861 1197/36/866 1181/37/867 1149/32/862
f 1149/32/862 1181/37/867 1198/38/868 1182/39/869
f 1181/37/867 1144/9/839 1169/23/853 1198/38/868
f 1198/38/868 1169/23/853 1134/25/855 1158/40/870
f 1182/39/869 1198/38/868 1158/40/870 1139/41/871
f 1140/34/864 1183/33/863 1199/42/872 1160/43/873
f 1183/33/863 1149/32/862 1182/39/869 1199/42/872
f 1199/42/872 1182/39/869 1139/41/871 1159/44/874
f 1160/43/873 1199/42/872 1159/44/874 1129/45/875
f 1127/46/876 1162/47/877 1200/48/878 1153/49/879
f 1162/47/877 1141/50/880 1184/51/881 1200/48/878
f 1200/48/878 1184/51/881 1150/52/882 1187/53/883
f 1153/49/879 1200/48/878 1187/53/883 1136/54/884
f 1141/50/880 1163/55/885 1201/56/886 1184/51/881
f 1163/55/885 1132/57/887 1170/58/888 1201/56/886
f 1201/56/886 1170/58/888 1145/59/889 1185/60/890
f 1184/51/881 1201/56/886 1185/60/890 1150/52/882
f 1150/52/882 1185/60/890 1202/61/891 1186/62/892
f 1185/60/890 1145/59/889 1171/63/893 1202/61/891
f 1202/61/891 1171/63/893 1135/1/831 1172/35/865
f 1186/62/892 1202/61/891 1172/35/865 1146/30/860
f 1136/54/884 1187/53/883 1203/64/894 1152/65/895
f 1187/53/883 1150/52/882 1186/62/892 1203/64/894
f 1203/64/894 1186/62/892 1146/30/860 1173/27/857
f 1152/65/895 1203/64/894 1173/27/857 1131/26/856
f 1132/57/887 1154/66/896 1204/67/897 1170/58/888
f 1154/66/896 1137/68/898 1188/69/899 1204/67/897
f 1204/67/897 1188/69/899 1151/70/900 1191/71/901
f 1170/58/888 1204/67/897 1191/71/901 1145/59/889
f 1137/68/898 1155/72/902 1205/73/903 1188/69/899
f 1155/72/902 1128/74/904 1164/75/905 1205/73/903
f 1205/73/903 1164/75/905 1142/76/906 1189/77/907
f 1188/69/899 1205/73/903 1189/77/907 1151/70/900
f 1151/70/900 1189/77/907 1206/78/908 1190/79/909
f 1189/77/907 1142/76/906 1165/80/910 1206/78/908
f 1206/78/908 1165/80/910 1133/12/842 1174/10/840
f 1190/79/909 1206/78/908 1174/10/840 1147/5/835
f 1145/59/889 1191/71/901 1207/81/911 1171/63/893
f 1191/71/901 1151/70/900 1190/79/909 1207/81/911
f 1207/81/911 1190/79/909 1147/5/835 1175/2/832
f 1171/63/893 1207/81/911 1175/2/832 1135/1/831
f 1216/1/912 1256/2/913 1273/3/914 1249/4/915
f 1256/2/913 1228/5/916 1257/6/917 1273/3/914
f 1273/3/914 1257/6/917 1229/7/918 1260/8/919
f 1249/4/915 1273/3/914 1260/8/919 1225/9/920
f 1228/5/916 1255/10/921 1274/11/922 1257/6/917
f 1255/10/921 1214/12/923 1237/13/924 1274/11/922
f 1274/11/922 1237/13/924 1219/14/925 1258/15/926
f 1257/6/917 1274/11/922 1258/15/926 1229/7/918
f 1229/7/918 1258/15/926 1275/16/927 1259/17/928
f 1258/15/926 1219/14/925 1238/18/929 1275/16/927
f 1275/16/927 1238/18/929 1211/19/930 1247/20/931
f 1259/17/928 1275/16/927 1247/20/931 1224/21/932
f 1225/9/920 1260/8/919 1276/22/933 1250/23/934
f 1260/8/919 1229/7/918 1259/17/928 1276/22/933
f 1276/22/933 1259/17/928 1224/21/932 1248/24/935
f 1250/23/934 1276/22/933 1248/24/935 1215/25/936
f 1212/26/937 1254/27/938 1277/28/939 1242/29/940
f 1254/27/938 1227/30/941 1261/31/942 1277/28/939
f 1277/28/939 1261/31/942 1230/32/943 1264/33/944
f 1242/29/940 1277/28/939 1264/33/944 1221/34/945
f 1227/30/941 1253/35/946 1278/36/947 1261/31/942
f 1253/35/946 1216/1/912 1249/4/915 1278/36/947
f 1278/36/947 1249/4/915 1225/9/920 1262/37/948
f 1261/31/942 1278/36/947 1262/37/948 1230/32/943
f 1230/32/943 1262/37/948 1279/38/949 1263/39/950
f 1262/37/948 1225/9/920 1250/23/934 1279/38/949
f 1279/38/949 1250/23/934 1215/25/936 1239/40/951
f 1263/39/950 1279/38/949 1239/40/951 1220/41/952
f 1221/34/945 1264/33/944 1280/42/953 1241/43/954
f 1264/33/944 1230/32/943 1263/39/950 1280/42/953
f 1280/42/953 1263/39/950 1220/41/952 1240/44/955
f 1241/43/954 1280/42/953 1240/44/955 1210/45/956
f 1208/46/957 1243/47/958 1281/48/959 1234/49/960
f 1243/47/958 1222/50/961 1265/51/962 1281/48/959
f 1281/48/959 1265/51/962 1231/52/963 1268/53/964
f 1234/49/960 1281/48/959 1268/53/964 1217/54/965
f 1222/50/961 1244/55/966 1282/56/967 1265/51/962
f 1244/55/966 1213/57/968 1251/58/969 1282/56/967
f 1282/56/967 1251/58/969 1226/59/970 1266/60/971
f 1265/51/962 1282/56/967 1266/60/971 1231/52/963
f 1231/52/963 1266/60/971 1283/61/972 1267/62/973
f 1266/60/971 1226/59/970 1252/63/974 1283/61/972
f 1283/61/972 1252/63/974 1216/1/912 1253/35/946
f 1267/62/973 1283/61/972 1253/35/946 1227/30/941
f 1217/54/965 1268/53/964 1284/64/975 1233/65/976
f 1268/53/964 1231/52/963 1267/62/973 1284/64/975
f 1284/64/975 1267/62/973 1227/30/941 1254/27/938
f 1233/65/976 1284/64/975 1254/27/938 1212/26/937
f 1213/57/968 1235/66/977 1285/67/978 1251/58/969
f 1235/66/977 1218/68/979 1269/69/980 1285/67/978
f 1285/67/978 1269/69/980 1232/70/981 1272/71/982
f 1251/58/969 1285/67/978 1272/71/982 1226/59/970
f 1218/68/979 1236/72/983 1286/73/984 1269/69/980
f 1236/72/983 1209/74/985 1245/75/986 1286/73/984
f 1286/73/984 1245/75/986 1223/76/987 1270/77/988
f 1269/69/980 1286/73/984 1270/77/988 1232/70/981
f 1232/70/981 1270/77/988 1287/78/989 1271/79/990
f 1270/77/988 1223/76/987 1246/80/991 1287/78/989
f 1287/78/989 1246/80/991 1214/12/923 1255/10/921
f 1271/79/990 1287/78/989 1255/10/921 1228/5/916
f 1226/59/970 1272/71/982 1288/81/992 1252/63/974
f 1272/71/982 1232/70/981 1271/79/990 1288/81/992
f 1288/81/992 1271/79/990 1228/5/916 1256/2/913
f 1252/63/974 1288/81/992 1256/2/913 1216/1/912
f 1297/1/993 1337/2/994 1354/3/995 1330/4/996
f 1337/2/994 1309/5/997 1338/6/998 1354/3/995
f 1354/3/995 1338/6/998 1310/7/999 1341/8/1000
f 1330/4/996 1354/3/995 1341/8/1000 1306/9/1001
f 1309/5/997 1336/10/1002 1355/11/1003 1338/6/998
f 1336/10/1002 1295/12/1004 1318/13/1005 1355/11/1003
f 1355/11/1003 1318/13/1005 1300/14/1006 1339/15/1007
f 1338/6/998 1355/11/1003 1339/15/1007 1310/7/999
f 1310/7/999 1339/15/1007 1356/16/1008 1340/17/1009
f 1339/15/1007 1300/14/1006 1319/18/1010 1356/16/1008
f 1356/16/1008 1319/18/1010 1292/19/1011 1328/20/1012
f 1340/17/1009 1356/16/1008 1328/20/1012 1305/21/1013
f 1306/9/1001 1341/8/1000 1357/22/1014 1331/23/1015
f 1341/8/1000 1310/7/999 1340/17/1009 1357/22/1014
f 1357/22/1014 1340/17/1009 1305/21/1013 1329/24/1016
f 1331/23/1015 1357/22/1014 1329/24/1016 1296/25/1017
f 1293/26/1018 1335/27/1019 1358/28/1020 1323/29/1021
f 1335/27/1019 1308/30/1022 1342/31/1023 1358/28/1020
f 1358/28/1020 1342/31/1023 1311/32/1024 1345/33/1025
f 1323/29/1021 1358/28/1020 1345/33/1025 1302/34/1026
f 1308/30/1022 1334/35/1027 1359/36/1028 1342/31/1023
f 1334/35/1027 1297/1/993 1330/4/996 1359/36/1028
f 1359/36/1028 1330/4/996 1306/9/1001 1343/37/1029
f 1342/31/1023 1359/36/1028 1343/37/1029 1311/32/1024
f 1311/32/1024 1343/37/1029 1360/38/1030 1344/39/1031
f 1343/37/1029 1306/9/1001 1331/23/1015 1360/38/1030
f 1360/38/1030 1331/23/1015 1296/25/1017 1320/40/1032
f 1344/39/1031 1360/38/1030 1320/40/1032 1301/41/1033
f 1302/34/1026 1345/33/1025 1361/42/1034 1322/43/1035
f 1345/33/1025 1311/32/1024 1344/39/1031 1361/42/1034
f 1361/42/1034 1344/39/1031 1301/41/1033 1321/44/1036
f 1322/43/1035 1361/42/1034 1321/44/1036 1291/45/1037
f 1289/46/1038 1324/47/1039 1362/48/1040 1315/49/1041
f 1324/47/1039 1303/50/1042 1346/51/1043 1362/48/1040
f 1362/48/1040 1346/51/1043 1312/52/1044 1349/53/1045
f 1315/49/1041 1362/48/1040 1349/53/1045 1298/54/1046
f 1303/50/1042 1325/55/1047 1363/56/1048 1346/51/1043
f 1325/55/1047 1294/57/1049 1332/58/1050 1363/56/1048
f 1363/56/1048 1332/58/1050 1307/59/1051 1347/60/1052
f 1346/51/1043 1363/56/1048 1347/60/1052 1312/52/1044
f 1312/52/1044 1347/60/1052 1364/61/1053 1348/62/1054
f 1347/60/1052 1307/59/1051 1333/63/1055 1364/61/1053
f 1364/61/1053 1333/63/1055 1297/1/993 1334/35/1027
f 1348/62/1054 1364/61/1053 1334/35/1027 1308/30/1022
f 1298/54/1046 1349/53/1045 1365/64/1056 1314/65/1057
f 1349/53/1045 1312/52/1044 1348/62/1054 1365/64/1056
f 1365/64/1056 1348/62/1054 1308/30/1022 1335/27/1019
f 1314/65/1057 1365/64/1056 1335/27/1019 1293/26/1018
f 1294/57/1049 1316/66/1058 1366/67/1059 1332/58/1050
f 1316/66/1058 1299/68/1060 1350/69/1061 1366/67/1059
f 1366/67/1059 1350/69/1061 1313/70/1062 1353/71/1063
f 1332/58/1050 1366/67/1059 1353/71/1063 1307/59/1051
f 1299/68/1060 1317/72/1064 1367/73/1065 1350/69/1061
f 1317/72/1064 1290/74/1066 1326/75/1067 1367/73/1065
f 1367/73/1065 1326/75/1067 1304/76/1068 1351/77/1069
f 1350/69/1061 1367/73/1065 1351/77/1069 1313/70/1062
f 1313/70/1062 1351/77/1069 1368/78/1070 1352/79/1071
f 1351/77/1069 1304/76/1068 1327/80/1072 1368/78/1070
f 1368/78/1070 1327/80/1072 1295/12/1004 1336/10/1002
f 1352/79/1071 1368/78/1070 1336/10/1002 1309/5/997
f 1307/59/1051 1353/71/1063 1369/81/1073 1333/63/1055
f 1353/71/1063 1313/70/1062 1352/79/1071 1369/81/1073
f 1369/81/1073 1352/79/1071 1309/5/997 1337/2/994
f 1333/63/1055 1369/81/1073 1337/2/994 1297/1/993
usemtl texture.006
f 329/82/325 326/83/326 368/84/327 374/85/328
f 360/86/329 333/87/329 364/88/329
f 379/89/330 373/90/331 360/91/332 364/92/333
f 364/93/333 361/91/334 371/94/335 379/95/330
f 362/96/336 358/97/337 366/98/338 375/99/339
f 372/100/340 327/101/341 332/102/342 380/103/343
f 358/104/329 333/87/329 365/105/329
f 359/97/344 362/106/336 375/107/339 369/108/345
f 359/104/329 363/109/329 333/110/329
f 365/111/346 360/112/332 373/113/331 381/114/347
f 370/115/348 328/116/349 331/117/350 378/118/351
f 361/86/329 333/110/329 363/109/329
f 361/112/334 363/119/352 377/120/353 371/121/335
f 361/86/329 364/88/329 333/87/329
f 381/122/347 366/123/338 358/124/337 365/125/346
f 330/126/354 328/116/349 370/127/348 376/128/355
f 359/104/329 333/110/329 362/129/329
f 365/105/329 333/87/329 360/86/329
f 334/130/356 328/116/349 330/131/354
f 331/117/350 327/101/341 372/100/340 378/118/351
f 368/84/327 326/83/326 330/126/354 376/128/355
f 339/132/357 338/133/358 356/134/359 355/135/360
f 341/136/361 340/137/362 348/138/363 347/139/364
f 326/140/326 329/141/325 336/142/365
f 329/141/325 325/143/366 336/142/365
f 367/144/367 325/145/366 329/82/325 374/85/328
f 337/146/368 336/142/365 325/143/366
f 336/142/369 337/146/370 350/147/371 353/148/372
f 340/133/362 351/149/373 348/138/363
f 335/150/374 327/101/341 331/117/350
f 332/151/342 337/146/368 325/143/366
f 337/130/370 349/152/375 350/147/371
f 341/153/361 347/154/364 344/155/376
f 339/156/357 355/157/360 352/158/377
f 336/142/369 353/148/372 354/148/378
f 349/152/375 337/130/370 335/150/379 346/159/380
f 335/150/379 345/160/381 346/159/380
f 334/146/382 336/142/369 354/148/378 357/161/383
f 332/151/342 327/101/341 337/130/368
f 335/150/374 337/130/368 327/101/341
f 331/117/350 328/116/349 335/150/374
f 334/130/356 335/150/374 328/116/349
f 330/131/354 326/140/326 334/146/356
f 336/142/365 334/146/356 326/140/326
f 338/162/358 343/163/384 356/134/359
f 340/164/362 339/156/357 352/158/377 351/165/373
f 334/146/382 357/161/383 342/166/385
f 338/167/358 341/168/361 344/155/376 343/169/384
f 343/170/386 344/171/387 345/172/388 342/173/389
f 347/174/390 348/175/391 349/176/392 346/177/393
f 351/178/394 352/179/395 353/180/396 350/181/397
f 355/179/398 356/178/399 357/182/400 354/180/401
f 356/183/399 343/184/386 342/173/389 357/182/400
f 344/185/387 347/186/390 346/177/393 345/172/388
f 352/187/395 355/187/398 354/180/401 353/180/396
f 348/188/391 351/189/394 350/181/397 349/176/392
f 345/160/381 335/150/379 334/130/382 342/166/385
f 362/129/329 333/110/329 358/104/329
f 363/190/352 359/124/344 369/123/345 377/191/353
f 367/192/367 374/193/328 375/99/339 366/98/338
f 369/108/345 375/107/339 374/194/328 368/195/327
f 368/196/327 376/197/355 377/191/353 369/123/345
f 371/121/335 377/120/353 376/198/355 370/199/348
f 370/200/348 378/201/351 379/95/330 371/94/335
f 373/90/331 379/89/330 378/202/351 372/203/340
f 372/204/340 380/205/343 381/114/347 373/113/331
f 366/123/338 381/122/347 380/206/343 367/207/367
f 332/102/342 325/145/366 367/144/367 380/103/343
